condition,rxn,p,smiles_am,broken_each_reactant_list,formed_each_product_list,all_bond_changed,inner_broken,inner_formed,outer_broken,outer_formed
c1,Fc1ccccn1.NOP(=O)(c1ccccc1)c1ccccc1>>N[n+]1ccccc1F,N[n+]1ccccc1F,[n:2]1[cH:3][cH:4][cH:5][cH:6][c:7]1[F:8].[NH2:1][O:11][P:10](=[O:9])([c:12]1[cH:13][cH:14][cH:15][cH:16][cH:17]1)[c:18]1[cH:19][cH:20][cH:21][cH:22][cH:23]1>>[NH2:1][n+:2]1[cH:3][cH:4][cH:5][cH:6][c:7]1[F:8],"[None, ['N:1 - O:11']]",[['N:1 - N:2']],[],[],"[(0, '[N:1][n&+:2]1ccccc1', 'N:1 - N:2', 'N', 'SINGLE', 'N')]","[(1, '[#8]=[#15]([#8]-[#7])(c)c', 'N:1 - O:11', 'O', 'SINGLE', 'N', '[#8]=[#15]([#8])([c])[c]', '[#7]')]","[(0, '[#6]1[#6][#6][#7]([#6][#6]1)-[#7]', 'N:1 - N:2', 'N', 'SINGLE', 'N', '[#6]1[#6][#6][#7][#6][#6]1', '[#7]')]"
c1,NOP(=O)(c1ccccc1)c1ccccc1.c1cc2[nH]ccc2cn1>>N[n+]1ccc2[nH]ccc2c1,N[n+]1ccc2[nH]ccc2c1,[NH2:1][O:13][P:12](=[O:11])([c:14]1[cH:15][cH:16][cH:17][cH:18][cH:19]1)[c:20]1[cH:21][cH:22][cH:23][cH:24][cH:25]1.[n:2]1[cH:3][cH:4][c:5]2[nH:6][cH:7][cH:8][c:9]2[cH:10]1>>[NH2:1][n+:2]1[cH:3][cH:4][c:5]2[nH:6][cH:7][cH:8][c:9]2[cH:10]1,"[['N:1 - O:13'], None]",[['N:1 - N:2']],[],[],"[(0, '[N:1][n&+:2]1ccccc1', 'N:1 - N:2', 'N', 'SINGLE', 'N')]","[(0, '[#8]=[#15]([#8]-[#7])(c)c', 'N:1 - O:13', 'O', 'SINGLE', 'N', '[#8]=[#15]([#8])([c])[c]', '[#7]')]","[(0, '[#6]1[#6][#6][#7]([#6][#6]1)-[#7]', 'N:1 - N:2', 'N', 'SINGLE', 'N', '[#6]1[#6][#6][#7][#6][#6]1', '[#7]')]"
c1,NOP(=O)(c1ccccc1)c1ccccc1.c1ccc2[nH]ncc2c1>>Nn1ncc2ccccc21,Nn1ncc2ccccc21,[NH2:1][O:13][P:12](=[O:11])([c:14]1[cH:15][cH:16][cH:17][cH:18][cH:19]1)[c:20]1[cH:21][cH:22][cH:23][cH:24][cH:25]1.[nH:2]1[n:3][cH:4][c:5]2[cH:6][cH:7][cH:8][cH:9][c:10]12>>[NH2:1][n:2]1[n:3][cH:4][c:5]2[cH:6][cH:7][cH:8][cH:9][c:10]12,"[['N:1 - O:13'], ['N:2 - H']]",[['N:1 - N:2']],[],"[(1, 'c12[n:2]ncc1cccc2', 'N:2 - H', 'N', 'SINGLE', 'H', '[c]1([n][n][c]2)[c]2[c][c][c][c]1', '[H]')]","[(0, '[#7;X3&H1&+0,X3&H2&+0,X3&H0&+0:1][#7;X3&H1&+0,X3&H2&+0,X3&H0&+0:2]', 'N:1 - N:2', 'N', 'SINGLE', 'N')]","[(0, '[#8]=[#15]([#8]-[#7])(c)c', 'N:1 - O:13', 'O', 'SINGLE', 'N', '[#8]=[#15]([#8])([c])[c]', '[#7]')]","[(0, '[#6]1[#7]([#7][#6][#6]1)-[#7]', 'N:1 - N:2', 'N', 'SINGLE', 'N', '[#6]1[#7][#7][#6][#6]1', '[#7]')]"
c1,NOP(=O)(c1ccccc1)c1ccccc1.c1c[nH]cn1>>Nn1cc[n+](N)c1,Nn1cc[n+](N)c1,[NH2:7][O:8][P:9]([c:10]1[cH:11][cH:12][cH:13][cH:14][cH:15]1)([c:16]1[cH:17][cH:18][cH:19][cH:20][cH:21]1)=[O:22].[NH2:1][O:23][P:24]([c:25]1[cH:26][cH:27][cH:28][cH:29][cH:30]1)([c:31]1[cH:32][cH:33][cH:34][cH:35][cH:36]1)=[O:37].[n:2]1[cH:3][cH:4][nH:5][cH:6]1>>[NH2:1][n+:2]1[cH:3][cH:4][n:5]([NH2:7])[cH:6]1,"[['N:7 - O:8'], ['N:1 - O:23'], ['N:5 - H']]","[['N:5 - N:7', 'N:1 - N:2']]",[],"[(2, '[#7]1[#6][#7:2][#6][#6]1', 'N:5 - H', 'N', 'SINGLE', 'H', '[#7]1[#6][#7][#6][#6]1', '[H]')]","[(0, '[#7;X3&H1&+0,X3&H2&+0,X3&H0&+0:1][#7;X3&H1&+0,X3&H2&+0,X3&H0&+0:2]', 'N:5 - N:7', 'N', 'SINGLE', 'N')]","[(0, '[#8]=[#15]([#8]-[#7])(c)c', 'N:7 - O:8', 'O', 'SINGLE', 'N', '[#8]=[#15]([#8])([c])[c]', '[#7]'), (1, '[#8]=[#15]([#8]-[#7])(c)c', 'N:1 - O:23', 'O', 'SINGLE', 'N', '[#8]=[#15]([#8])([c])[c]', '[#7]')]","[(0, '[#7]1([#6][#7][#6][#6]1)-[#7]', 'N:5 - N:7', 'N', 'SINGLE', 'N', '[#7]1[#6][#7][#6][#6]1', '[#7]'), (0, '[#7]1([#6][#7][#6][#6]1)-[#7]', 'N:1 - N:2', 'N', 'SINGLE', 'N', '[#7]1[#6][#7][#6][#6]1', '[#7]')]"
c1,NOP(=O)(c1ccccc1)c1ccccc1.c1cnc2cc[nH]c2c1>>N[n+]1cccc2[nH]ccc21,N[n+]1cccc2[nH]ccc21,[NH2:1][O:13][P:12](=[O:11])([c:14]1[cH:15][cH:16][cH:17][cH:18][cH:19]1)[c:20]1[cH:21][cH:22][cH:23][cH:24][cH:25]1.[n:2]1[cH:3][cH:4][cH:5][c:6]2[nH:7][cH:8][cH:9][c:10]12>>[NH2:1][n+:2]1[cH:3][cH:4][cH:5][c:6]2[nH:7][cH:8][cH:9][c:10]12,"[['N:1 - O:13'], None]",[['N:1 - N:2']],[],[],"[(0, '[N:1][n&+:2]1ccccc1', 'N:1 - N:2', 'N', 'SINGLE', 'N')]","[(0, '[#8]=[#15]([#8]-[#7])(c)c', 'N:1 - O:13', 'O', 'SINGLE', 'N', '[#8]=[#15]([#8])([c])[c]', '[#7]')]","[(0, '[#6]1[#6][#6][#7]([#6][#6]1)-[#7]', 'N:1 - N:2', 'N', 'SINGLE', 'N', '[#6]1[#6][#6][#7][#6][#6]1', '[#7]')]"
c1,Cc1c[nH]cn1.NOP(=O)(c1ccccc1)c1ccccc1>>Cc1cn(N)c[n+]1N,Cc1cn(N)c[n+]1N,[CH3:1][c:2]1[cH:3][nH:4][cH:5][n:6]1.[NH2:8][O:9][P:10]([c:11]1[cH:12][cH:13][cH:14][cH:15][cH:16]1)([c:17]1[cH:18][cH:19][cH:20][cH:21][cH:22]1)=[O:23].[NH2:7][O:24][P:25]([c:26]1[cH:27][cH:28][cH:29][cH:30][cH:31]1)([c:32]1[cH:33][cH:34][cH:35][cH:36][cH:37]1)=[O:38]>>[CH3:1][c:2]1[cH:3][n:4]([NH2:8])[cH:5][n+:6]1[NH2:7],"[['N:4 - H'], ['N:8 - O:9'], ['N:7 - O:24']]","[['N:6 - N:7', 'N:4 - N:8']]",[],"[(0, '[#7:2]1[#6][#7][#6][#6]1', 'N:4 - H', 'N', 'SINGLE', 'H', '[#7]1[#6][#7][#6][#6]1', '[H]')]","[(0, '[#7;X3&H1&+0,X3&H2&+0,X3&H0&+0:1][#7;X3&H1&+0,X3&H2&+0,X3&H0&+0:2]', 'N:4 - N:8', 'N', 'SINGLE', 'N')]","[(1, '[#8]=[#15]([#8]-[#7])(c)c', 'N:8 - O:9', 'O', 'SINGLE', 'N', '[#8]=[#15]([#8])([c])[c]', '[#7]'), (2, '[#8]=[#15]([#8]-[#7])(c)c', 'N:7 - O:24', 'O', 'SINGLE', 'N', '[#8]=[#15]([#8])([c])[c]', '[#7]')]","[(0, '[#7]1([#6][#7][#6][#6]1)-[#7]', 'N:6 - N:7', 'N', 'SINGLE', 'N', '[#7]1[#6][#7][#6][#6]1', '[#7]'), (0, '[#7]1([#6][#7][#6][#6]1)-[#7]', 'N:4 - N:8', 'N', 'SINGLE', 'N', '[#7]1[#6][#7][#6][#6]1', '[#7]')]"
c1,NOP(=O)(c1ccccc1)c1ccccc1.c1ccc2[nH]cnc2c1>>Nn1c[n+](N)c2ccccc21,Nn1c[n+](N)c2ccccc21,[NH2:11][O:12][P:13]([c:14]1[cH:15][cH:16][cH:17][cH:18][cH:19]1)([c:20]1[cH:21][cH:22][cH:23][cH:24][cH:25]1)=[O:26].[NH2:2][O:27][P:28]([c:29]1[cH:30][cH:31][cH:32][cH:33][cH:34]1)([c:35]1[cH:36][cH:37][cH:38][cH:39][cH:40]1)=[O:41].[n:1]1[cH:3][nH:4][c:5]2[c:6]1[cH:7][cH:8][cH:9][cH:10]2>>[n+:1]1([NH2:2])[cH:3][n:4]([NH2:11])[c:5]2[c:6]1[cH:7][cH:8][cH:9][cH:10]2,"[['N:11 - O:12'], ['N:2 - O:27'], ['N:4 - H']]","[['N:4 - N:11', 'N:1 - N:2']]",[],"[(2, 'c12[n:2]cnc1cccc2', 'N:4 - H', 'N', 'SINGLE', 'H', '[c]1([n][c][n]2)[c]2[c][c][c][c]1', '[H]')]","[(0, '[#7;X3&H1&+0,X3&H2&+0,X3&H0&+0:1][#7;X3&H1&+0,X3&H2&+0,X3&H0&+0:2]', 'N:4 - N:11', 'N', 'SINGLE', 'N')]","[(0, '[#8]=[#15]([#8]-[#7])(c)c', 'N:11 - O:12', 'O', 'SINGLE', 'N', '[#8]=[#15]([#8])([c])[c]', '[#7]'), (1, '[#8]=[#15]([#8]-[#7])(c)c', 'N:2 - O:27', 'O', 'SINGLE', 'N', '[#8]=[#15]([#8])([c])[c]', '[#7]')]","[(0, '[#7]1([#6][#7][#6][#6]1)-[#7]', 'N:4 - N:11', 'N', 'SINGLE', 'N', '[#7]1[#6][#7][#6][#6]1', '[#7]'), (0, '[#7]1([#6][#7][#6][#6]1)-[#7]', 'N:1 - N:2', 'N', 'SINGLE', 'N', '[#7]1[#6][#7][#6][#6]1', '[#7]')]"
c1,NOP(=O)(c1ccccc1)c1ccccc1.O=C1CSC(=O)N1>>NN1C(=O)CSC1=O,NN1C(=O)CSC1=O,[NH2:1][O:11][P:10](=[O:9])([c:12]1[cH:13][cH:14][cH:15][cH:16][cH:17]1)[c:18]1[cH:19][cH:20][cH:21][cH:22][cH:23]1.[NH:2]1[C:3](=[O:4])[CH2:5][S:6][C:7]1=[O:8]>>[NH2:1][N:2]1[C:3](=[O:4])[CH2:5][S:6][C:7]1=[O:8],"[['N:1 - O:11'], ['N:2 - H']]",[['N:1 - N:2']],[],"[(1, '[#7&H1:2]1[#6](=[#8])[#16][#6][#6]1=[#8]', 'N:2 - H', 'N', 'SINGLE', 'H', '[#7;H1]1[#6](=[#8])[#16][#6][#6]1=[#8]', '[H]')]","[(0, '[#6&X3](=[#8])[#7;H1,H0:1][#7;X3&H1&+0,X3&H2&+0,X3&H0&+0:2]', 'N:1 - N:2', 'N', 'SINGLE', 'N')]","[(0, '[#8]=[#15]([#8]-[#7])(c)c', 'N:1 - O:11', 'O', 'SINGLE', 'N', '[#8]=[#15]([#8])([c])[c]', '[#7]')]","[(0, '[#7]1([#6](=[#8])[#16][#6][#6]1=[#8])-[#7]', 'N:1 - N:2', 'N', 'SINGLE', 'N', '[#7]1[#6](=[#8])[#16][#6][#6]1=[#8]', '[#7]')]"
c1,NOP(=O)(c1ccccc1)c1ccccc1.c1ccc2ncncc2c1>>N[n+]1cncc2ccccc21,N[n+]1cncc2ccccc21,[NH2:1][O:14][P:13](=[O:12])([c:15]1[cH:16][cH:17][cH:18][cH:19][cH:20]1)[c:21]1[cH:22][cH:23][cH:24][cH:25][cH:26]1.[n:2]1[cH:3][n:4][cH:5][c:6]2[cH:7][cH:8][cH:9][cH:10][c:11]12>>[NH2:1][n+:2]1[cH:3][n:4][cH:5][c:6]2[cH:7][cH:8][cH:9][cH:10][c:11]12,"[['N:1 - O:14'], None]",[['N:1 - N:2']],[],[],[],"[(0, '[#8]=[#15]([#8]-[#7])(c)c', 'N:1 - O:14', 'O', 'SINGLE', 'N', '[#8]=[#15]([#8])([c])[c]', '[#7]')]","[(0, '[#7]-[#7]', 'N:1 - N:2', 'N', 'SINGLE', 'N', '[#7]', '[#7]')]"
c1,CN1CCCc2ccccc21.NOP(=O)(c1ccccc1)c1ccccc1>>CN1CCCc2cccc(N)c21,CN1CCCc2cccc(N)c21,[CH3:1][N:2]1[CH2:3][CH2:4][CH2:5][c:6]2[cH:7][cH:8][cH:9][cH:10][c:12]21.[NH2:11][O:15][P:14](=[O:13])([c:16]1[cH:17][cH:18][cH:19][cH:20][cH:21]1)[c:22]1[cH:23][cH:24][cH:25][cH:26][cH:27]1>>[CH3:1][N:2]1[CH2:3][CH2:4][CH2:5][c:6]2[cH:7][cH:8][cH:9][c:10]([NH2:11])[c:12]21,"[['C:10 - H'], ['N:11 - O:15']]",[['C:10 - N:11']],[],"[(0, '[#6]12[#6][#6][#6][#7][#6]1[#6:2][#6][#6][#6]2', 'C:10 - H', 'C', 'SINGLE', 'H', '[#6]1([#6][#6][#6][#7]2)[#6]2[#6][#6][#6][#6]1', '[H]')]","[(0, '[#7&X3&H2:1][#6:2]', 'C:10 - N:11', 'C', 'SINGLE', 'N')]","[(1, '[#8]=[#15]([#8]-[#7])(c)c', 'N:11 - O:15', 'O', 'SINGLE', 'N', '[#8]=[#15]([#8])([c])[c]', '[#7]')]","[(0, '[#6]12[#6][#6][#6][#7][#6]1[#6]([#6][#6][#6]2)-[#7]', 'C:10 - N:11', 'C', 'SINGLE', 'N', '[#6]1([#6][#6][#6][#7]2)[#6]2[#6][#6][#6][#6]1', '[#7]')]"
c1,C[PH](C)=O.NOP(=O)(c1ccccc1)c1ccccc1>>CP(C)(N)=O,CP(C)(N)=O,[CH3:1][PH:2]([CH3:3])=[O:5].[NH2:4][O:8][P:7](=[O:6])([c:9]1[cH:10][cH:11][cH:12][cH:13][cH:14]1)[c:15]1[cH:16][cH:17][cH:18][cH:19][cH:20]1>>[CH3:1][P:2]([CH3:3])([NH2:4])=[O:5],"[['P:2 - H'], ['N:4 - O:8']]",[['N:4 - P:2']],[],"[(0, '[#8]=[#15:2]([#6])[#6]', 'P:2 - H', 'P', 'SINGLE', 'H', '[#8]=[#15]([#6])[#6]', '[H]')]","[(0, '[#8]=[#15:1]([#7:2])([#6])[#6]', 'N:4 - P:2', 'N', 'SINGLE', 'P')]","[(1, '[#8]=[#15]([#8]-[#7])(c)c', 'N:4 - O:8', 'O', 'SINGLE', 'N', '[#8]=[#15]([#8])([c])[c]', '[#7]')]","[(0, '[#8]=[#15]([#6])([#6])-[#7]', 'N:4 - P:2', 'P', 'SINGLE', 'N', '[#8]=[#15]([#6])[#6]', '[#7]')]"
c1,Cn1cnc2ccccc21.NOP(=O)(c1ccccc1)c1ccccc1>>Cn1c[n+](N)c2ccccc21,Cn1c[n+](N)c2ccccc21,[CH3:1][n:2]1[cH:3][n:4][c:6]2[cH:7][cH:8][cH:9][cH:10][c:11]12.[NH2:5][O:14][P:13](=[O:12])([c:15]1[cH:16][cH:17][cH:18][cH:19][cH:20]1)[c:21]1[cH:22][cH:23][cH:24][cH:25][cH:26]1>>[CH3:1][n:2]1[cH:3][n+:4]([NH2:5])[c:6]2[cH:7][cH:8][cH:9][cH:10][c:11]12,"[None, ['N:5 - O:14']]",[['N:4 - N:5']],[],[],[],"[(1, '[#8]=[#15]([#8]-[#7])(c)c', 'N:5 - O:14', 'O', 'SINGLE', 'N', '[#8]=[#15]([#8])([c])[c]', '[#7]')]","[(0, '[#7]1([#6][#7][#6][#6]1)-[#7]', 'N:4 - N:5', 'N', 'SINGLE', 'N', '[#7]1[#6][#7][#6][#6]1', '[#7]')]"
c1,NOP(=O)(c1ccccc1)c1ccccc1.c1ccc(-c2ccncc2)cc1>>N[n+]1ccc(-c2ccccc2)cc1,N[n+]1ccc(-c2ccccc2)cc1,[NH2:1][O:16][P:15](=[O:14])([c:17]1[cH:18][cH:19][cH:20][cH:21][cH:22]1)[c:23]1[cH:24][cH:25][cH:26][cH:27][cH:28]1.[n:2]1[cH:3][cH:4][c:5](-[c:6]2[cH:7][cH:8][cH:9][cH:10][cH:11]2)[cH:12][cH:13]1>>[NH2:1][n+:2]1[cH:3][cH:4][c:5](-[c:6]2[cH:7][cH:8][cH:9][cH:10][cH:11]2)[cH:12][cH:13]1,"[['N:1 - O:16'], None]",[['N:1 - N:2']],[],[],"[(0, '[N:1][n&+:2]1ccccc1', 'N:1 - N:2', 'N', 'SINGLE', 'N')]","[(0, '[#8]=[#15]([#8]-[#7])(c)c', 'N:1 - O:16', 'O', 'SINGLE', 'N', '[#8]=[#15]([#8])([c])[c]', '[#7]')]","[(0, '[#6]1[#6][#6][#7]([#6][#6]1)-[#7]', 'N:1 - N:2', 'N', 'SINGLE', 'N', '[#6]1[#6][#6][#7][#6][#6]1', '[#7]')]"
c1,C(=Nc1ccccc1)Nc1ccccc1.NOP(=O)(c1ccccc1)c1ccccc1>>NN(C=Nc1ccccc1)c1ccccc1,NN(C=Nc1ccccc1)c1ccccc1,[NH:2]([CH:3]=[N:4][c:5]1[cH:6][cH:7][cH:8][cH:9][cH:10]1)[c:11]1[cH:12][cH:13][cH:14][cH:15][cH:16]1.[NH2:1][O:19][P:18](=[O:17])([c:20]1[cH:21][cH:22][cH:23][cH:24][cH:25]1)[c:26]1[cH:27][cH:28][cH:29][cH:30][cH:31]1>>[NH2:1][N:2]([CH:3]=[N:4][c:5]1[cH:6][cH:7][cH:8][cH:9][cH:10]1)[c:11]1[cH:12][cH:13][cH:14][cH:15][cH:16]1,"[['N:2 - H'], ['N:1 - O:19']]",[['N:1 - N:2']],[],"[(0, 'c1ccccc1[#7&!a;X4&H1&+,X4&H2&+,X4&H3&+,X3&H1&+0,X3&H0&+0,X3&H2&+0;!$([#7][!#6]):2]', 'N:2 - H', 'N', 'SINGLE', 'H', '[c]1[c][c][c][c][c]1[#7;!a;X4H+,X4H2+,X4H3+,X3H+0,X3H0+0,X3H2+0;!$([#7][!#6])]', '[H]')]","[(0, '[#7;X3&H1&+0,X3&H2&+0,X3&H0&+0:1][#7;X3&H1&+0,X3&H2&+0,X3&H0&+0:2]', 'N:1 - N:2', 'N', 'SINGLE', 'N')]","[(1, '[#8]=[#15]([#8]-[#7])(c)c', 'N:1 - O:19', 'O', 'SINGLE', 'N', '[#8]=[#15]([#8])([c])[c]', '[#7]')]","[(0, '[#7]-[#7]', 'N:1 - N:2', 'N', 'SINGLE', 'N', '[#7]', '[#7]')]"
c1,CCS(=O)CC.NOP(=O)(c1ccccc1)c1ccccc1>>CCS(=N)(=O)CC,CCS(=N)(=O)CC,[CH3:1][CH2:2][S:3](=[O:5])[CH2:6][CH3:7].[NH2:4][O:10][P:9](=[O:8])([c:11]1[cH:12][cH:13][cH:14][cH:15][cH:16]1)[c:17]1[cH:18][cH:19][cH:20][cH:21][cH:22]1>>[CH3:1][CH2:2][S:3](=[NH:4])(=[O:5])[CH2:6][CH3:7],"[None, ['N:4 - O:10', 'N:4 - H']]",[['N:4 = S:3']],[],"[(1, '[#7:2]', 'N:4 - H', 'N', 'SINGLE', 'H', '[#7]', '[H]')]","[(0, '[#7:1]=[#16:2]([#6])[#6]', 'N:4 = S:3', 'N', 'DOUBLE', 'S')]","[(1, '[#8]=[#15]([#8]-[#7])(c)c', 'N:4 - O:10', 'O', 'SINGLE', 'N', '[#8]=[#15]([#8])([c])[c]', '[#7]')]","[(0, '[#7]=[#16]', 'N:4 = S:3', 'N', 'DOUBLE', 'S', '[#7]', '[#16]')]"
c1,Cc1cc2ccccc2s1.NOP(=O)(c1ccccc1)c1ccccc1>>CC1=Cc2ccccc2S1=O,CC1=Cc2ccccc2S1=O,[H][O:11][H].[CH3:1][c:2]([cH:3]1)[s:10][c:9]2[c:4]1[cH:5][cH:6][cH:7][cH:8]2.NOP(c3ccccc3)(c4ccccc4)=O>>[CH3:1][C:2]5=[CH:3][c:4]6[c:9]([S:10]5=[O:11])[cH:8][cH:7][cH:6][cH:5]6,"[None, ['N:12 - O:11', 'O:11 - P:13']]",[['O:11 = S:10']],"['C:3 aromatic C:4 -> C:3 - C:4', 'C:9 aromatic S:10 -> C:9 - S:10', 'C:2 aromatic S:10 -> C:2 - S:10', 'C:2 aromatic C:3 -> C:2 = C:3']",[],"[(0, '[#16&X3:1]=[#8:2]', 'O:11 = S:10', 'O', 'DOUBLE', 'S')]",[],"[(0, '[#6]1[#6]=[#6][#16]([#6]1)=[#8]', 'O:11 = S:10', 'S', 'DOUBLE', 'O', '[#6]1[#6]=[#6][#16][#6]1', '[#8]')]"
c1,NOP(=O)(c1ccccc1)c1ccccc1.c1ccc(-c2ncc[nH]2)cc1>>Nn1ccnc1-c1ccccc1,Nn1ccnc1-c1ccccc1,[NH2:1][O:15][P:14](=[O:13])([c:16]1[cH:17][cH:18][cH:19][cH:20][cH:21]1)[c:22]1[cH:23][cH:24][cH:25][cH:26][cH:27]1.[nH:2]1[cH:3][cH:4][n:5][c:6]1-[c:7]1[cH:8][cH:9][cH:10][cH:11][cH:12]1>>[NH2:1][n:2]1[cH:3][cH:4][n:5][c:6]1-[c:7]1[cH:8][cH:9][cH:10][cH:11][cH:12]1,"[['N:1 - O:15'], ['N:2 - H']]",[['N:1 - N:2']],[],"[(1, '[#7:2]1[#6][#7][#6][#6]1', 'N:2 - H', 'N', 'SINGLE', 'H', '[#7]1[#6][#7][#6][#6]1', '[H]')]","[(0, '[#7;X3&H1&+0,X3&H2&+0,X3&H0&+0:1][#7;X3&H1&+0,X3&H2&+0,X3&H0&+0:2]', 'N:1 - N:2', 'N', 'SINGLE', 'N')]","[(0, '[#8]=[#15]([#8]-[#7])(c)c', 'N:1 - O:15', 'O', 'SINGLE', 'N', '[#8]=[#15]([#8])([c])[c]', '[#7]')]","[(0, '[#7]1([#6][#7][#6][#6]1)-[#7]', 'N:1 - N:2', 'N', 'SINGLE', 'N', '[#7]1[#6][#7][#6][#6]1', '[#7]')]"
c1,NOP(=O)(c1ccccc1)c1ccccc1.c1ccc2c(c1)NCCS2>>N=S1CCNc2ccccc21,N=S1CCNc2ccccc21,[NH2:1][O:14][P:13](=[O:12])([c:15]1[cH:16][cH:17][cH:18][cH:19][cH:20]1)[c:21]1[cH:22][cH:23][cH:24][cH:25][cH:26]1.[S:2]1[CH2:3][CH2:4][NH:5][c:6]2[cH:7][cH:8][cH:9][cH:10][c:11]21>>[NH:1]=[S:2]1[CH2:3][CH2:4][NH:5][c:6]2[cH:7][cH:8][cH:9][cH:10][c:11]21,"[['N:1 - O:14', 'N:1 - H'], None]",[['N:1 = S:2']],[],"[(0, '[#7:2]', 'N:1 - H', 'N', 'SINGLE', 'H', '[#7]', '[H]')]","[(0, '[#7:1]=[#16:2]([#6])[#6]', 'N:1 = S:2', 'N', 'DOUBLE', 'S')]","[(0, '[#8]=[#15]([#8]-[#7])(c)c', 'N:1 - O:14', 'O', 'SINGLE', 'N', '[#8]=[#15]([#8])([c])[c]', '[#7]')]","[(0, '[#7]1[#6][#6][#16]([#6][#6]1)=[#7]', 'N:1 = S:2', 'S', 'DOUBLE', 'N', '[#7]1[#6][#6][#16][#6][#6]1', '[#7]')]"
c1,NOP(=O)(c1ccccc1)c1ccccc1.c1ccc2c(c1)NCCS2>>O=S1CCNc2ccccc21,O=S1CCNc2ccccc21,[H][O:1][H].NOP(c1ccccc1)(c2ccccc2)=O.[c:6]34[c:11]([S:2][CH2:3][CH2:4][NH:5]4)[cH:10][cH:9][cH:8][cH:7]3>>[O:1]=[S:2]5[CH2:3][CH2:4][NH:5][c:6]6[c:11]5[cH:10][cH:9][cH:8][cH:7]6,"[['N:12 - O:1', 'O:1 - P:13'], None]",[['O:1 = S:2']],[],[],"[(0, '[#16&X3:1]=[#8:2]', 'O:1 = S:2', 'O', 'DOUBLE', 'S')]",[],"[(0, '[#7]1[#6][#6][#16]([#6][#6]1)=[#8]', 'O:1 = S:2', 'S', 'DOUBLE', 'O', '[#7]1[#6][#6][#16][#6][#6]1', '[#8]')]"
c1,CN1CCCc2ccc([N+](=O)[O-])cc21.NOP(=O)(c1ccccc1)c1ccccc1>>CN1CCCc2ccc([N+](=O)[O-])c(N)c21,CN1CCCc2ccc([N+](=O)[O-])c(N)c21,[CH3:1][N:2]1[CH2:3][CH2:4][CH2:5][c:6]2[cH:7][cH:8][c:9]([N+:10](=[O:11])[O-:12])[cH:13][c:15]21.[NH2:14][O:18][P:17](=[O:16])([c:19]1[cH:20][cH:21][cH:22][cH:23][cH:24]1)[c:25]1[cH:26][cH:27][cH:28][cH:29][cH:30]1>>[CH3:1][N:2]1[CH2:3][CH2:4][CH2:5][c:6]2[cH:7][cH:8][c:9]([N+:10](=[O:11])[O-:12])[c:13]([NH2:14])[c:15]21,"[['C:13 - H'], ['N:14 - O:18']]",[['C:13 - N:14']],[],"[(0, '[#6]12[#6][#6][#6][#7][#6]1[#6:2][#6][#6][#6]2', 'C:13 - H', 'C', 'SINGLE', 'H', '[#6]1([#6][#6][#6][#7]2)[#6]2[#6][#6][#6][#6]1', '[H]')]","[(0, '[#7&X3&H2:1][#6:2]', 'C:13 - N:14', 'C', 'SINGLE', 'N')]","[(1, '[#8]=[#15]([#8]-[#7])(c)c', 'N:14 - O:18', 'O', 'SINGLE', 'N', '[#8]=[#15]([#8])([c])[c]', '[#7]')]","[(0, '[#6]12[#6][#6][#6][#7][#6]1[#6]([#6][#6][#6]2)-[#7]', 'C:13 - N:14', 'C', 'SINGLE', 'N', '[#6]1([#6][#6][#6][#7]2)[#6]2[#6][#6][#6][#6]1', '[#7]')]"
c1,C1=NCCc2ccccc21.NOP(=O)(c1ccccc1)c1ccccc1>>c1ccc2c(c1)CCN1N=C3c4ccccc4CCN3N=C21,c1ccc2c(c1)CCN1N=C3c4ccccc4CCN3N=C21,[NH2:11][O:23][P:24]([c:25]1[cH:26][cH:27][cH:28][cH:29][cH:30]1)([c:31]1[cH:32][cH:33][cH:34][cH:35][cH:36]1)=[O:37].[NH2:21][O:38][P:39]([c:40]1[cH:41][cH:42][cH:43][cH:44][cH:45]1)([c:46]1[cH:47][cH:48][cH:49][cH:50][cH:51]1)=[O:52].[cH:1]1[cH:2][cH:3][c:4]2[c:5]([cH:6]1)[CH2:7][CH2:8][N:9]=[CH:10]2.[cH:12]1[cH:13][cH:14][c:15]2[c:16]([cH:17]1)[CH2:18][CH2:19][N:20]=[CH:22]2>>[cH:1]1[cH:2][cH:3][c:4]2[c:5]([cH:6]1)[CH2:7][CH2:8][N:9]1[C:10]2=[N:11][N:20]2[CH2:19][CH2:18][c:16]3[c:15]([cH:14][cH:13][cH:12][cH:17]3)[C:22]2=[N:21]1,"[['N:11 - H', 'N:11 - O:23'], ['N:21 - O:38', 'N:21 - H'], ['C:10 - H'], ['C:22 - H']]","[['C:10 = N:11', 'C:22 = N:21', 'N:9 - N:21', 'N:11 - N:20']]","['C:10 = N:9 -> C:10 - N:9', 'C:22 = N:20 -> C:22 - N:20']","[(0, '[#7:2]', 'N:11 - H', 'N', 'SINGLE', 'H', '[#7]', '[H]'), (1, '[#7:2]', 'N:21 - H', 'N', 'SINGLE', 'H', '[#7]', '[H]'), (2, '[#7]1=[#6:2][#6][#6][#6][#6]1', 'C:10 - H', 'C', 'SINGLE', 'H', '[#7]1=[#6][#6][#6][#6][#6]1', '[H]'), (3, '[#7]1=[#6:2][#6][#6][#6][#6]1', 'C:22 - H', 'C', 'SINGLE', 'H', '[#7]1=[#6][#6][#6][#6][#6]1', '[H]')]","[(0, '[#7][#7&X2:1]=[#6&X3:2]', 'C:10 = N:11', 'C', 'DOUBLE', 'N'), (0, '[#7][#7&X2:1]=[#6&X3:2]', 'C:22 = N:21', 'C', 'DOUBLE', 'N'), (0, '[#7:1][#7&X2:2]=[#6&X3]', 'N:9 - N:21', 'N', 'SINGLE', 'N'), (0, '[#7:1][#7&X2:2]=[#6&X3]', 'N:11 - N:20', 'N', 'SINGLE', 'N')]","[(0, '[#8]=[#15]([#8]-[#7])(c)c', 'N:11 - O:23', 'O', 'SINGLE', 'N', '[#8]=[#15]([#8])([c])[c]', '[#7]'), (1, '[#8]=[#15]([#8]-[#7])(c)c', 'N:21 - O:38', 'O', 'SINGLE', 'N', '[#8]=[#15]([#8])([c])[c]', '[#7]')]","[(0, '[#6]12[#6][#6][#7][#6]([#6]1[#6][#6][#6][#6]2)=[#7]', 'C:10 = N:11', 'C', 'DOUBLE', 'N', '[#6]1([#6][#6][#7][#6]2)[#6]2[#6][#6][#6][#6]1', '[#7]'), (0, '[#6]12[#6][#6][#7][#6]([#6]1[#6][#6][#6][#6]2)=[#7]', 'C:22 = N:21', 'C', 'DOUBLE', 'N', '[#6]1([#6][#6][#7][#6]2)[#6]2[#6][#6][#6][#6]1', '[#7]'), (0, '[#6]12[#6][#6][#7]([#6][#6]1[#6][#6][#6][#6]2)-[#7]', 'N:9 - N:21', 'N', 'SINGLE', 'N', '[#6]1([#6][#6][#7][#6]2)[#6]2[#6][#6][#6][#6]1', '[#7]'), (0, '[#6]12[#6][#6][#7]([#6][#6]1[#6][#6][#6][#6]2)-[#7]', 'N:11 - N:20', 'N', 'SINGLE', 'N', '[#6]1([#6][#6][#7][#6]2)[#6]2[#6][#6][#6][#6]1', '[#7]')]"
c1,NOP(=O)(c1ccccc1)c1ccccc1.c1cnc2[nH]ccc2c1>>N[n+]1cccc2cc[nH]c21,N[n+]1cccc2cc[nH]c21,[NH2:1][O:13][P:12](=[O:11])([c:14]1[cH:15][cH:16][cH:17][cH:18][cH:19]1)[c:20]1[cH:21][cH:22][cH:23][cH:24][cH:25]1.[n:2]1[cH:3][cH:4][cH:5][c:6]2[cH:7][cH:8][nH:9][c:10]12>>[NH2:1][n+:2]1[cH:3][cH:4][cH:5][c:6]2[cH:7][cH:8][nH:9][c:10]12,"[['N:1 - O:13'], None]",[['N:1 - N:2']],[],[],"[(0, '[N:1][n&+:2]1ccccc1', 'N:1 - N:2', 'N', 'SINGLE', 'N')]","[(0, '[#8]=[#15]([#8]-[#7])(c)c', 'N:1 - O:13', 'O', 'SINGLE', 'N', '[#8]=[#15]([#8])([c])[c]', '[#7]')]","[(0, '[#6]1[#6][#6][#7]([#6][#6]1)-[#7]', 'N:1 - N:2', 'N', 'SINGLE', 'N', '[#6]1[#6][#6][#7][#6][#6]1', '[#7]')]"
c1,NOP(=O)(c1ccccc1)c1ccccc1.c1ccc(Cn2ccnc2)cc1>>N[n+]1ccn(Cc2ccccc2)c1,N[n+]1ccn(Cc2ccccc2)c1,[NH2:1][O:16][P:15](=[O:14])([c:17]1[cH:18][cH:19][cH:20][cH:21][cH:22]1)[c:23]1[cH:24][cH:25][cH:26][cH:27][cH:28]1.[n:2]1[cH:3][cH:4][n:5]([CH2:6][c:7]2[cH:8][cH:9][cH:10][cH:11][cH:12]2)[cH:13]1>>[NH2:1][n+:2]1[cH:3][cH:4][n:5]([CH2:6][c:7]2[cH:8][cH:9][cH:10][cH:11][cH:12]2)[cH:13]1,"[['N:1 - O:16'], None]",[['N:1 - N:2']],[],[],[],"[(0, '[#8]=[#15]([#8]-[#7])(c)c', 'N:1 - O:16', 'O', 'SINGLE', 'N', '[#8]=[#15]([#8])([c])[c]', '[#7]')]","[(0, '[#7]1([#6][#7][#6][#6]1)-[#7]', 'N:1 - N:2', 'N', 'SINGLE', 'N', '[#7]1[#6][#7][#6][#6]1', '[#7]')]"
c1,NOP(=O)(c1ccccc1)c1ccccc1.c1cc(N2CCCCC2)ccn1>>N[n+]1ccc(N2CCCCC2)cc1,N[n+]1ccc(N2CCCCC2)cc1,[NH2:1][O:16][P:15](=[O:14])([c:17]1[cH:18][cH:19][cH:20][cH:21][cH:22]1)[c:23]1[cH:24][cH:25][cH:26][cH:27][cH:28]1.[n:2]1[cH:3][cH:4][c:5]([N:6]2[CH2:7][CH2:8][CH2:9][CH2:10][CH2:11]2)[cH:12][cH:13]1>>[NH2:1][n+:2]1[cH:3][cH:4][c:5]([N:6]2[CH2:7][CH2:8][CH2:9][CH2:10][CH2:11]2)[cH:12][cH:13]1,"[['N:1 - O:16'], None]",[['N:1 - N:2']],[],[],"[(0, '[N:1][n&+:2]1ccccc1', 'N:1 - N:2', 'N', 'SINGLE', 'N')]","[(0, '[#8]=[#15]([#8]-[#7])(c)c', 'N:1 - O:16', 'O', 'SINGLE', 'N', '[#8]=[#15]([#8])([c])[c]', '[#7]')]","[(0, '[#6]1[#6][#6][#7]([#6][#6]1)-[#7]', 'N:1 - N:2', 'N', 'SINGLE', 'N', '[#6]1[#6][#6][#7][#6][#6]1', '[#7]')]"
c1,CC(=O)/C=C/c1cccs1.NOP(=O)(c1ccccc1)c1ccccc1>>CC(=O)N/C=C\c1cccs1,CC(=O)N/C=C\c1cccs1,[CH3:1][C:2](=[O:3])/[CH:5]=[CH:6]/[c:7]1[cH:8][cH:9][cH:10][s:11]1.[NH2:4][O:14][P:13](=[O:12])([c:15]1[cH:16][cH:17][cH:18][cH:19][cH:20]1)[c:21]1[cH:22][cH:23][cH:24][cH:25][cH:26]1>>[CH3:1][C:2](=[O:3])[NH:4]/[CH:5]=[CH:6]\[c:7]1[cH:8][cH:9][cH:10][s:11]1,"[['C:2 - C:5'], ['N:4 - H', 'N:4 - O:14']]","[['C:2 - N:4', 'C:5 - N:4']]",[],"[(0, '[#6][#6:1](=[#8])[#6:2]', 'C:2 - C:5', 'C', 'SINGLE', 'C'), (1, '[#7:2]', 'N:4 - H', 'N', 'SINGLE', 'H', '[#7]', '[H]')]","[(0, '[#6:1](=[#8])[#7:2]', 'C:2 - N:4', 'C', 'SINGLE', 'N'), (0, '[#7&X3&H1:1]([#6])[#6:2]', 'C:5 - N:4', 'C', 'SINGLE', 'N')]","[(0, '[#6](=[#8])([#6&H3])-[#6&X3]=[#6&X3]', 'C:2 - C:5', 'C', 'SINGLE', 'C', '[#6](=[#8])[#6;H3]', '[#6X3]=[#6X3]'), (1, '[#8]=[#15]([#8]-[#7])(c)c', 'N:4 - O:14', 'O', 'SINGLE', 'N', '[#8]=[#15]([#8])([c])[c]', '[#7]')]","[(0, '[#6](=[#8])([#6&H3])-[#7]', 'C:2 - N:4', 'C', 'SINGLE', 'N', '[#6](=[#8])[#6;H3]', '[#7]'), (0, '[#6](=[#8])[#7]-[#6&X3]=[#6&X3]', 'C:5 - N:4', 'N', 'SINGLE', 'C', '[#6](=[#8])[#7]', '[#6X3]=[#6X3]')]"
c1,NOP(=O)(c1ccccc1)c1ccccc1.O=C1CCCCCCCCCCCCCC1>>O=C1CCCCCCCCCCCCCCN1,O=C1CCCCCCCCCCCCCCN1,[NH2:17][O:20][P:19](=[O:18])([c:21]1[cH:22][cH:23][cH:24][cH:25][cH:26]1)[c:27]1[cH:28][cH:29][cH:30][cH:31][cH:32]1.[O:1]=[C:2]1[CH2:3][CH2:4][CH2:5][CH2:6][CH2:7][CH2:8][CH2:9][CH2:10][CH2:11][CH2:12][CH2:13][CH2:14][CH2:15][CH2:16]1>>[O:1]=[C:2]1[CH2:3][CH2:4][CH2:5][CH2:6][CH2:7][CH2:8][CH2:9][CH2:10][CH2:11][CH2:12][CH2:13][CH2:14][CH2:15][CH2:16][NH:17]1,"[['N:17 - H', 'N:17 - O:20'], ['C:2 - C:16']]","[['C:16 - N:17', 'C:2 - N:17']]",[],"[(0, '[#7:2]', 'N:17 - H', 'N', 'SINGLE', 'H', '[#7]', '[H]'), (1, '[#6][#6:1](=[#8])[#6:2]', 'C:2 - C:16', 'C', 'SINGLE', 'C')]","[(0, '[#7&X3&H1:1]([#6:2])[#6]', 'C:16 - N:17', 'C', 'SINGLE', 'N'), (0, '[#6:1](=[#8])[#7:2]', 'C:2 - N:17', 'C', 'SINGLE', 'N')]","[(0, '[#8]=[#15]([#8]-[#7])(c)c', 'N:17 - O:20', 'O', 'SINGLE', 'N', '[#8]=[#15]([#8])([c])[c]', '[#7]'), (1, '[#6](=[#8])-[#6]', 'C:2 - C:16', 'C', 'SINGLE', 'C', '[#6]=[#8]', '[#6]')]","[(0, '[#6](=[#8])[#7]-[#6]', 'C:16 - N:17', 'N', 'SINGLE', 'C', '[#6](=[#8])[#7]', '[#6]'), (0, '[#6](=[#8])-[#7]', 'C:2 - N:17', 'C', 'SINGLE', 'N', '[#6]=[#8]', '[#7]')]"
c1,NOP(=O)(c1ccccc1)c1ccccc1.O=C1CCCCCCCCCCCCCC1>>ON=C1CCCCCCCCCCCCCC1,ON=C1CCCCCCCCCCCCCC1,[H][O:17][H].[NH2:1]OP(c1ccccc1)(c2ccccc2)=O.O=[C:2]3[CH2:3][CH2:4][CH2:5][CH2:6][CH2:7][CH2:8][CH2:9][CH2:10][CH2:11][CH2:12][CH2:13][CH2:14][CH2:15][CH2:16]3>>[OH:17]/[N:1]=[C:2]4[CH2:3][CH2:4][CH2:5][CH2:6][CH2:7][CH2:8][CH2:9][CH2:10][CH2:11][CH2:12][CH2:13][CH2:14][CH2:15][CH2:16]\4,"[['O:1 - P:19', 'N:2 - H'], ['C:3 = O:32']]","[['C:3 = N:2', 'O:1 - H']]",[],[],"[(0, '[#7:2][#8&X2&H1]', 'O:1 - H', 'O', 'SINGLE', 'H', '[#7][#8X2H]', '[H]')]",[],[]
c1,CC1(C)CC(=O)c2ccccc21.NOP(=O)(c1ccccc1)c1ccccc1>>CC1(C)C/C(=N/O)c2ccccc21,CC1(C)C/C(=N/O)c2ccccc21,[H][O:13][H].[CH3:1][C:2]1([CH2:4][C:5]([c:6]2[c:11]1[cH:10][cH:9][cH:8][cH:7]2)=O)[CH3:3].[NH2:12]OP(c3ccccc3)(c4ccccc4)=O>>[CH3:1][C:2]5([CH2:4]/[C:5]([c:6]6[c:11]5[cH:10][cH:9][cH:8][cH:7]6)=[N:12]/[OH:13])[CH3:3],"[['C:5 = O:14'], ['N:6 - H', 'O:7 - P:16']]","[['C:5 = N:6', 'O:7 - H']]",[],"[(1, '[c:2]1ccccc1[#6&X4]', 'N:6 - H', 'N', 'SINGLE', 'H', '[c]1[c][c][c][c][c]1[#6X4]', '[H]')]","[(0, '[#6]1[#6][#6:1][#6:2][#6]1', 'C:5 = N:6', 'C', 'DOUBLE', 'N'), (0, '[#6]1[#6]c2:ccc[c:2]c2[#6]1', 'O:7 - H', 'O', 'SINGLE', 'H', '[#6]1[#6][c]2:[c][c][c][c][c]2[#6]1', '[H]')]",[],[]
c1,NOP(=O)(c1ccccc1)c1ccccc1.c1ccc(-c2nc3ccccc3o2)nc1>>N[n+]1ccccc1-c1nc2ccccc2o1,N[n+]1ccccc1-c1nc2ccccc2o1,[NH2:1][O:19][P:18](=[O:17])([c:20]1[cH:21][cH:22][cH:23][cH:24][cH:25]1)[c:26]1[cH:27][cH:28][cH:29][cH:30][cH:31]1.[n:2]1[cH:3][cH:4][cH:5][cH:6][c:7]1-[c:8]1[n:9][c:10]2[cH:11][cH:12][cH:13][cH:14][c:15]2[o:16]1>>[NH2:1][n+:2]1[cH:3][cH:4][cH:5][cH:6][c:7]1-[c:8]1[n:9][c:10]2[cH:11][cH:12][cH:13][cH:14][c:15]2[o:16]1,"[['N:1 - O:19'], None]",[['N:1 - N:2']],[],[],"[(0, '[N:1][n&+:2]1ccccc1', 'N:1 - N:2', 'N', 'SINGLE', 'N')]","[(0, '[#8]=[#15]([#8]-[#7])(c)c', 'N:1 - O:19', 'O', 'SINGLE', 'N', '[#8]=[#15]([#8])([c])[c]', '[#7]')]","[(0, '[#6]1[#6][#6][#7]([#6][#6]1)-[#7]', 'N:1 - N:2', 'N', 'SINGLE', 'N', '[#6]1[#6][#6][#7][#6][#6]1', '[#7]')]"
c1,NOP(=O)(c1ccccc1)c1ccccc1.c1ccc(-c2cccs2)nc1>>N[n+]1ccccc1-c1cccs1,N[n+]1ccccc1-c1cccs1,[NH2:1][O:15][P:14](=[O:13])([c:16]1[cH:17][cH:18][cH:19][cH:20][cH:21]1)[c:22]1[cH:23][cH:24][cH:25][cH:26][cH:27]1.[n:2]1[cH:3][cH:4][cH:5][cH:6][c:7]1-[c:8]1[cH:9][cH:10][cH:11][s:12]1>>[NH2:1][n+:2]1[cH:3][cH:4][cH:5][cH:6][c:7]1-[c:8]1[cH:9][cH:10][cH:11][s:12]1,"[['N:1 - O:15'], None]",[['N:1 - N:2']],[],[],"[(0, '[N:1][n&+:2]1ccccc1', 'N:1 - N:2', 'N', 'SINGLE', 'N')]","[(0, '[#8]=[#15]([#8]-[#7])(c)c', 'N:1 - O:15', 'O', 'SINGLE', 'N', '[#8]=[#15]([#8])([c])[c]', '[#7]')]","[(0, '[#6]1[#6][#6][#7]([#6][#6]1)-[#7]', 'N:1 - N:2', 'N', 'SINGLE', 'N', '[#6]1[#6][#6][#7][#6][#6]1', '[#7]')]"
c1,ClCC1CN(Cc2ccccc2)CCO1.NOP(=O)(c1ccccc1)c1ccccc1>>N[N+]1(Cc2ccccc2)CCOC(CCl)C1,N[N+]1(Cc2ccccc2)CCOC(CCl)C1,[N:2]1([CH2:3][c:4]2[cH:5][cH:6][cH:7][cH:8][cH:9]2)[CH2:10][CH2:11][O:12][CH:13]([CH2:14][Cl:15])[CH2:16]1.[NH2:1][O:19][P:18](=[O:17])([c:20]1[cH:21][cH:22][cH:23][cH:24][cH:25]1)[c:26]1[cH:27][cH:28][cH:29][cH:30][cH:31]1>>[NH2:1][N+:2]1([CH2:3][c:4]2[cH:5][cH:6][cH:7][cH:8][cH:9]2)[CH2:10][CH2:11][O:12][CH:13]([CH2:14][Cl:15])[CH2:16]1,"[None, ['N:1 - O:19']]",[['N:1 - N:2']],[],[],"[(0, '[#6][#7&+:1]([#7:2])([#6])[#6]', 'N:1 - N:2', 'N', 'SINGLE', 'N')]","[(1, '[#8]=[#15]([#8]-[#7])(c)c', 'N:1 - O:19', 'O', 'SINGLE', 'N', '[#8]=[#15]([#8])([c])[c]', '[#7]')]","[(0, '[#7]1([#6][#6][#8][#6][#6]1)-[#7]', 'N:1 - N:2', 'N', 'SINGLE', 'N', '[#7]1[#6][#6][#8][#6][#6]1', '[#7]')]"
c1,C1=CCN(Cc2ccccc2)CC1.NOP(=O)(c1ccccc1)c1ccccc1>>N[N+]1(Cc2ccccc2)CC=CCC1,N[N+]1(Cc2ccccc2)CC=CCC1,[N:2]1([CH2:3][c:4]2[cH:5][cH:6][cH:7][cH:8][cH:9]2)[CH2:10][CH:11]=[CH:12][CH2:13][CH2:14]1.[NH2:1][O:17][P:16](=[O:15])([c:18]1[cH:19][cH:20][cH:21][cH:22][cH:23]1)[c:24]1[cH:25][cH:26][cH:27][cH:28][cH:29]1>>[NH2:1][N+:2]1([CH2:3][c:4]2[cH:5][cH:6][cH:7][cH:8][cH:9]2)[CH2:10][CH:11]=[CH:12][CH2:13][CH2:14]1,"[None, ['N:1 - O:17']]",[['N:1 - N:2']],[],[],"[(0, '[#6][#7&+:1]([#7:2])([#6])[#6]', 'N:1 - N:2', 'N', 'SINGLE', 'N')]","[(1, '[#8]=[#15]([#8]-[#7])(c)c', 'N:1 - O:17', 'O', 'SINGLE', 'N', '[#8]=[#15]([#8])([c])[c]', '[#7]')]","[(0, '[#6]1=[#6][#6][#7]([#6][#6]1)-[#7]', 'N:1 - N:2', 'N', 'SINGLE', 'N', '[#6]1=[#6][#6][#7][#6][#6]1', '[#7]')]"
c1,NOP(=O)(c1ccccc1)c1ccccc1.c1cnc2c(c1)CCCC2>>N[n+]1cccc2c1CCCC2,N[n+]1cccc2c1CCCC2,[NH2:1][O:14][P:13](=[O:12])([c:15]1[cH:16][cH:17][cH:18][cH:19][cH:20]1)[c:21]1[cH:22][cH:23][cH:24][cH:25][cH:26]1.[n:2]1[cH:3][cH:4][cH:5][c:6]2[c:7]1[CH2:11][CH2:10][CH2:9][CH2:8]2>>[NH2:1][n+:2]1[cH:3][cH:4][cH:5][c:6]2[c:7]1[CH2:8][CH2:9][CH2:10][CH2:11]2,"[['N:1 - O:14'], ['C:7 - C:11', 'C:6 - C:8']]","[['C:6 - C:11', 'C:7 - C:8', 'N:1 - N:2']]",[],"[(1, '[#6]12[#6][#6][#6][#7][#6:1]1[#6:2][#6][#6][#6]2', 'C:7 - C:11', 'C', 'SINGLE', 'C'), (1, '[#6:2]12[#6][#6][#6][#7][#6]1[#6][#6][#6][#6:1]2', 'C:6 - C:8', 'C', 'SINGLE', 'C')]","[(0, '[#6:2]12[#6][#6][#6][#7][#6]1[#6][#6][#6][#6:1]2', 'C:6 - C:11', 'C', 'SINGLE', 'C'), (0, '[#6]12[#6][#6][#6][#7][#6:1]1[#6:2][#6][#6][#6]2', 'C:7 - C:8', 'C', 'SINGLE', 'C'), (0, '[N:1][n&+:2]1ccccc1', 'N:1 - N:2', 'N', 'SINGLE', 'N')]","[(0, '[#8]=[#15]([#8]-[#7])(c)c', 'N:1 - O:14', 'O', 'SINGLE', 'N', '[#8]=[#15]([#8])([c])[c]', '[#7]'), (1, 'c1c(nccc1)-[#6]', 'C:7 - C:11', 'C', 'SINGLE', 'C', '[c]1[c][n][c][c][c]1', '[#6]'), (1, 'c1(cnccc1)-[#6]', 'C:6 - C:8', 'C', 'SINGLE', 'C', '[c]1[c][n][c][c][c]1', '[#6]')]","[(0, 'N[n&+]1cc(ccc1)-[#6]', 'C:6 - C:11', 'C', 'SINGLE', 'C', 'N[n+]1ccccc1', '[#6]'), (0, 'N[n&+]1c(cccc1)-[#6]', 'C:7 - C:8', 'C', 'SINGLE', 'C', 'N[n+]1ccccc1', '[#6]'), (0, '[#6]12[#6][#6][#6][#7]([#6]1[#6][#6][#6][#6]2)-[#7]', 'N:1 - N:2', 'N', 'SINGLE', 'N', '[#6]1([#6][#6][#6][#7]2)[#6]2[#6][#6][#6][#6]1', '[#7]')]"
c1,NOP(=O)(c1ccccc1)c1ccccc1.c1cc2c(cn1)CCCC2>>N[n+]1ccc2c(c1)CCCC2,N[n+]1ccc2c(c1)CCCC2,[NH2:1][O:14][P:13](=[O:12])([c:15]1[cH:16][cH:17][cH:18][cH:19][cH:20]1)[c:21]1[cH:22][cH:23][cH:24][cH:25][cH:26]1.[n:2]1[cH:3][cH:4][c:5]2[c:6]([cH:7]1)[CH2:8][CH2:9][CH2:10][CH2:11]2>>[NH2:1][n+:2]1[cH:3][cH:4][c:5]2[c:6]([cH:7]1)[CH2:8][CH2:9][CH2:10][CH2:11]2,"[['N:1 - O:14'], None]",[['N:1 - N:2']],[],[],"[(0, '[N:1][n&+:2]1ccccc1', 'N:1 - N:2', 'N', 'SINGLE', 'N')]","[(0, '[#8]=[#15]([#8]-[#7])(c)c', 'N:1 - O:14', 'O', 'SINGLE', 'N', '[#8]=[#15]([#8])([c])[c]', '[#7]')]","[(0, '[#6]12[#6][#6][#7]([#6][#6]1[#6][#6][#6][#6]2)-[#7]', 'N:1 - N:2', 'N', 'SINGLE', 'N', '[#6]1([#6][#6][#7][#6]2)[#6]2[#6][#6][#6][#6]1', '[#7]')]"
c1,CS(=O)c1ccccc1.NOP(=O)(c1ccccc1)c1ccccc1>>CS(=N)(=O)c1ccccc1,CS(=N)(=O)c1ccccc1,[CH3:1][S:2](=[O:4])[c:5]1[cH:6][cH:7][cH:8][cH:9][cH:10]1.[NH2:3][O:13][P:12](=[O:11])([c:14]1[cH:15][cH:16][cH:17][cH:18][cH:19]1)[c:20]1[cH:21][cH:22][cH:23][cH:24][cH:25]1>>[CH3:1][S:2](=[NH:3])(=[O:4])[c:5]1[cH:6][cH:7][cH:8][cH:9][cH:10]1,"[None, ['N:3 - O:13', 'N:3 - H']]",[['N:3 = S:2']],[],"[(1, '[#7:2]', 'N:3 - H', 'N', 'SINGLE', 'H', '[#7]', '[H]')]","[(0, '[#7:1]=[#16:2]([#6])[#6]', 'N:3 = S:2', 'N', 'DOUBLE', 'S')]","[(1, '[#8]=[#15]([#8]-[#7])(c)c', 'N:3 - O:13', 'O', 'SINGLE', 'N', '[#8]=[#15]([#8])([c])[c]', '[#7]')]","[(0, '[#7]=[#16]', 'N:3 = S:2', 'N', 'DOUBLE', 'S', '[#7]', '[#16]')]"
c1,CN1c2ccccc2Sc2ccccc21.NOP(=O)(c1ccccc1)c1ccccc1>>CN1c2ccccc2S(=N)c2ccccc21,CN1c2ccccc2S(=N)c2ccccc21,[CH3:1][N:2]1[c:3]2[cH:4][cH:5][cH:6][cH:7][c:8]2[S:9][c:11]2[cH:12][cH:13][cH:14][cH:15][c:16]21.[NH2:10][O:19][P:18](=[O:17])([c:20]1[cH:21][cH:22][cH:23][cH:24][cH:25]1)[c:26]1[cH:27][cH:28][cH:29][cH:30][cH:31]1>>[CH3:1][N:2]1[c:3]2[cH:4][cH:5][cH:6][cH:7][c:8]2[S:9](=[NH:10])[c:11]2[cH:12][cH:13][cH:14][cH:15][c:16]21,"[None, ['N:10 - H', 'N:10 - O:19']]",[['N:10 = S:9']],[],"[(1, '[#7:2]', 'N:10 - H', 'N', 'SINGLE', 'H', '[#7]', '[H]')]","[(0, '[#7:1]=[#16:2]([#6])[#6]', 'N:10 = S:9', 'N', 'DOUBLE', 'S')]","[(1, '[#8]=[#15]([#8]-[#7])(c)c', 'N:10 - O:19', 'O', 'SINGLE', 'N', '[#8]=[#15]([#8])([c])[c]', '[#7]')]","[(0, 'c12ccccc1[#7]c1c(cccc1)[#16]2=[#7]', 'N:10 = S:9', 'S', 'DOUBLE', 'N', '[c]12[c][c][c][c][c]1[#7][c]1[c]([c][c][c][c]1)[#16]2', '[#7]')]"
c1,CN1c2ccccc2Sc2ccccc21.NOP(=O)(c1ccccc1)c1ccccc1>>CN1c2ccccc2S(=O)c2ccccc21,CN1c2ccccc2S(=O)c2ccccc21,[H][O:16][H].[CH3:1][N:2]1[c:3]2[c:8]([S:9][c:10]3[c:15]1[cH:14][cH:13][cH:12][cH:11]3)[cH:7][cH:6][cH:5][cH:4]2.NOP(c4ccccc4)(c5ccccc5)=O>>[CH3:1][N:2]6[c:3]7[c:8]([S:9]([c:10]8[c:15]6[cH:14][cH:13][cH:12][cH:11]8)=[O:16])[cH:7][cH:6][cH:5][cH:4]7,"[None, ['O:10 - P:18', 'N:17 - O:10']]",[['O:10 = S:9']],[],[],"[(0, '[#7]1[#6][#6][#16:1][#6:2][#6]1', 'O:10 = S:9', 'O', 'DOUBLE', 'S')]",[],[]
c1,Cc1cnc2ccccc2c1.NOP(=O)(c1ccccc1)c1ccccc1>>Cc1cc2ccccc2[n+](N)c1,Cc1cc2ccccc2[n+](N)c1,[CH3:1][c:2]1[cH:3][c:4]2[cH:5][cH:6][cH:7][cH:8][c:9]2[n:10][cH:12]1.[NH2:11][O:15][P:14](=[O:13])([c:16]1[cH:17][cH:18][cH:19][cH:20][cH:21]1)[c:22]1[cH:23][cH:24][cH:25][cH:26][cH:27]1>>[CH3:1][c:2]1[cH:3][c:4]2[cH:5][cH:6][cH:7][cH:8][c:9]2[n+:10]([NH2:11])[cH:12]1,"[None, ['N:11 - O:15']]",[['N:10 - N:11']],[],[],"[(0, '[N:1][n&+:2]1ccccc1', 'N:10 - N:11', 'N', 'SINGLE', 'N')]","[(1, '[#8]=[#15]([#8]-[#7])(c)c', 'N:11 - O:15', 'O', 'SINGLE', 'N', '[#8]=[#15]([#8])([c])[c]', '[#7]')]","[(0, '[#6]12[#6][#6][#6][#7]([#6]1[#6][#6][#6][#6]2)-[#7]', 'N:10 - N:11', 'N', 'SINGLE', 'N', '[#6]1([#6][#6][#6][#7]2)[#6]2[#6][#6][#6][#6]1', '[#7]')]"
c1,COC(=O)/C=C/c1ccncc1.NOP(=O)(c1ccccc1)c1ccccc1>>COC(=O)/C=C/c1cc[n+](N)cc1,COC(=O)/C=C/c1cc[n+](N)cc1,[CH3:1][O:2][C:3](=[O:4])/[CH:5]=[CH:6]/[c:7]1[cH:8][cH:9][n:10][cH:12][cH:13]1.[NH2:11][O:16][P:15](=[O:14])([c:17]1[cH:18][cH:19][cH:20][cH:21][cH:22]1)[c:23]1[cH:24][cH:25][cH:26][cH:27][cH:28]1>>[CH3:1][O:2][C:3](=[O:4])/[CH:5]=[CH:6]/[c:7]1[cH:8][cH:9][n+:10]([NH2:11])[cH:12][cH:13]1,"[None, ['N:11 - O:16']]",[['N:10 - N:11']],[],[],"[(0, '[N:1][n&+:2]1ccccc1', 'N:10 - N:11', 'N', 'SINGLE', 'N')]","[(1, '[#8]=[#15]([#8]-[#7])(c)c', 'N:11 - O:16', 'O', 'SINGLE', 'N', '[#8]=[#15]([#8])([c])[c]', '[#7]')]","[(0, '[#6]1[#6][#6][#7]([#6][#6]1)-[#7]', 'N:10 - N:11', 'N', 'SINGLE', 'N', '[#6]1[#6][#6][#7][#6][#6]1', '[#7]')]"
c1,NOP(=O)(c1ccccc1)c1ccccc1.O=C1CC(COCc2ccccc2)C1>>O=C1CC(COCc2ccccc2)CN1,O=C1CC(COCc2ccccc2)CN1,[NH2:15][O:18][P:17](=[O:16])([c:19]1[cH:20][cH:21][cH:22][cH:23][cH:24]1)[c:25]1[cH:26][cH:27][cH:28][cH:29][cH:30]1.[O:1]=[C:2]1[CH2:3][CH:4]([CH2:5][O:6][CH2:7][c:8]2[cH:9][cH:10][cH:11][cH:12][cH:13]2)[CH2:14]1>>[O:1]=[C:2]1[CH2:3][CH:4]([CH2:5][O:6][CH2:7][c:8]2[cH:9][cH:10][cH:11][cH:12][cH:13]2)[CH2:14][NH:15]1,"[['N:15 - H', 'N:15 - O:18'], ['C:2 - C:14']]","[['C:14 - N:15', 'C:2 - N:15']]",[],"[(0, '[#7:2]', 'N:15 - H', 'N', 'SINGLE', 'H', '[#7]', '[H]'), (1, '[#6:2]1[#6][#6][#6:1]1', 'C:2 - C:14', 'C', 'SINGLE', 'C')]","[(0, '[#6]1[#6][#7:1][#6:2][#6]1', 'C:14 - N:15', 'C', 'SINGLE', 'N'), (0, '[#6:1](=[#8])[#7:2]', 'C:2 - N:15', 'C', 'SINGLE', 'N')]","[(0, '[#8]=[#15]([#8]-[#7])(c)c', 'N:15 - O:18', 'O', 'SINGLE', 'N', '[#8]=[#15]([#8])([c])[c]', '[#7]'), (1, '[#6](=[#8])-[#6]', 'C:2 - C:14', 'C', 'SINGLE', 'C', '[#6]=[#8]', '[#6]')]","[(0, '[#6](=[#8])[#7]-[#6]', 'C:14 - N:15', 'N', 'SINGLE', 'C', '[#6](=[#8])[#7]', '[#6]'), (0, '[#6](=[#8])-[#7]', 'C:2 - N:15', 'C', 'SINGLE', 'N', '[#6]=[#8]', '[#7]')]"
c1,CCOC(=O)c1ccncn1.NOP(=O)(c1ccccc1)c1ccccc1>>CCOC(=O)c1cc[n+](N)cn1,CCOC(=O)c1cc[n+](N)cn1,[CH3:1][CH2:2][O:3][C:4](=[O:5])[c:6]1[cH:7][cH:8][n:9][cH:11][n:12]1.[NH2:10][O:15][P:14](=[O:13])([c:16]1[cH:17][cH:18][cH:19][cH:20][cH:21]1)[c:22]1[cH:23][cH:24][cH:25][cH:26][cH:27]1>>[CH3:1][CH2:2][O:3][C:4](=[O:5])[c:6]1[cH:7][cH:8][n+:9]([NH2:10])[cH:11][n:12]1,"[None, ['N:10 - O:15']]",[['N:9 - N:10']],[],[],[],"[(1, '[#8]=[#15]([#8]-[#7])(c)c', 'N:10 - O:15', 'O', 'SINGLE', 'N', '[#8]=[#15]([#8])([c])[c]', '[#7]')]","[(0, '[#7]-[#7]', 'N:9 - N:10', 'N', 'SINGLE', 'N', '[#7]', '[#7]')]"
c1,NOP(=O)(c1ccccc1)c1ccccc1.c1cnc2ccnn2c1>>N[n+]1ccc2ncccn21,N[n+]1ccc2ncccn21,[NH2:1][O:13][P:12](=[O:11])([c:14]1[cH:15][cH:16][cH:17][cH:18][cH:19]1)[c:20]1[cH:21][cH:22][cH:23][cH:24][cH:25]1.[n:2]1[cH:3][cH:4][c:5]2[n:6][cH:7][cH:8][cH:9][n:10]12>>[NH2:1][n+:2]1[cH:3][cH:4][c:5]2[n:6][cH:7][cH:8][cH:9][n:10]12,"[['N:1 - O:13'], None]",[['N:1 - N:2']],[],[],[],"[(0, '[#8]=[#15]([#8]-[#7])(c)c', 'N:1 - O:13', 'O', 'SINGLE', 'N', '[#8]=[#15]([#8])([c])[c]', '[#7]')]","[(0, '[#7]12[#7]([#6][#6][#6]1[#7][#6][#6][#6]2)-[#7]', 'N:1 - N:2', 'N', 'SINGLE', 'N', '[#7]1([#7][#6][#6]2)[#6]2[#7][#6][#6][#6]1', '[#7]')]"
c1,NOP(=O)(c1ccccc1)c1ccccc1.O=C1CCCCCCCCCCC1>>O=C1CCCCCCCCCCCN1,O=C1CCCCCCCCCCCN1,[NH2:14][O:17][P:16](=[O:15])([c:18]1[cH:19][cH:20][cH:21][cH:22][cH:23]1)[c:24]1[cH:25][cH:26][cH:27][cH:28][cH:29]1.[O:1]=[C:2]1[CH2:3][CH2:4][CH2:5][CH2:6][CH2:7][CH2:8][CH2:9][CH2:10][CH2:11][CH2:12][CH2:13]1>>[O:1]=[C:2]1[CH2:3][CH2:4][CH2:5][CH2:6][CH2:7][CH2:8][CH2:9][CH2:10][CH2:11][CH2:12][CH2:13][NH:14]1,"[['N:14 - O:17', 'N:14 - H'], ['C:2 - C:13']]","[['C:13 - N:14', 'C:2 - N:14']]",[],"[(0, '[#7:2]', 'N:14 - H', 'N', 'SINGLE', 'H', '[#7]', '[H]'), (1, '[#6][#6:1](=[#8])[#6:2]', 'C:2 - C:13', 'C', 'SINGLE', 'C')]","[(0, '[#7&X3&H1:1]([#6:2])[#6]', 'C:13 - N:14', 'C', 'SINGLE', 'N'), (0, '[#6:1](=[#8])[#7:2]', 'C:2 - N:14', 'C', 'SINGLE', 'N')]","[(0, '[#8]=[#15]([#8]-[#7])(c)c', 'N:14 - O:17', 'O', 'SINGLE', 'N', '[#8]=[#15]([#8])([c])[c]', '[#7]'), (1, '[#6](=[#8])-[#6]', 'C:2 - C:13', 'C', 'SINGLE', 'C', '[#6]=[#8]', '[#6]')]","[(0, '[#6](=[#8])[#7]-[#6]', 'C:13 - N:14', 'N', 'SINGLE', 'C', '[#6](=[#8])[#7]', '[#6]'), (0, '[#6](=[#8])-[#7]', 'C:2 - N:14', 'C', 'SINGLE', 'N', '[#6]=[#8]', '[#7]')]"
c1,Cc1cccc2ncccc12.NOP(=O)(c1ccccc1)c1ccccc1>>Cc1cccc2c1ccc[n+]2N,Cc1cccc2c1ccc[n+]2N,[CH3:1][c:2]1[cH:3][cH:4][cH:5][c:6]2[c:7]1[cH:8][cH:9][cH:10][n:11]2.[NH2:12][O:15][P:14](=[O:13])([c:16]1[cH:17][cH:18][cH:19][cH:20][cH:21]1)[c:22]1[cH:23][cH:24][cH:25][cH:26][cH:27]1>>[CH3:1][c:2]1[cH:3][cH:4][cH:5][c:6]2[c:7]1[cH:8][cH:9][cH:10][n+:11]2[NH2:12],"[None, ['N:12 - O:15']]",[['N:11 - N:12']],[],[],"[(0, '[N:1][n&+:2]1ccccc1', 'N:11 - N:12', 'N', 'SINGLE', 'N')]","[(1, '[#8]=[#15]([#8]-[#7])(c)c', 'N:12 - O:15', 'O', 'SINGLE', 'N', '[#8]=[#15]([#8])([c])[c]', '[#7]')]","[(0, '[#6]12[#6][#6][#6][#7]([#6]1[#6][#6][#6][#6]2)-[#7]', 'N:11 - N:12', 'N', 'SINGLE', 'N', '[#6]1([#6][#6][#6][#7]2)[#6]2[#6][#6][#6][#6]1', '[#7]')]"
c1,CCOC(=O)c1cnn2cccnc12.NOP(=O)(c1ccccc1)c1ccccc1>>CCOC(=O)c1c[n+](N)n2cccnc12,CCOC(=O)c1c[n+](N)n2cccnc12,[CH3:1][CH2:2][O:3][C:4](=[O:5])[c:6]1[cH:7][n:8][n:10]2[cH:11][cH:12][cH:13][n:14][c:15]12.[NH2:9][O:18][P:17](=[O:16])([c:19]1[cH:20][cH:21][cH:22][cH:23][cH:24]1)[c:25]1[cH:26][cH:27][cH:28][cH:29][cH:30]1>>[CH3:1][CH2:2][O:3][C:4](=[O:5])[c:6]1[cH:7][n+:8]([NH2:9])[n:10]2[cH:11][cH:12][cH:13][n:14][c:15]12,"[None, ['N:9 - O:18']]",[['N:8 - N:9']],[],[],[],"[(1, '[#8]=[#15]([#8]-[#7])(c)c', 'N:9 - O:18', 'O', 'SINGLE', 'N', '[#8]=[#15]([#8])([c])[c]', '[#7]')]","[(0, '[#7]12[#7]([#6][#6][#6]1[#7][#6][#6][#6]2)-[#7]', 'N:8 - N:9', 'N', 'SINGLE', 'N', '[#7]1([#7][#6][#6]2)[#6]2[#7][#6][#6][#6]1', '[#7]')]"
c1,CN1c2ccccc2C(C)(C)C12C=Nc1c(ccc3ccccc13)O2.NOP(=O)(c1ccccc1)c1ccccc1>>CN1c2ccccc2C(C)(C)C12C=NNc1c(ccc3ccccc13)O2,CN1c2ccccc2C(C)(C)C12C=NNc1c(ccc3ccccc13)O2,[CH3:1][N:2]1[c:3]2[cH:4][cH:5][cH:6][cH:7][c:8]2[C:9]([CH3:10])([CH3:11])[C:12]12[CH:13]=[N:15][c:16]1[c:17]([cH:18][cH:19][c:20]3[cH:21][cH:22][cH:23][cH:24][c:25]13)[O:26]2.[NH2:14][O:29][P:28](=[O:27])([c:30]1[cH:31][cH:32][cH:33][cH:34][cH:35]1)[c:36]1[cH:37][cH:38][cH:39][cH:40][cH:41]1>>[CH3:1][N:2]1[c:3]2[cH:4][cH:5][cH:6][cH:7][c:8]2[C:9]([CH3:10])([CH3:11])[C:12]12[CH:13]=[N:14][NH:15][c:16]1[c:17]([cH:18][cH:19][c:20]3[cH:21][cH:22][cH:23][cH:24][c:25]13)[O:26]2,"[['C:13 = N:15'], ['N:14 - O:29', 'N:14 - H']]","[['N:15 - H', 'N:14 - N:15', 'C:13 = N:14']]",[],"[(0, '[#7&X2;H1,H0;!$([#7&X2][#7,#8,#9,#15,#16,#17,Br,I]):1]=[#6&X3:2]', 'C:13 = N:15', 'C', 'DOUBLE', 'N'), (1, '[#7:2]', 'N:14 - H', 'N', 'SINGLE', 'H', '[#7]', '[H]')]","[(0, '[#7:2][#7&X2]=[#6&X3]', 'N:15 - H', 'N', 'SINGLE', 'H', '[#7][#7X2]=[#6X3]', '[H]'), (0, '[#7:1][#7&X2:2]=[#6&X3]', 'N:14 - N:15', 'N', 'SINGLE', 'N'), (0, '[#7][#7&X2:1]=[#6&X3:2]', 'C:13 = N:14', 'C', 'DOUBLE', 'N')]","[(0, '[#6]=[#7]', 'C:13 = N:15', 'C', 'DOUBLE', 'N', '[#6]', '[#7]'), (1, '[#8]=[#15]([#8]-[#7])(c)c', 'N:14 - O:29', 'O', 'SINGLE', 'N', '[#8]=[#15]([#8])([c])[c]', '[#7]')]","[(0, '[#7]-[#7]', 'N:14 - N:15', 'N', 'SINGLE', 'N', '[#7]', '[#7]'), (0, '[#6]=[#7]', 'C:13 = N:14', 'C', 'DOUBLE', 'N', '[#6]', '[#7]')]"
c1,CC(=O)c1cnn(C)c1.NOP(=O)(c1ccccc1)c1ccccc1>>CC(=O)Nc1cnn(C)c1,CC(=O)Nc1cnn(C)c1,[CH3:1][C:2](=[O:3])[c:5]1[cH:6][n:7][n:8]([CH3:9])[cH:10]1.[NH2:4][O:13][P:12](=[O:11])([c:14]1[cH:15][cH:16][cH:17][cH:18][cH:19]1)[c:20]1[cH:21][cH:22][cH:23][cH:24][cH:25]1>>[CH3:1][C:2](=[O:3])[NH:4][c:5]1[cH:6][n:7][n:8]([CH3:9])[cH:10]1,"[['C:2 - C:5'], ['N:4 - H', 'N:4 - O:13']]","[['C:2 - N:4', 'C:5 - N:4']]",[],"[(0, '[#6][#6:1](=[#8])[#6:2]', 'C:2 - C:5', 'C', 'SINGLE', 'C'), (1, '[#7:2]', 'N:4 - H', 'N', 'SINGLE', 'H', '[#7]', '[H]')]","[(0, '[#6:1](=[#8])[#7:2]', 'C:2 - N:4', 'C', 'SINGLE', 'N'), (0, '[#7&X3&H1:1]([#6])[#6:2]', 'C:5 - N:4', 'C', 'SINGLE', 'N')]","[(0, '[#6]1[#7][#7][#6][#6]1-[#6](=[#8])[#6&H3]', 'C:2 - C:5', 'C', 'SINGLE', 'C', '[#6]1[#7][#7][#6][#6]1', '[#6](=[#8])[#6;H3]'), (1, '[#8]=[#15]([#8]-[#7])(c)c', 'N:4 - O:13', 'O', 'SINGLE', 'N', '[#8]=[#15]([#8])([c])[c]', '[#7]')]","[(0, '[#6](=[#8])([#6&H3])-[#7]', 'C:2 - N:4', 'C', 'SINGLE', 'N', '[#6](=[#8])[#6;H3]', '[#7]'), (0, '[#6]1[#7][#7][#6][#6]1-[#7][#6]=[#8]', 'C:5 - N:4', 'C', 'SINGLE', 'N', '[#6]1[#7][#7][#6][#6]1', '[#6](=[#8])[#7]')]"
c1,CCCCCCCCCCCCS(C)=O.NOP(=O)(c1ccccc1)c1ccccc1>>CCCCCCCCCCCCS(C)(=N)=O,CCCCCCCCCCCCS(C)(=N)=O,[CH3:1][CH2:2][CH2:3][CH2:4][CH2:5][CH2:6][CH2:7][CH2:8][CH2:9][CH2:10][CH2:11][CH2:12][S:13]([CH3:14])=[O:16].[NH2:15][O:19][P:18](=[O:17])([c:20]1[cH:21][cH:22][cH:23][cH:24][cH:25]1)[c:26]1[cH:27][cH:28][cH:29][cH:30][cH:31]1>>[CH3:1][CH2:2][CH2:3][CH2:4][CH2:5][CH2:6][CH2:7][CH2:8][CH2:9][CH2:10][CH2:11][CH2:12][S:13]([CH3:14])(=[NH:15])=[O:16],"[None, ['N:15 - H', 'N:15 - O:19']]",[['N:15 = S:13']],[],"[(1, '[#7:2]', 'N:15 - H', 'N', 'SINGLE', 'H', '[#7]', '[H]')]","[(0, '[#7:1]=[#16:2]([#6])[#6]', 'N:15 = S:13', 'N', 'DOUBLE', 'S')]","[(1, '[#8]=[#15]([#8]-[#7])(c)c', 'N:15 - O:19', 'O', 'SINGLE', 'N', '[#8]=[#15]([#8])([c])[c]', '[#7]')]","[(0, '[#7]=[#16]', 'N:15 = S:13', 'N', 'DOUBLE', 'S', '[#7]', '[#16]')]"
c1,NOP(=O)(c1ccccc1)c1ccccc1.c1cncc(C2=NCCC2)c1>>c1cncc(C2=NNCCC2)c1,c1cncc(C2=NNCCC2)c1,[NH2:7][O:15][P:14](=[O:13])([c:16]1[cH:17][cH:18][cH:19][cH:20][cH:21]1)[c:22]1[cH:23][cH:24][cH:25][cH:26][cH:27]1.[cH:1]1[cH:2][n:3][cH:4][c:5]([C:6]2=[N:8][CH2:9][CH2:10][CH2:11]2)[cH:12]1>>[cH:1]1[cH:2][n:3][cH:4][c:5]([C:6]2=[N:7][NH:8][CH2:9][CH2:10][CH2:11]2)[cH:12]1,"[['N:7 - O:15', 'N:7 - H'], ['C:6 = N:8']]","[['N:8 - H', 'C:6 = N:7', 'N:7 - N:8']]",[],"[(0, '[#7:2]', 'N:7 - H', 'N', 'SINGLE', 'H', '[#7]', '[H]'), (1, '[#7&X2;H1,H0;!$([#7&X2][#7,#8,#9,#15,#16,#17,Br,I]):1]=[#6&X3:2]', 'C:6 = N:8', 'C', 'DOUBLE', 'N')]","[(0, '[#7:2]1[#7]=[#6][#6][#6][#6]1', 'N:8 - H', 'N', 'SINGLE', 'H', '[#7]1[#7]=[#6][#6][#6][#6]1', '[H]'), (0, '[#7]1[#7:1]=[#6:2][#6][#6][#6]1', 'C:6 = N:7', 'C', 'DOUBLE', 'N'), (0, '[#7:1]1[#7:2]=[#6][#6][#6][#6]1', 'N:7 - N:8', 'N', 'SINGLE', 'N')]","[(0, '[#8]=[#15]([#8]-[#7])(c)c', 'N:7 - O:15', 'O', 'SINGLE', 'N', '[#8]=[#15]([#8])([c])[c]', '[#7]'), (1, '[#6]=[#7]', 'C:6 = N:8', 'C', 'DOUBLE', 'N', '[#6]', '[#7]')]","[(0, '[#6]=[#7]', 'C:6 = N:7', 'C', 'DOUBLE', 'N', '[#6]', '[#7]'), (0, '[#7]-[#7]', 'N:7 - N:8', 'N', 'SINGLE', 'N', '[#7]', '[#7]')]"
c1,NOP(=O)(c1ccccc1)c1ccccc1.c1cnc2ncccc2c1>>N[n+]1cccc2cccnc21,N[n+]1cccc2cccnc21,[NH2:1][O:14][P:13](=[O:12])([c:15]1[cH:16][cH:17][cH:18][cH:19][cH:20]1)[c:21]1[cH:22][cH:23][cH:24][cH:25][cH:26]1.[n:2]1[cH:3][cH:4][cH:5][c:6]2[cH:7][cH:8][cH:9][n:10][c:11]12>>[NH2:1][n+:2]1[cH:3][cH:4][cH:5][c:6]2[cH:7][cH:8][cH:9][n:10][c:11]12,"[['N:1 - O:14'], None]",[['N:1 - N:2']],[],[],"[(0, '[N:1][n&+:2]1ccccc1', 'N:1 - N:2', 'N', 'SINGLE', 'N')]","[(0, '[#8]=[#15]([#8]-[#7])(c)c', 'N:1 - O:14', 'O', 'SINGLE', 'N', '[#8]=[#15]([#8])([c])[c]', '[#7]')]","[(0, '[#6]1[#6][#6][#7]([#6][#6]1)-[#7]', 'N:1 - N:2', 'N', 'SINGLE', 'N', '[#6]1[#6][#6][#7][#6][#6]1', '[#7]')]"
c1,COC(=O)C1CN(Cc2ccccc2)CCO1.NOP(=O)(c1ccccc1)c1ccccc1>>COC(=O)C1C[N+](N)(Cc2ccccc2)CCO1,COC(=O)C1C[N+](N)(Cc2ccccc2)CCO1,[CH3:1][O:2][C:3](=[O:4])[CH:5]1[CH2:6][N:7]([CH2:9][c:10]2[cH:11][cH:12][cH:13][cH:14][cH:15]2)[CH2:16][CH2:17][O:18]1.[NH2:8][O:21][P:20](=[O:19])([c:22]1[cH:23][cH:24][cH:25][cH:26][cH:27]1)[c:28]1[cH:29][cH:30][cH:31][cH:32][cH:33]1>>[CH3:1][O:2][C:3](=[O:4])[CH:5]1[CH2:6][N+:7]([NH2:8])([CH2:9][c:10]2[cH:11][cH:12][cH:13][cH:14][cH:15]2)[CH2:16][CH2:17][O:18]1,"[None, ['N:8 - O:21']]",[['N:7 - N:8']],[],[],"[(0, '[#6][#7&+:1]([#7:2])([#6])[#6]', 'N:7 - N:8', 'N', 'SINGLE', 'N')]","[(1, '[#8]=[#15]([#8]-[#7])(c)c', 'N:8 - O:21', 'O', 'SINGLE', 'N', '[#8]=[#15]([#8])([c])[c]', '[#7]')]","[(0, '[#7]1([#6][#6][#8][#6][#6]1)-[#7]', 'N:7 - N:8', 'N', 'SINGLE', 'N', '[#7]1[#6][#6][#8][#6][#6]1', '[#7]')]"
c1,NOP(=O)(c1ccccc1)c1ccccc1.O=C1C=CN(C(=O)OCc2ccccc2)CC1>>N[N+]1(C(=O)OCc2ccccc2)C=CC(=O)CC1,N[N+]1(C(=O)OCc2ccccc2)C=CC(=O)CC1,[NH2:1][O:21][P:20](=[O:19])([c:22]1[cH:23][cH:24][cH:25][cH:26][cH:27]1)[c:28]1[cH:29][cH:30][cH:31][cH:32][cH:33]1.[N:2]1([C:3](=[O:4])[O:5][CH2:6][c:7]2[cH:8][cH:9][cH:10][cH:11][cH:12]2)[CH:13]=[CH:14][C:15](=[O:16])[CH2:17][CH2:18]1>>[NH2:1][N+:2]1([C:3](=[O:4])[O:5][CH2:6][c:7]2[cH:8][cH:9][cH:10][cH:11][cH:12]2)[CH:13]=[CH:14][C:15](=[O:16])[CH2:17][CH2:18]1,"[['N:1 - O:21'], None]",[['N:1 - N:2']],[],[],"[(0, '[#6&X3](=[#8])[#7;H1,H0:1][#7;X3&H1&+0,X3&H2&+0,X3&H0&+0:2]', 'N:1 - N:2', 'N', 'SINGLE', 'N')]","[(0, '[#8]=[#15]([#8]-[#7])(c)c', 'N:1 - O:21', 'O', 'SINGLE', 'N', '[#8]=[#15]([#8])([c])[c]', '[#7]')]","[(0, '[#6]1[#7]([#6]=[#6][#6][#6]1)-[#7]', 'N:1 - N:2', 'N', 'SINGLE', 'N', '[#6]1[#7][#6]=[#6][#6][#6]1', '[#7]')]"
c1,Clc1cc2nccnc2cn1.NOP(=O)(c1ccccc1)c1ccccc1>>N[n+]1ccnc2cnc(Cl)cc21,N[n+]1ccnc2cnc(Cl)cc21,[n:2]1[cH:3][cH:4][n:5][c:6]2[cH:7][n:8][c:9]([Cl:10])[cH:11][c:12]12.[NH2:1][O:15][P:14](=[O:13])([c:16]1[cH:17][cH:18][cH:19][cH:20][cH:21]1)[c:22]1[cH:23][cH:24][cH:25][cH:26][cH:27]1>>[NH2:1][n+:2]1[cH:3][cH:4][n:5][c:6]2[cH:7][n:8][c:9]([Cl:10])[cH:11][c:12]12,"[None, ['N:1 - O:15']]",[['N:1 - N:2']],[],[],[],"[(1, '[#8]=[#15]([#8]-[#7])(c)c', 'N:1 - O:15', 'O', 'SINGLE', 'N', '[#8]=[#15]([#8])([c])[c]', '[#7]')]","[(0, '[#7&+]1([#6][#6][#7][#6][#6]1)-[#7]', 'N:1 - N:2', 'N', 'SINGLE', 'N', '[#7+]1[#6][#6][#7][#6][#6]1', '[#7]')]"
c1,NOP(=O)(c1ccccc1)c1ccccc1.c1cnc2[nH]ncc2c1>>Nn1ncc2cccnc21,Nn1ncc2cccnc21,[NH2:1][O:13][P:12](=[O:11])([c:14]1[cH:15][cH:16][cH:17][cH:18][cH:19]1)[c:20]1[cH:21][cH:22][cH:23][cH:24][cH:25]1.[nH:2]1[n:3][cH:4][c:5]2[cH:6][cH:7][cH:8][n:9][c:10]12>>[NH2:1][n:2]1[n:3][cH:4][c:5]2[cH:6][cH:7][cH:8][n:9][c:10]12,"[['N:1 - O:13'], ['N:2 - H']]",[['N:1 - N:2']],[],"[(1, 'c12cn[n:2]c1nccc2', 'N:2 - H', 'N', 'SINGLE', 'H', '[c]1([c][n][n]2)[c]2[n][c][c][c]1', '[H]')]","[(0, '[#7;X3&H1&+0,X3&H2&+0,X3&H0&+0:1][#7;X3&H1&+0,X3&H2&+0,X3&H0&+0:2]', 'N:1 - N:2', 'N', 'SINGLE', 'N')]","[(0, '[#8]=[#15]([#8]-[#7])(c)c', 'N:1 - O:13', 'O', 'SINGLE', 'N', '[#8]=[#15]([#8])([c])[c]', '[#7]')]","[(0, '[#6]1[#7]([#7][#6][#6]1)-[#7]', 'N:1 - N:2', 'N', 'SINGLE', 'N', '[#6]1[#7][#7][#6][#6]1', '[#7]')]"
c1,NOP(=O)(c1ccccc1)c1ccccc1.S=C1CCCCCN1>>NN1CCCCCC1=S,NN1CCCCCC1=S,[NH2:1][O:12][P:11](=[O:10])([c:13]1[cH:14][cH:15][cH:16][cH:17][cH:18]1)[c:19]1[cH:20][cH:21][cH:22][cH:23][cH:24]1.[NH:2]1[CH2:3][CH2:4][CH2:5][CH2:6][CH2:7][C:8]1=[S:9]>>[NH2:1][N:2]1[CH2:3][CH2:4][CH2:5][CH2:6][CH2:7][C:8]1=[S:9],"[['N:1 - O:12'], ['N:2 - H']]",[['N:1 - N:2']],[],"[(1, '[#7&r7&R1:2]1[#6&r7&R1][#6&r7&R1][#6&r7&R1][#6&r7&R1][#6&r7&R1][#6&r7&R1]1', 'N:2 - H', 'N', 'SINGLE', 'H', '[#7;r7;R1]1[#6;r7;R1][#6;r7;R1][#6;r7;R1][#6;r7;R1][#6;r7;R1][#6;r7;R1]1', '[H]')]","[(0, '[#7;X3&H1&+0,X3&H2&+0,X3&H0&+0:1][#7;X3&H1&+0,X3&H2&+0,X3&H0&+0:2]', 'N:1 - N:2', 'N', 'SINGLE', 'N')]","[(0, '[#8]=[#15]([#8]-[#7])(c)c', 'N:1 - O:12', 'O', 'SINGLE', 'N', '[#8]=[#15]([#8])([c])[c]', '[#7]')]","[(0, '[#7&r7&R1]1([#6&r7&R1][#6&r7&R1][#6&r7&R1][#6&r7&R1][#6&r7&R1][#6&r7&R1]1)-[#7]', 'N:1 - N:2', 'N', 'SINGLE', 'N', '[#7;r7;R1]1[#6;r7;R1][#6;r7;R1][#6;r7;R1][#6;r7;R1][#6;r7;R1][#6;r7;R1]1', '[#7]')]"
c1,COC(=O)C(C(=O)OC)c1ncccn1.NOP(=O)(c1ccccc1)c1ccccc1>>COC(=O)C(C(=O)OC)c1nccc[n+]1N,COC(=O)C(C(=O)OC)c1nccc[n+]1N,[CH3:1][O:2][C:3](=[O:4])[CH:5]([C:6](=[O:7])[O:8][CH3:9])[c:10]1[n:11][cH:12][cH:13][cH:14][n:15]1.[NH2:16][O:19][P:18](=[O:17])([c:20]1[cH:21][cH:22][cH:23][cH:24][cH:25]1)[c:26]1[cH:27][cH:28][cH:29][cH:30][cH:31]1>>[CH3:1][O:2][C:3](=[O:4])[CH:5]([C:6](=[O:7])[O:8][CH3:9])[c:10]1[n:11][cH:12][cH:13][cH:14][n+:15]1[NH2:16],"[None, ['N:16 - O:19']]",[['N:15 - N:16']],[],[],[],"[(1, '[#8]=[#15]([#8]-[#7])(c)c', 'N:16 - O:19', 'O', 'SINGLE', 'N', '[#8]=[#15]([#8])([c])[c]', '[#7]')]","[(0, '[#7]-[#7]', 'N:15 - N:16', 'N', 'SINGLE', 'N', '[#7]', '[#7]')]"
c1,Fc1ccc(F)c(C2=NCCC2)c1.NOP(=O)(c1ccccc1)c1ccccc1>>Fc1ccc(F)c(C2=NNCCC2)c1,Fc1ccc(F)c(C2=NNCCC2)c1,[F:1][c:2]1[cH:13][c:7]([C:8]2=[N:9][CH2:10][CH2:11][CH2:12]2)[c:5]([F:6])[cH:4][cH:3]1.[NH2:14]OP(c3ccccc3)(c4ccccc4)=O>>[F:1][c:2]5[cH:13][c:7]([C:8]6=[N:14][NH:9][CH2:10][CH2:11][CH2:12]6)[c:5]([F:6])[cH:4][cH:3]5,"[['C:11 - N:9'], ['N:10 - H', 'N:10 - O:17']]","[['C:11 - N:10', 'N:9 - N:10']]",[],[],"[(0, '[#7]1[#7]=[#6][#6][#6:1][#6:2]1', 'C:11 - N:10', 'C', 'SINGLE', 'N'), (0, '[#7:2]1[#7]=[#6][#6][#6][#6:1]1', 'N:9 - N:10', 'N', 'SINGLE', 'N')]",[],"[(0, '[#6]-[#6]', 'C:11 - N:10', 'C', 'SINGLE', 'C', '[#6]', '[#6]'), (0, '[#6]-[#7][#7&X2]=[#6&X3]', 'N:9 - N:10', 'C', 'SINGLE', 'N', '[#6]', '[#7][#7X2]=[#6X3]')]"
c1,CC(=O)c1ccc2c(c1)CCC2.NOP(=O)(c1ccccc1)c1ccccc1>>CC(=O)Nc1ccc2c(c1)CCC2,CC(=O)Nc1ccc2c(c1)CCC2,[CH3:1][C:2](=[O:3])[c:5]1[cH:6][cH:7][c:8]2[c:9]([cH:10]1)[CH2:11][CH2:12][CH2:13]2.[NH2:4][O:16][P:15](=[O:14])([c:17]1[cH:18][cH:19][cH:20][cH:21][cH:22]1)[c:23]1[cH:24][cH:25][cH:26][cH:27][cH:28]1>>[CH3:1][C:2](=[O:3])[NH:4][c:5]1[cH:6][cH:7][c:8]2[c:9]([cH:10]1)[CH2:11][CH2:12][CH2:13]2,"[['C:2 - C:5'], ['N:4 - H', 'N:4 - O:16']]","[['C:2 - N:4', 'C:5 - N:4']]",[],"[(0, '[#6][#6:1](=[#8])[#6:2]', 'C:2 - C:5', 'C', 'SINGLE', 'C'), (1, '[#7:2]', 'N:4 - H', 'N', 'SINGLE', 'H', '[#7]', '[H]')]","[(0, '[#6:1](=[#8])[#7:2]', 'C:2 - N:4', 'C', 'SINGLE', 'N'), (0, '[#7&X3&H1:1]([#6])[#6:2]', 'C:5 - N:4', 'C', 'SINGLE', 'N')]","[(0, '[#6]1[#6]c2:cc(ccc2[#6]1)-[#6](=[#8])[#6&H3]', 'C:2 - C:5', 'C', 'SINGLE', 'C', '[#6]1[#6][c]2:[c][c][c][c][c]2[#6]1', '[#6](=[#8])[#6;H3]'), (1, '[#8]=[#15]([#8]-[#7])(c)c', 'N:4 - O:16', 'O', 'SINGLE', 'N', '[#8]=[#15]([#8])([c])[c]', '[#7]')]","[(0, 'c1ccccc1[#7&!a;X4&H1&+,X4&H2&+,X4&H3&+,X3&H1&+0,X3&H0&+0,X3&H2&+0;!$([#7][!#6])]-[#6](=[#8])[#6&H3]', 'C:2 - N:4', 'N', 'SINGLE', 'C', '[c]1[c][c][c][c][c]1[#7;!a;X4H+,X4H2+,X4H3+,X3H+0,X3H0+0,X3H2+0;!$([#7][!#6])]', '[#6](=[#8])[#6;H3]'), (0, '[#6]1[#6]c2:cc(ccc2[#6]1)-[#7][#6]=[#8]', 'C:5 - N:4', 'C', 'SINGLE', 'N', '[#6]1[#6][c]2:[c][c][c][c][c]2[#6]1', '[#6](=[#8])[#7]')]"
c1,NOP(=O)(c1ccccc1)c1ccccc1.c1ccc2cnncc2c1>>N[n+]1cc2ccccc2cn1,N[n+]1cc2ccccc2cn1,[NH2:1][O:14][P:13](=[O:12])([c:15]1[cH:16][cH:17][cH:18][cH:19][cH:20]1)[c:21]1[cH:22][cH:23][cH:24][cH:25][cH:26]1.[n:2]1[cH:3][c:4]2[cH:5][cH:6][cH:7][cH:8][c:9]2[cH:10][n:11]1>>[NH2:1][n+:2]1[cH:3][c:4]2[cH:5][cH:6][cH:7][cH:8][c:9]2[cH:10][n:11]1,"[['N:1 - O:14'], None]",[['N:1 - N:2']],[],[],[],"[(0, '[#8]=[#15]([#8]-[#7])(c)c', 'N:1 - O:14', 'O', 'SINGLE', 'N', '[#8]=[#15]([#8])([c])[c]', '[#7]')]","[(0, '[#7]-[#7]', 'N:1 - N:2', 'N', 'SINGLE', 'N', '[#7]', '[#7]')]"
c1,Cn1nc2ccccc2n1.NOP(=O)(c1ccccc1)c1ccccc1>>Cn1nc2ccccc2[n+]1N,Cn1nc2ccccc2[n+]1N,[CH3:1][n:2]1[n:3][c:4]2[cH:5][cH:6][cH:7][cH:8][c:9]2[n:10]1.[NH2:11][O:14][P:13](=[O:12])([c:15]1[cH:16][cH:17][cH:18][cH:19][cH:20]1)[c:21]1[cH:22][cH:23][cH:24][cH:25][cH:26]1>>[CH3:1][n:2]1[n:3][c:4]2[cH:5][cH:6][cH:7][cH:8][c:9]2[n+:10]1[NH2:11],"[None, ['N:11 - O:14']]",[['N:10 - N:11']],[],[],[],"[(1, '[#8]=[#15]([#8]-[#7])(c)c', 'N:11 - O:14', 'O', 'SINGLE', 'N', '[#8]=[#15]([#8])([c])[c]', '[#7]')]","[(0, '[#7]-[#7]', 'N:10 - N:11', 'N', 'SINGLE', 'N', '[#7]', '[#7]')]"
c1,Brc1ccnc2ccccc12.NOP(=O)(c1ccccc1)c1ccccc1>>N[n+]1ccc(Br)c2ccccc21,N[n+]1ccc(Br)c2ccccc21,[n:2]1[cH:3][cH:4][c:5]([Br:6])[c:7]2[cH:8][cH:9][cH:10][cH:11][c:12]12.[NH2:1][O:15][P:14](=[O:13])([c:16]1[cH:17][cH:18][cH:19][cH:20][cH:21]1)[c:22]1[cH:23][cH:24][cH:25][cH:26][cH:27]1>>[NH2:1][n+:2]1[cH:3][cH:4][c:5]([Br:6])[c:7]2[cH:8][cH:9][cH:10][cH:11][c:12]12,"[None, ['N:1 - O:15']]",[['N:1 - N:2']],[],[],"[(0, '[N:1][n&+:2]1ccccc1', 'N:1 - N:2', 'N', 'SINGLE', 'N')]","[(1, '[#8]=[#15]([#8]-[#7])(c)c', 'N:1 - O:15', 'O', 'SINGLE', 'N', '[#8]=[#15]([#8])([c])[c]', '[#7]')]","[(0, '[#6]12[#6][#6][#6][#7]([#6]1[#6][#6][#6][#6]2)-[#7]', 'N:1 - N:2', 'N', 'SINGLE', 'N', '[#6]1([#6][#6][#6][#7]2)[#6]2[#6][#6][#6][#6]1', '[#7]')]"
c1,CCOC(=O)N1CCC(=C2c3ccc(Cl)cc3CCc3cccnc32)CC1.NOP(=O)(c1ccccc1)c1ccccc1>>CCOC(=O)N1CCC(=C2c3ccc(Cl)cc3CCc3ccc[n+](N)c32)CC1,CCOC(=O)N1CCC(=C2c3ccc(Cl)cc3CCc3ccc[n+](N)c32)CC1,[CH3:1][CH2:2][O:3][C:4](=[O:5])[N:6]1[CH2:7][CH2:8][C:9](=[C:10]2[c:11]3[cH:12][cH:13][c:14]([Cl:15])[cH:16][c:17]3[CH2:18][CH2:19][c:20]3[cH:21][cH:22][cH:23][n:24][c:26]32)[CH2:27][CH2:28]1.[NH2:25][O:31][P:30](=[O:29])([c:32]1[cH:33][cH:34][cH:35][cH:36][cH:37]1)[c:38]1[cH:39][cH:40][cH:41][cH:42][cH:43]1>>[CH3:1][CH2:2][O:3][C:4](=[O:5])[N:6]1[CH2:7][CH2:8][C:9](=[C:10]2[c:11]3[cH:12][cH:13][c:14]([Cl:15])[cH:16][c:17]3[CH2:18][CH2:19][c:20]3[cH:21][cH:22][cH:23][n+:24]([NH2:25])[c:26]32)[CH2:27][CH2:28]1,"[None, ['N:25 - O:31']]",[['N:24 - N:25']],[],[],"[(0, '[N:1][n&+:2]1ccccc1', 'N:24 - N:25', 'N', 'SINGLE', 'N')]","[(1, '[#8]=[#15]([#8]-[#7])(c)c', 'N:25 - O:31', 'O', 'SINGLE', 'N', '[#8]=[#15]([#8])([c])[c]', '[#7]')]","[(0, '[#6]1[#6][#6][#7]([#6][#6]1)-[#7]', 'N:24 - N:25', 'N', 'SINGLE', 'N', '[#6]1[#6][#6][#7][#6][#6]1', '[#7]')]"
c1,CC1=Nc2ccc(Cl)cc2C1(C)C.NOP(=O)(c1ccccc1)c1ccccc1>>C=C(C)c1cc(Cl)ccc1/N=C(\C)N,C=C(C)c1cc(Cl)ccc1/N=C(\C)N,[CH3:1][C:2]1([CH3:3])[c:4]2[cH:5][c:6]([Cl:7])[cH:8][cH:9][c:10]2[N:11]=[C:12]1[CH3:13].[NH2:14][O:17][P:16](=[O:15])([c:18]1[cH:19][cH:20][cH:21][cH:22][cH:23]1)[c:24]1[cH:25][cH:26][cH:27][cH:28][cH:29]1>>[CH2:1]=[C:2]([CH3:3])[c:4]1[cH:5][c:6]([Cl:7])[cH:8][cH:9][c:10]1/[N:11]=[C:12](\[CH3:13])[NH2:14],"[['C:1 - H', 'C:2 - C:12'], ['N:14 - O:17']]",[['C:12 - N:14']],['C:1 - C:2 -> C:1 = C:2'],"[(0, '[#6:2]', 'C:1 - H', 'C', 'SINGLE', 'H', '[#6]', '[H]'), (0, '[#6:1]1[#6:2]=[#7]c2ccccc2-1', 'C:2 - C:12', 'C', 'SINGLE', 'C')]","[(0, '[#7&X3&H2:1][#6:2]', 'C:12 - N:14', 'C', 'SINGLE', 'N')]","[(0, 'c1ccccc1[#6&X4]-[#6&X3]=[#7&X2;H1,H0;!$([#7&X2][#7,#8,#9,#15,#16,#17,Br,I])]', 'C:2 - C:12', 'C', 'SINGLE', 'C', '[c]1[c][c][c][c][c]1[#6X4]', '[#7X2;H1,H0;!$([#7X2][#7,#8,#9,#15,#16,#17,Br,I])]=[#6X3]'), (1, '[#8]=[#15]([#8]-[#7])(c)c', 'N:14 - O:17', 'O', 'SINGLE', 'N', '[#8]=[#15]([#8])([c])[c]', '[#7]')]","[(0, '[#7&X2;H1,H0;!$([#7&X2][#7,#8,#9,#15,#16,#17,Br,I])]=[#6&X3]-[#7]', 'C:12 - N:14', 'C', 'SINGLE', 'N', '[#7X2;H1,H0;!$([#7X2][#7,#8,#9,#15,#16,#17,Br,I])]=[#6X3]', '[#7]')]"
c1,CC1=Nc2ccc(Cl)cc2C1(C)C.NOP(=O)(c1ccccc1)c1ccccc1>>CC1=NNc2ccc(Cl)cc2C1(C)C,CC1=NNc2ccc(Cl)cc2C1(C)C,[CH3:1][C:2]1=[N:4][c:5]2[cH:6][cH:7][c:8]([Cl:9])[cH:10][c:11]2[C:12]1([CH3:13])[CH3:14].[NH2:3][O:17][P:16](=[O:15])([c:18]1[cH:19][cH:20][cH:21][cH:22][cH:23]1)[c:24]1[cH:25][cH:26][cH:27][cH:28][cH:29]1>>[CH3:1][C:2]1=[N:3][NH:4][c:5]2[cH:6][cH:7][c:8]([Cl:9])[cH:10][c:11]2[C:12]1([CH3:13])[CH3:14],"[['C:2 = N:4'], ['N:3 - H', 'N:3 - O:17']]","[['C:2 = N:3', 'N:4 - H', 'N:3 - N:4']]",[],"[(0, '[#6]1[#6:1]=[#7:2]c2ccccc2-1', 'C:2 = N:4', 'C', 'DOUBLE', 'N'), (1, '[#7:2]', 'N:3 - H', 'N', 'SINGLE', 'H', '[#7]', '[H]')]","[(0, '[#7]1[#7:1]=[#6:2][#6][#6][#6]1', 'C:2 = N:3', 'C', 'DOUBLE', 'N'), (0, '[#7:2]1[#7]=[#6][#6][#6][#6]1', 'N:4 - H', 'N', 'SINGLE', 'H', '[#7]1[#7]=[#6][#6][#6][#6]1', '[H]'), (0, '[#7:1]1[#7:2]=[#6][#6][#6][#6]1', 'N:3 - N:4', 'N', 'SINGLE', 'N')]","[(0, '[#6]=[#7]', 'C:2 = N:4', 'C', 'DOUBLE', 'N', '[#6]', '[#7]'), (1, '[#8]=[#15]([#8]-[#7])(c)c', 'N:3 - O:17', 'O', 'SINGLE', 'N', '[#8]=[#15]([#8])([c])[c]', '[#7]')]","[(0, '[#6]=[#7]', 'C:2 = N:3', 'C', 'DOUBLE', 'N', '[#6]', '[#7]'), (0, '[#7]-[#7]', 'N:3 - N:4', 'N', 'SINGLE', 'N', '[#7]', '[#7]')]"
c1,COC(=O)C1CC2(CC(=O)C2)C1.NOP(=O)(c1ccccc1)c1ccccc1>>COC(=O)C1CC2(CNC(=O)C2)C1,COC(=O)C1CC2(CNC(=O)C2)C1,[CH3:1][O:2][C:3](=[O:4])[CH:5]1[CH2:6][C:7]2([CH2:8][C:10](=[O:11])[CH2:12]2)[CH2:13]1.[NH2:9][O:16][P:15](=[O:14])([c:17]1[cH:18][cH:19][cH:20][cH:21][cH:22]1)[c:23]1[cH:24][cH:25][cH:26][cH:27][cH:28]1>>[CH3:1][O:2][C:3](=[O:4])[CH:5]1[CH2:6][C:7]2([CH2:8][NH:9][C:10](=[O:11])[CH2:12]2)[CH2:13]1,"[['C:8 - C:10'], ['N:9 - H', 'N:9 - O:16']]","[['C:8 - N:9', 'C:10 - N:9']]",[],"[(0, '[#6]1[#6:1][#6:2][#6]1', 'C:8 - C:10', 'C', 'SINGLE', 'C'), (1, '[#7:2]', 'N:9 - H', 'N', 'SINGLE', 'H', '[#7]', '[H]')]","[(0, '[#6]1[#6][#6][#6]12[#6:1][#7:2][#6][#6]2', 'C:8 - N:9', 'C', 'SINGLE', 'N'), (0, '[#6:1](=[#8])[#7:2]', 'C:10 - N:9', 'C', 'SINGLE', 'N')]","[(0, '[#6](=[#8])-[#6]', 'C:8 - C:10', 'C', 'SINGLE', 'C', '[#6]=[#8]', '[#6]'), (1, '[#8]=[#15]([#8]-[#7])(c)c', 'N:9 - O:16', 'O', 'SINGLE', 'N', '[#8]=[#15]([#8])([c])[c]', '[#7]')]","[(0, '[#6](=[#8])[#7]-[#6]', 'C:8 - N:9', 'N', 'SINGLE', 'C', '[#6](=[#8])[#7]', '[#6]'), (0, '[#6](=[#8])-[#7]', 'C:10 - N:9', 'C', 'SINGLE', 'N', '[#6]=[#8]', '[#7]')]"
c1,NOP(=O)(c1ccccc1)c1ccccc1.c1ccc(C2=NCCc3ccccc32)cc1>>c1ccc(C2=NNCCc3ccccc32)cc1,c1ccc(C2=NNCCc3ccccc32)cc1,[NH2:6][O:20][P:19](=[O:18])([c:21]1[cH:22][cH:23][cH:24][cH:25][cH:26]1)[c:27]1[cH:28][cH:29][cH:30][cH:31][cH:32]1.[cH:1]1[cH:2][cH:3][c:4]([C:5]2=[N:7][CH2:8][CH2:9][c:10]3[cH:11][cH:12][cH:13][cH:14][c:15]32)[cH:16][cH:17]1>>[cH:1]1[cH:2][cH:3][c:4]([C:5]2=[N:6][NH:7][CH2:8][CH2:9][c:10]3[cH:11][cH:12][cH:13][cH:14][c:15]32)[cH:16][cH:17]1,"[['N:6 - H', 'N:6 - O:20'], ['C:5 = N:7']]","[['C:5 = N:6', 'N:6 - N:7', 'N:7 - H']]",[],"[(0, '[#7:2]', 'N:6 - H', 'N', 'SINGLE', 'H', '[#7]', '[H]'), (1, '[#7&X2;H1,H0;!$([#7&X2][#7,#8,#9,#15,#16,#17,Br,I]):1]=[#6&X3:2]', 'C:5 = N:7', 'C', 'DOUBLE', 'N')]","[(0, '[#7][#7&X2:1]=[#6&X3:2]', 'C:5 = N:6', 'C', 'DOUBLE', 'N'), (0, '[#7:1][#7&X2:2]=[#6&X3]', 'N:6 - N:7', 'N', 'SINGLE', 'N'), (0, '[#7:2][#7&X2]=[#6&X3]', 'N:7 - H', 'N', 'SINGLE', 'H', '[#7][#7X2]=[#6X3]', '[H]')]","[(0, '[#8]=[#15]([#8]-[#7])(c)c', 'N:6 - O:20', 'O', 'SINGLE', 'N', '[#8]=[#15]([#8])([c])[c]', '[#7]'), (1, '[#6]=[#7]', 'C:5 = N:7', 'C', 'DOUBLE', 'N', '[#6]', '[#7]')]","[(0, '[#6]=[#7]', 'C:5 = N:6', 'C', 'DOUBLE', 'N', '[#6]', '[#7]'), (0, '[#7]-[#7]', 'N:6 - N:7', 'N', 'SINGLE', 'N', '[#7]', '[#7]')]"
c1,NOP(=O)(c1ccccc1)c1ccccc1.O=C1CC(C(=O)OCc2ccccc2)C1>>O=C1CC(C(=O)OCc2ccccc2)CN1,O=C1CC(C(=O)OCc2ccccc2)CN1,[NH2:16][O:19][P:18](=[O:17])([c:20]1[cH:21][cH:22][cH:23][cH:24][cH:25]1)[c:26]1[cH:27][cH:28][cH:29][cH:30][cH:31]1.[O:1]=[C:2]1[CH2:3][CH:4]([C:5](=[O:6])[O:7][CH2:8][c:9]2[cH:10][cH:11][cH:12][cH:13][cH:14]2)[CH2:15]1>>[O:1]=[C:2]1[CH2:3][CH:4]([C:5](=[O:6])[O:7][CH2:8][c:9]2[cH:10][cH:11][cH:12][cH:13][cH:14]2)[CH2:15][NH:16]1,"[['N:16 - O:19', 'N:16 - H'], ['C:2 - C:15']]","[['C:2 - N:16', 'C:15 - N:16']]",[],"[(0, '[#7:2]', 'N:16 - H', 'N', 'SINGLE', 'H', '[#7]', '[H]'), (1, '[#6:2]1[#6][#6][#6:1]1', 'C:2 - C:15', 'C', 'SINGLE', 'C')]","[(0, '[#6:1](=[#8])[#7:2]', 'C:2 - N:16', 'C', 'SINGLE', 'N'), (0, '[#6]1[#6][#7:1][#6:2][#6]1', 'C:15 - N:16', 'C', 'SINGLE', 'N')]","[(0, '[#8]=[#15]([#8]-[#7])(c)c', 'N:16 - O:19', 'O', 'SINGLE', 'N', '[#8]=[#15]([#8])([c])[c]', '[#7]'), (1, '[#6](=[#8])-[#6]', 'C:2 - C:15', 'C', 'SINGLE', 'C', '[#6]=[#8]', '[#6]')]","[(0, '[#6](=[#8])-[#7]', 'C:2 - N:16', 'C', 'SINGLE', 'N', '[#6]=[#8]', '[#7]'), (0, '[#6](=[#8])[#7]-[#6]', 'C:15 - N:16', 'N', 'SINGLE', 'C', '[#6](=[#8])[#7]', '[#6]')]"
c1,CCc1cccc2cccnc12.NOP(=O)(c1ccccc1)c1ccccc1>>CCc1cccc2ccc[n+](N)c12,CCc1cccc2ccc[n+](N)c12,[CH3:1][CH2:2][c:3]1[cH:4][cH:5][cH:6][c:7]2[cH:8][cH:9][cH:10][n:11][c:13]12.[NH2:12][O:16][P:15](=[O:14])([c:17]1[cH:18][cH:19][cH:20][cH:21][cH:22]1)[c:23]1[cH:24][cH:25][cH:26][cH:27][cH:28]1>>[CH3:1][CH2:2][c:3]1[cH:4][cH:5][cH:6][c:7]2[cH:8][cH:9][cH:10][n+:11]([NH2:12])[c:13]12,"[None, ['N:12 - O:16']]",[['N:11 - N:12']],[],[],"[(0, '[N:1][n&+:2]1ccccc1', 'N:11 - N:12', 'N', 'SINGLE', 'N')]","[(1, '[#8]=[#15]([#8]-[#7])(c)c', 'N:12 - O:16', 'O', 'SINGLE', 'N', '[#8]=[#15]([#8])([c])[c]', '[#7]')]","[(0, '[#6]12[#6][#6][#6][#7]([#6]1[#6][#6][#6][#6]2)-[#7]', 'N:11 - N:12', 'N', 'SINGLE', 'N', '[#6]1([#6][#6][#6][#7]2)[#6]2[#6][#6][#6][#6]1', '[#7]')]"
c1,CC(=O)c1ccc2ncc(Br)cc2c1.NOP(=O)(c1ccccc1)c1ccccc1>>CC(=O)c1ccc2c(cc(Br)c[n+]2N)c1,CC(=O)c1ccc2c(cc(Br)c[n+]2N)c1,[CH3:1][C:2](=[O:3])[c:4]1[cH:5][cH:6][c:7]2[c:8]([cH:9][c:10]([Br:11])[cH:12][n:13]2)[cH:15]1.[NH2:14][O:18][P:17](=[O:16])([c:19]1[cH:20][cH:21][cH:22][cH:23][cH:24]1)[c:25]1[cH:26][cH:27][cH:28][cH:29][cH:30]1>>[CH3:1][C:2](=[O:3])[c:4]1[cH:5][cH:6][c:7]2[c:8]([cH:9][c:10]([Br:11])[cH:12][n+:13]2[NH2:14])[cH:15]1,"[None, ['N:14 - O:18']]",[['N:13 - N:14']],[],[],"[(0, '[N:1][n&+:2]1ccccc1', 'N:13 - N:14', 'N', 'SINGLE', 'N')]","[(1, '[#8]=[#15]([#8]-[#7])(c)c', 'N:14 - O:18', 'O', 'SINGLE', 'N', '[#8]=[#15]([#8])([c])[c]', '[#7]')]","[(0, '[#6]12[#6][#6][#6][#7]([#6]1[#6][#6][#6][#6]2)-[#7]', 'N:13 - N:14', 'N', 'SINGLE', 'N', '[#6]1([#6][#6][#6][#7]2)[#6]2[#6][#6][#6][#6]1', '[#7]')]"
c1,C1CCCNCCC1.NOP(=O)(c1ccccc1)c1ccccc1>>NN1CCCCCCC1,NN1CCCCCCC1,[NH:2]1[CH2:3][CH2:4][CH2:5][CH2:6][CH2:7][CH2:8][CH2:9]1.[NH2:1][O:12][P:11](=[O:10])([c:13]1[cH:14][cH:15][cH:16][cH:17][cH:18]1)[c:19]1[cH:20][cH:21][cH:22][cH:23][cH:24]1>>[NH2:1][N:2]1[CH2:3][CH2:4][CH2:5][CH2:6][CH2:7][CH2:8][CH2:9]1,"[['N:2 - H'], ['N:1 - O:12']]",[['N:1 - N:2']],[],"[(0, '[#6]1[#6][#6][#6][#6][#6][#7:2][#6]1', 'N:2 - H', 'N', 'SINGLE', 'H', '[#6]1[#6][#6][#6][#6][#6][#7][#6]1', '[H]')]","[(0, '[#7;X3&H1&+0,X3&H2&+0,X3&H0&+0:1][#7;X3&H1&+0,X3&H2&+0,X3&H0&+0:2]', 'N:1 - N:2', 'N', 'SINGLE', 'N')]","[(1, '[#8]=[#15]([#8]-[#7])(c)c', 'N:1 - O:12', 'O', 'SINGLE', 'N', '[#8]=[#15]([#8])([c])[c]', '[#7]')]","[(0, '[#6]1[#6][#6][#6][#6][#6][#7]([#6]1)-[#7]', 'N:1 - N:2', 'N', 'SINGLE', 'N', '[#6]1[#6][#6][#6][#6][#6][#7][#6]1', '[#7]')]"
c1,NOP(=O)(c1ccccc1)c1ccccc1.c1ccc(Cn2ccc3cccnc32)cc1>>N[n+]1cccc2ccn(Cc3ccccc3)c21,N[n+]1cccc2ccn(Cc3ccccc3)c21,[NH2:1][O:20][P:19](=[O:18])([c:21]1[cH:22][cH:23][cH:24][cH:25][cH:26]1)[c:27]1[cH:28][cH:29][cH:30][cH:31][cH:32]1.[n:2]1[cH:3][cH:4][cH:5][c:6]2[cH:7][cH:8][n:9]([CH2:10][c:11]3[cH:12][cH:13][cH:14][cH:15][cH:16]3)[c:17]12>>[NH2:1][n+:2]1[cH:3][cH:4][cH:5][c:6]2[cH:7][cH:8][n:9]([CH2:10][c:11]3[cH:12][cH:13][cH:14][cH:15][cH:16]3)[c:17]12,"[['N:1 - O:20'], None]",[['N:1 - N:2']],[],[],"[(0, '[N:1][n&+:2]1ccccc1', 'N:1 - N:2', 'N', 'SINGLE', 'N')]","[(0, '[#8]=[#15]([#8]-[#7])(c)c', 'N:1 - O:20', 'O', 'SINGLE', 'N', '[#8]=[#15]([#8])([c])[c]', '[#7]')]","[(0, '[#6]1[#6][#6][#7]([#6][#6]1)-[#7]', 'N:1 - N:2', 'N', 'SINGLE', 'N', '[#6]1[#6][#6][#7][#6][#6]1', '[#7]')]"
c1,CC(=O)n1ccc2cccnc21.NOP(=O)(c1ccccc1)c1ccccc1>>CC(=O)n1ccc2ccc[n+](N)c21,CC(=O)n1ccc2ccc[n+](N)c21,[CH3:1][C:2](=[O:3])[n:4]1[cH:5][cH:6][c:7]2[cH:8][cH:9][cH:10][n:11][c:13]12.[NH2:12][O:16][P:15](=[O:14])([c:17]1[cH:18][cH:19][cH:20][cH:21][cH:22]1)[c:23]1[cH:24][cH:25][cH:26][cH:27][cH:28]1>>[CH3:1][C:2](=[O:3])[n:4]1[cH:5][cH:6][c:7]2[cH:8][cH:9][cH:10][n+:11]([NH2:12])[c:13]12,"[None, ['N:12 - O:16']]",[['N:11 - N:12']],[],[],"[(0, '[N:1][n&+:2]1ccccc1', 'N:11 - N:12', 'N', 'SINGLE', 'N')]","[(1, '[#8]=[#15]([#8]-[#7])(c)c', 'N:12 - O:16', 'O', 'SINGLE', 'N', '[#8]=[#15]([#8])([c])[c]', '[#7]')]","[(0, '[#6]1[#6][#6][#7]([#6][#6]1)-[#7]', 'N:11 - N:12', 'N', 'SINGLE', 'N', '[#6]1[#6][#6][#7][#6][#6]1', '[#7]')]"
c1,CCn1c2ccccc2c2cc(C(C)=O)ccc21.NOP(=O)(c1ccccc1)c1ccccc1>>CC(=O)Nc1ccc2c(c1)c1ccccc1n2C,CC(=O)Nc1ccc2c(c1)c1ccccc1n2C,[CH3:1][C:2](=[O:3])[c:5]1[cH:6][cH:7][c:8]2[c:9]([cH:10]1)[c:11]1[cH:12][cH:13][cH:14][cH:15][c:16]1[n:17]2[CH2:18][CH3:19].[NH2:4][O:22][P:21](=[O:20])([c:23]1[cH:24][cH:25][cH:26][cH:27][cH:28]1)[c:29]1[cH:30][cH:31][cH:32][cH:33][cH:34]1>>[CH3:1][C:2](=[O:3])[NH:4][c:5]1[cH:6][cH:7][c:8]2[c:9]([cH:10]1)[c:11]1[cH:12][cH:13][cH:14][cH:15][c:16]1[n:17]2[CH3:18],"[['C:18 - C:19', 'C:2 - C:5'], ['N:4 - O:22', 'N:4 - H']]","[['C:2 - N:4', 'C:5 - N:4', 'C:18 - H']]",[],"[(0, '[#6&H2:1][#6&H3:2]', 'C:18 - C:19', 'C', 'SINGLE', 'C'), (0, '[#6][#6:1](=[#8])[#6:2]', 'C:2 - C:5', 'C', 'SINGLE', 'C'), (1, '[#7:2]', 'N:4 - H', 'N', 'SINGLE', 'H', '[#7]', '[H]')]","[(0, '[#6:1](=[#8])[#7:2]', 'C:2 - N:4', 'C', 'SINGLE', 'N'), (0, '[#7&X3&H1:1]([#6])[#6:2]', 'C:5 - N:4', 'C', 'SINGLE', 'N'), (0, '[#7&X3&H0]([#6])([#6:2])[#6]', 'C:18 - H', 'C', 'SINGLE', 'H', '[#7;X3H0]([#6])([#6])([#6])', '[H]')]","[(0, '[#7&X3&H0]([#6]-[#6])([#6])[#6]', 'C:18 - C:19', 'C', 'SINGLE', 'C', '[#7;X3H0]([#6])([#6])([#6])', '[#6]'), (0, 'c12c3cc(ccc3nc1cccc2)-[#6](=[#8])[#6&H3]', 'C:2 - C:5', 'C', 'SINGLE', 'C', '[c]1([c]([c][c][c][c]3)[c]3[n]2)[c]2[c][c][c][c]1', '[#6](=[#8])[#6;H3]'), (1, '[#8]=[#15]([#8]-[#7])(c)c', 'N:4 - O:22', 'O', 'SINGLE', 'N', '[#8]=[#15]([#8])([c])[c]', '[#7]')]","[(0, 'c1ccccc1[#7&!a;X4&H1&+,X4&H2&+,X4&H3&+,X3&H1&+0,X3&H0&+0,X3&H2&+0;!$([#7][!#6])]-[#6](=[#8])[#6&H3]', 'C:2 - N:4', 'N', 'SINGLE', 'C', '[c]1[c][c][c][c][c]1[#7;!a;X4H+,X4H2+,X4H3+,X3H+0,X3H0+0,X3H2+0;!$([#7][!#6])]', '[#6](=[#8])[#6;H3]'), (0, 'c12c3cc(ccc3nc1cccc2)-[#7][#6]=[#8]', 'C:5 - N:4', 'C', 'SINGLE', 'N', '[c]1([c]([c][c][c][c]3)[c]3[n]2)[c]2[c][c][c][c]1', '[#6](=[#8])[#7]')]"
c1,NOP(=O)(c1ccccc1)c1ccccc1.O=C1CC2CCC(C1)N2Cc1ccccc1>>O=C1C[C@H]2CC[C@@H](CN1)N2Cc1ccccc1,O=C1C[C@H]2CC[C@@H](CN1)N2Cc1ccccc1,[NH2:9][O:20][P:19](=[O:18])([c:21]1[cH:22][cH:23][cH:24][cH:25][cH:26]1)[c:27]1[cH:28][cH:29][cH:30][cH:31][cH:32]1.[O:1]=[C:2]1[CH2:3][CH:4]2[CH2:5][CH2:6][CH:7]([CH2:8]1)[N:10]2[CH2:11][c:12]1[cH:13][cH:14][cH:15][cH:16][cH:17]1>>[O:1]=[C:2]1[CH2:3][C@H:4]2[CH2:5][CH2:6][C@@H:7]([CH2:8][NH:9]1)[N:10]2[CH2:11][c:12]1[cH:13][cH:14][cH:15][cH:16][cH:17]1,"[['N:9 - H', 'N:9 - O:20'], ['C:2 - C:8']]","[['C:8 - N:9', 'C:2 - N:9']]",[],"[(0, '[#7:2]', 'N:9 - H', 'N', 'SINGLE', 'H', '[#7]', '[H]'), (1, '[#6:2]1[#6][#6][#6][#6][#6][#6:1]1', 'C:2 - C:8', 'C', 'SINGLE', 'C')]","[(0, '[#6]1[#6][#6][#6][#6][#6:1][#7:2][#6]1', 'C:8 - N:9', 'C', 'SINGLE', 'N'), (0, '[#6:1](=[#8])[#7:2]', 'C:2 - N:9', 'C', 'SINGLE', 'N')]","[(0, '[#8]=[#15]([#8]-[#7])(c)c', 'N:9 - O:20', 'O', 'SINGLE', 'N', '[#8]=[#15]([#8])([c])[c]', '[#7]'), (1, '[#6](=[#8])-[#6]', 'C:2 - C:8', 'C', 'SINGLE', 'C', '[#6]=[#8]', '[#6]')]","[(0, '[#6](=[#8])[#7]-[#6]', 'C:8 - N:9', 'N', 'SINGLE', 'C', '[#6](=[#8])[#7]', '[#6]'), (0, '[#6](=[#8])-[#7]', 'C:2 - N:9', 'C', 'SINGLE', 'N', '[#6]=[#8]', '[#7]')]"
c1,Cn1c2ccccc2c2ccncc21.NOP(=O)(c1ccccc1)c1ccccc1>>Cn1c2ccccc2c2cc[n+](N)cc21,Cn1c2ccccc2c2cc[n+](N)cc21,[CH3:1][n:2]1[c:3]2[cH:4][cH:5][cH:6][cH:7][c:8]2[c:9]2[cH:10][cH:11][n:12][cH:14][c:15]12.[NH2:13][O:18][P:17](=[O:16])([c:19]1[cH:20][cH:21][cH:22][cH:23][cH:24]1)[c:25]1[cH:26][cH:27][cH:28][cH:29][cH:30]1>>[CH3:1][n:2]1[c:3]2[cH:4][cH:5][cH:6][cH:7][c:8]2[c:9]2[cH:10][cH:11][n+:12]([NH2:13])[cH:14][c:15]12,"[None, ['N:13 - O:18']]",[['N:12 - N:13']],[],[],"[(0, '[N:1][n&+:2]1ccccc1', 'N:12 - N:13', 'N', 'SINGLE', 'N')]","[(1, '[#8]=[#15]([#8]-[#7])(c)c', 'N:13 - O:18', 'O', 'SINGLE', 'N', '[#8]=[#15]([#8])([c])[c]', '[#7]')]","[(0, '[#6]1[#6][#6][#7]([#6][#6]1)-[#7]', 'N:12 - N:13', 'N', 'SINGLE', 'N', '[#6]1[#6][#6][#7][#6][#6]1', '[#7]')]"
c1,CC(C)(C)OC(=O)N1CCn2ccnc2C1.NOP(=O)(c1ccccc1)c1ccccc1>>CC(C)(C)OC(=O)N1CCn2cc[n+](N)c2C1,CC(C)(C)OC(=O)N1CCn2cc[n+](N)c2C1,[CH3:1][C:2]([CH3:3])([CH3:4])[O:5][C:6](=[O:7])[N:8]1[CH2:9][CH2:10][n:11]2[cH:12][cH:13][n:14][c:16]2[CH2:17]1.[NH2:15][O:20][P:19](=[O:18])([c:21]1[cH:22][cH:23][cH:24][cH:25][cH:26]1)[c:27]1[cH:28][cH:29][cH:30][cH:31][cH:32]1>>[CH3:1][C:2]([CH3:3])([CH3:4])[O:5][C:6](=[O:7])[N:8]1[CH2:9][CH2:10][n:11]2[cH:12][cH:13][n+:14]([NH2:15])[c:16]2[CH2:17]1,"[None, ['N:15 - O:20']]",[['N:14 - N:15']],[],[],[],"[(1, '[#8]=[#15]([#8]-[#7])(c)c', 'N:15 - O:20', 'O', 'SINGLE', 'N', '[#8]=[#15]([#8])([c])[c]', '[#7]')]","[(0, '[#7]1([#6][#7][#6][#6]1)-[#7]', 'N:14 - N:15', 'N', 'SINGLE', 'N', '[#7]1[#6][#7][#6][#6]1', '[#7]')]"
c1,COc1ccc(Cc2nccc3ccccc23)cc1.NOP(=O)(c1ccccc1)c1ccccc1>>COc1ccc(Cc2c3ccccc3cc[n+]2N)cc1,COc1ccc(Cc2c3ccccc3cc[n+]2N)cc1,[CH3:1][O:2][c:3]1[cH:4][cH:5][c:6]([CH2:7][c:8]2[c:9]3[cH:10][cH:11][cH:12][cH:13][c:14]3[cH:15][cH:16][n:17]2)[cH:19][cH:20]1.[NH2:18][O:23][P:22](=[O:21])([c:24]1[cH:25][cH:26][cH:27][cH:28][cH:29]1)[c:30]1[cH:31][cH:32][cH:33][cH:34][cH:35]1>>[CH3:1][O:2][c:3]1[cH:4][cH:5][c:6]([CH2:7][c:8]2[c:9]3[cH:10][cH:11][cH:12][cH:13][c:14]3[cH:15][cH:16][n+:17]2[NH2:18])[cH:19][cH:20]1,"[None, ['N:18 - O:23']]",[['N:17 - N:18']],[],[],"[(0, '[N:1][n&+:2]1ccccc1', 'N:17 - N:18', 'N', 'SINGLE', 'N')]","[(1, '[#8]=[#15]([#8]-[#7])(c)c', 'N:18 - O:23', 'O', 'SINGLE', 'N', '[#8]=[#15]([#8])([c])[c]', '[#7]')]","[(0, '[#6]12[#6][#6][#7]([#6][#6]1[#6][#6][#6][#6]2)-[#7]', 'N:17 - N:18', 'N', 'SINGLE', 'N', '[#6]1([#6][#6][#7][#6]2)[#6]2[#6][#6][#6][#6]1', '[#7]')]"
c1,NOP(=O)(c1ccccc1)c1ccccc1.O=C1CCCCN1c1ccc(N2CCC=C(N3CCOCC3)C2=O)cc1>>N[N+]1(C2=CCCN(c3ccc(N4CCCCC4=O)cc3)C2=O)CCOCC1,N[N+]1(C2=CCCN(c3ccc(N4CCCCC4=O)cc3)C2=O)CCOCC1,[NH2:1][O:30][P:29](=[O:28])([c:31]1[cH:32][cH:33][cH:34][cH:35][cH:36]1)[c:37]1[cH:38][cH:39][cH:40][cH:41][cH:42]1.[N:2]1([C:3]2=[CH:4][CH2:5][CH2:6][N:7]([c:8]3[cH:9][cH:10][c:11]([N:12]4[CH2:13][CH2:14][CH2:15][CH2:16][C:17]4=[O:18])[cH:19][cH:20]3)[C:21]2=[O:22])[CH2:23][CH2:24][O:25][CH2:26][CH2:27]1>>[NH2:1][N+:2]1([C:3]2=[CH:4][CH2:5][CH2:6][N:7]([c:8]3[cH:9][cH:10][c:11]([N:12]4[CH2:13][CH2:14][CH2:15][CH2:16][C:17]4=[O:18])[cH:19][cH:20]3)[C:21]2=[O:22])[CH2:23][CH2:24][O:25][CH2:26][CH2:27]1,"[['N:1 - O:30'], None]",[['N:1 - N:2']],[],[],"[(0, '[#6][#7&+:1]([#7:2])([#6])[#6]', 'N:1 - N:2', 'N', 'SINGLE', 'N')]","[(0, '[#8]=[#15]([#8]-[#7])(c)c', 'N:1 - O:30', 'O', 'SINGLE', 'N', '[#8]=[#15]([#8])([c])[c]', '[#7]')]","[(0, '[#7]1([#6][#6][#8][#6][#6]1)-[#7]', 'N:1 - N:2', 'N', 'SINGLE', 'N', '[#7]1[#6][#6][#8][#6][#6]1', '[#7]')]"
c1,NOP(=O)(c1ccccc1)c1ccccc1.c1ccc(Cc2ncc[nH]2)cc1>>Nn1cc[n+](N)c1Cc1ccccc1,Nn1cc[n+](N)c1Cc1ccccc1,[NH2:14]OP(c1ccccc1)(c2ccccc2)=O.[NH2:1]OP(c3ccccc3)(c4ccccc4)=O.[c:6]5([CH2:7][c:8]6[cH:13][cH:12][cH:11][cH:10][cH:9]6)[n:2][cH:3][cH:4][nH:5]5>>[NH2:14][n:5]7[c:6]([CH2:7][c:8]8[cH:13][cH:12][cH:11][cH:10][cH:9]8)[n+:2]([NH2:1])[cH:3][cH:4]7,"[['N:6 - O:17'], ['C:7 aromatic N:1', 'C:4 aromatic N:1', 'N:2 - H']]","[['C:7 aromatic N:5', 'N:1 - H', 'N:1 - N:2', 'N:5 - N:6', 'C:4 aromatic N:5']]",[],[],"[(0, '[#7:2]', 'N:1 - H', 'N', 'SINGLE', 'H', '[#7]', '[H]'), (0, '[#7:1]1[#6:2][#7][#6][#6]1', 'N:5 - N:6', 'N', 'SINGLE', 'N'), (0, '[#7:2]1[#6][#7][#6][#6:1]1', 'C:4 aromatic N:5', 'C', 'AROMATIC', 'N')]",[],"[(0, '[#7]1([#6][#7][#6][#6]1)-[#7]', 'N:1 - N:2', 'N', 'SINGLE', 'N', '[#7]1[#6][#7][#6][#6]1', '[#7]')]"
c1,NOP(=O)(c1ccccc1)c1ccccc1.O=Cc1ccc2c(c1)c1ccccc1n2Cc1ccccc1>>NC(=O)c1ccc2c(c1)c1ccccc1n2Cc1ccccc1,NC(=O)c1ccc2c(c1)c1ccccc1n2Cc1ccccc1,[NH2:1][O:26][P:25](=[O:24])([c:27]1[cH:28][cH:29][cH:30][cH:31][cH:32]1)[c:33]1[cH:34][cH:35][cH:36][cH:37][cH:38]1.[CH:2](=[O:3])[c:4]1[cH:5][cH:6][c:7]2[c:8]([cH:9]1)[c:10]1[cH:11][cH:12][cH:13][cH:14][c:15]1[n:16]2[CH2:17][c:18]1[cH:19][cH:20][cH:21][cH:22][cH:23]1>>[NH2:1][C:2](=[O:3])[c:4]1[cH:5][cH:6][c:7]2[c:8]([cH:9]1)[c:10]1[cH:11][cH:12][cH:13][cH:14][c:15]1[n:16]2[CH2:17][c:18]1[cH:19][cH:20][cH:21][cH:22][cH:23]1,"[['N:1 - O:26'], ['C:2 - H']]",[['C:2 - N:1']],[],"[(1, '[#6&X3&H1:2]=[#8]', 'C:2 - H', 'C', 'SINGLE', 'H', '[#6X3;H1](=[#8])', '[H]')]","[(0, '[#6:1](=[#8])[#7:2]', 'C:2 - N:1', 'C', 'SINGLE', 'N')]","[(0, '[#8]=[#15]([#8]-[#7])(c)c', 'N:1 - O:26', 'O', 'SINGLE', 'N', '[#8]=[#15]([#8])([c])[c]', '[#7]')]","[(0, '[#6](=[#8])-[#7]', 'C:2 - N:1', 'C', 'SINGLE', 'N', '[#6]=[#8]', '[#7]')]"
c1,Cn1cnnc1.NOP(=O)(c1ccccc1)c1ccccc1>>Cn1cn[n+](N)c1,Cn1cn[n+](N)c1,[CH3:1][n:2]1[cH:3][n:4][n:5][cH:7]1.[NH2:6][O:10][P:9](=[O:8])([c:11]1[cH:12][cH:13][cH:14][cH:15][cH:16]1)[c:17]1[cH:18][cH:19][cH:20][cH:21][cH:22]1>>[CH3:1][n:2]1[cH:3][n:4][n+:5]([NH2:6])[cH:7]1,"[None, ['N:6 - O:10']]",[['N:5 - N:6']],[],[],[],"[(1, '[#8]=[#15]([#8]-[#7])(c)c', 'N:6 - O:10', 'O', 'SINGLE', 'N', '[#8]=[#15]([#8])([c])[c]', '[#7]')]","[(0, '[#7]-[#7]', 'N:5 - N:6', 'N', 'SINGLE', 'N', '[#7]', '[#7]')]"
c1,NOP(=O)(c1ccccc1)c1ccccc1.c1cc2cc[nH]c2cn1>>N[n+]1ccc2cc[nH]c2c1,N[n+]1ccc2cc[nH]c2c1,[NH2:1][O:13][P:12](=[O:11])([c:14]1[cH:15][cH:16][cH:17][cH:18][cH:19]1)[c:20]1[cH:21][cH:22][cH:23][cH:24][cH:25]1.[n:2]1[cH:3][cH:4][c:5]2[cH:6][cH:7][nH:8][c:9]2[cH:10]1>>[NH2:1][n+:2]1[cH:3][cH:4][c:5]2[cH:6][cH:7][nH:8][c:9]2[cH:10]1,"[['N:1 - O:13'], None]",[['N:1 - N:2']],[],[],"[(0, '[N:1][n&+:2]1ccccc1', 'N:1 - N:2', 'N', 'SINGLE', 'N')]","[(0, '[#8]=[#15]([#8]-[#7])(c)c', 'N:1 - O:13', 'O', 'SINGLE', 'N', '[#8]=[#15]([#8])([c])[c]', '[#7]')]","[(0, '[#6]1[#6][#6][#7]([#6][#6]1)-[#7]', 'N:1 - N:2', 'N', 'SINGLE', 'N', '[#6]1[#6][#6][#7][#6][#6]1', '[#7]')]"
c1,NOP(=O)(c1ccccc1)c1ccccc1.O=C(O)C1CCN(Cc2ccccn2)CC1>>N[n+]1ccccc1CN1CCC(C(=O)O)CC1,N[n+]1ccccc1CN1CCC(C(=O)O)CC1,[NH2:1][O:20][P:19](=[O:18])([c:21]1[cH:22][cH:23][cH:24][cH:25][cH:26]1)[c:27]1[cH:28][cH:29][cH:30][cH:31][cH:32]1.[n:2]1[cH:3][cH:4][cH:5][cH:6][c:7]1[CH2:8][N:9]1[CH2:10][CH2:11][CH:12]([C:13](=[O:14])[OH:15])[CH2:16][CH2:17]1>>[NH2:1][n+:2]1[cH:3][cH:4][cH:5][cH:6][c:7]1[CH2:8][N:9]1[CH2:10][CH2:11][CH:12]([C:13](=[O:14])[OH:15])[CH2:16][CH2:17]1,"[['N:1 - O:20'], None]",[['N:1 - N:2']],[],[],"[(0, '[N:1][n&+:2]1ccccc1', 'N:1 - N:2', 'N', 'SINGLE', 'N')]","[(0, '[#8]=[#15]([#8]-[#7])(c)c', 'N:1 - O:20', 'O', 'SINGLE', 'N', '[#8]=[#15]([#8])([c])[c]', '[#7]')]","[(0, '[#6]1[#6][#6][#7]([#6][#6]1)-[#7]', 'N:1 - N:2', 'N', 'SINGLE', 'N', '[#6]1[#6][#6][#7][#6][#6]1', '[#7]')]"
c1,Cc1ccc(S(=O)(=O)N2CC(=O)C2)cc1.NOP(=O)(c1ccccc1)c1ccccc1>>Cc1ccc(S(=O)(=O)[N+]2(N)CC(=O)C2)cc1,Cc1ccc(S(=O)(=O)[N+]2(N)CC(=O)C2)cc1,[CH3:1][c:2]1[cH:3][cH:4][c:5]([S:6](=[O:7])(=[O:8])[N:9]2[CH2:11][C:12](=[O:13])[CH2:14]2)[cH:15][cH:16]1.[NH2:10][O:19][P:18](=[O:17])([c:20]1[cH:21][cH:22][cH:23][cH:24][cH:25]1)[c:26]1[cH:27][cH:28][cH:29][cH:30][cH:31]1>>[CH3:1][c:2]1[cH:3][cH:4][c:5]([S:6](=[O:7])(=[O:8])[N+:9]2([NH2:10])[CH2:11][C:12](=[O:13])[CH2:14]2)[cH:15][cH:16]1,"[None, ['N:10 - O:19']]",[['N:9 - N:10']],[],[],"[(0, '[#16&v6](=[#8])(=[#8])[#7;H1,H0:1][#7;X3&H1&+0,X3&H2&+0,X3&H0&+0:2]', 'N:9 - N:10', 'N', 'SINGLE', 'N')]","[(1, '[#8]=[#15]([#8]-[#7])(c)c', 'N:10 - O:19', 'O', 'SINGLE', 'N', '[#8]=[#15]([#8])([c])[c]', '[#7]')]","[(0, '[#6]1[#6][#7]([#6]1)-[#7]', 'N:9 - N:10', 'N', 'SINGLE', 'N', '[#6]1[#6][#7][#6]1', '[#7]')]"
c1,CN1CC=CCC1.Cl.NOP(=O)(c1ccccc1)c1ccccc1>>C[N+]1(N)CC=CCC1,C[N+]1(N)CC=CCC1,[CH3:1][N:2]1[CH2:4][CH:5]=[CH:6][CH2:7][CH2:8]1.[ClH:9].[NH2:3][O:12][P:11](=[O:10])([c:13]1[cH:14][cH:15][cH:16][cH:17][cH:18]1)[c:19]1[cH:20][cH:21][cH:22][cH:23][cH:24]1>>[CH3:1][N+:2]1([NH2:3])[CH2:4][CH:5]=[CH:6][CH2:7][CH2:8]1,"[None, None, ['N:3 - O:12']]",[['N:2 - N:3']],[],[],"[(0, '[#6][#7&+:1]([#7:2])([#6])[#6]', 'N:2 - N:3', 'N', 'SINGLE', 'N')]","[(2, '[#8]=[#15]([#8]-[#7])(c)c', 'N:3 - O:12', 'O', 'SINGLE', 'N', '[#8]=[#15]([#8])([c])[c]', '[#7]')]","[(0, '[#6]1=[#6][#6][#7]([#6][#6]1)-[#7]', 'N:2 - N:3', 'N', 'SINGLE', 'N', '[#6]1=[#6][#6][#7][#6][#6]1', '[#7]')]"
c1,Ic1cccc2cnccc12.NOP(=O)(c1ccccc1)c1ccccc1>>N[n+]1ccc2c(I)cccc2c1,N[n+]1ccc2c(I)cccc2c1,[n:2]1[cH:3][cH:4][c:5]2[c:6]([I:7])[cH:8][cH:9][cH:10][c:11]2[cH:12]1.[NH2:1][O:15][P:14](=[O:13])([c:16]1[cH:17][cH:18][cH:19][cH:20][cH:21]1)[c:22]1[cH:23][cH:24][cH:25][cH:26][cH:27]1>>[NH2:1][n+:2]1[cH:3][cH:4][c:5]2[c:6]([I:7])[cH:8][cH:9][cH:10][c:11]2[cH:12]1,"[None, ['N:1 - O:15']]",[['N:1 - N:2']],[],[],"[(0, '[N:1][n&+:2]1ccccc1', 'N:1 - N:2', 'N', 'SINGLE', 'N')]","[(1, '[#8]=[#15]([#8]-[#7])(c)c', 'N:1 - O:15', 'O', 'SINGLE', 'N', '[#8]=[#15]([#8])([c])[c]', '[#7]')]","[(0, '[#6]12[#6][#6][#7]([#6][#6]1[#6][#6][#6][#6]2)-[#7]', 'N:1 - N:2', 'N', 'SINGLE', 'N', '[#6]1([#6][#6][#7][#6]2)[#6]2[#6][#6][#6][#6]1', '[#7]')]"
c1,NOP(=O)(c1ccccc1)c1ccccc1.c1ccc(-c2ccsc2)nc1>>N[n+]1ccccc1-c1ccsc1,N[n+]1ccccc1-c1ccsc1,[NH2:1][O:15][P:14](=[O:13])([c:16]1[cH:17][cH:18][cH:19][cH:20][cH:21]1)[c:22]1[cH:23][cH:24][cH:25][cH:26][cH:27]1.[n:2]1[cH:3][cH:4][cH:5][cH:6][c:7]1-[c:8]1[cH:9][cH:10][s:11][cH:12]1>>[NH2:1][n+:2]1[cH:3][cH:4][cH:5][cH:6][c:7]1-[c:8]1[cH:9][cH:10][s:11][cH:12]1,"[['N:1 - O:15'], None]",[['N:1 - N:2']],[],[],"[(0, '[N:1][n&+:2]1ccccc1', 'N:1 - N:2', 'N', 'SINGLE', 'N')]","[(0, '[#8]=[#15]([#8]-[#7])(c)c', 'N:1 - O:15', 'O', 'SINGLE', 'N', '[#8]=[#15]([#8])([c])[c]', '[#7]')]","[(0, '[#6]1[#6][#6][#7]([#6][#6]1)-[#7]', 'N:1 - N:2', 'N', 'SINGLE', 'N', '[#6]1[#6][#6][#7][#6][#6]1', '[#7]')]"
c1,Clc1cnc2ccccn12.NOP(=O)(c1ccccc1)c1ccccc1>>N[n+]1cc(Cl)n2ccccc21,N[n+]1cc(Cl)n2ccccc21,[n:2]1[cH:3][c:4]([Cl:5])[n:6]2[cH:7][cH:8][cH:9][cH:10][c:11]12.[NH2:1][O:14][P:13](=[O:12])([c:15]1[cH:16][cH:17][cH:18][cH:19][cH:20]1)[c:21]1[cH:22][cH:23][cH:24][cH:25][cH:26]1>>[NH2:1][n+:2]1[cH:3][c:4]([Cl:5])[n:6]2[cH:7][cH:8][cH:9][cH:10][c:11]12,"[None, ['N:1 - O:14']]",[['N:1 - N:2']],[],[],[],"[(1, '[#8]=[#15]([#8]-[#7])(c)c', 'N:1 - O:14', 'O', 'SINGLE', 'N', '[#8]=[#15]([#8])([c])[c]', '[#7]')]","[(0, '[#7]1([#6][#7][#6][#6]1)-[#7]', 'N:1 - N:2', 'N', 'SINGLE', 'N', '[#7]1[#6][#7][#6][#6]1', '[#7]')]"
c1,CCOC(=O)C1=NN=C(C)C1.NOP(=O)(c1ccccc1)c1ccccc1>>CCOC(=O)C1=NN=C(C)C1N,CCOC(=O)C1=NN=C(C)C1N,[CH3:1][CH2:2][O:3][C:4](=[O:5])[C:6]1=[N:7][N:8]=[C:9]([CH3:10])[CH2:11]1.[NH2:12][O:15][P:14](=[O:13])([c:16]1[cH:17][cH:18][cH:19][cH:20][cH:21]1)[c:22]1[cH:23][cH:24][cH:25][cH:26][cH:27]1>>[CH3:1][CH2:2][O:3][C:4](=[O:5])[C:6]1=[N:7][N:8]=[C:9]([CH3:10])[CH:11]1[NH2:12],"[['C:11 - H'], ['N:12 - O:15']]",[['C:11 - N:12']],[],"[(0, '[#6]1=[#7][#7]=[#6][#6:2]1', 'C:11 - H', 'C', 'SINGLE', 'H', '[#6]1=[#7][#7]=[#6][#6]1', '[H]')]","[(0, '[#7&X3&H2:1][#6:2]', 'C:11 - N:12', 'C', 'SINGLE', 'N')]","[(1, '[#8]=[#15]([#8]-[#7])(c)c', 'N:12 - O:15', 'O', 'SINGLE', 'N', '[#8]=[#15]([#8])([c])[c]', '[#7]')]","[(0, '[#6]1=[#7][#7]=[#6][#6]1-[#7]', 'C:11 - N:12', 'C', 'SINGLE', 'N', '[#6]1=[#7][#7]=[#6][#6]1', '[#7]')]"
c1,Cc1ncnc2nc[nH]c12.NOP(=O)(c1ccccc1)c1ccccc1>>Cc1ncnc2c1n(N)c[n+]2N,Cc1ncnc2c1n(N)c[n+]2N,[NH2:12][O:13][P:14]([c:15]1[cH:16][cH:17][cH:18][cH:19][cH:20]1)([c:21]1[cH:22][cH:23][cH:24][cH:25][cH:26]1)=[O:27].[CH3:1][c:2]1[n:3][cH:4][n:5][c:6]2[c:7]1[nH:8][cH:9][n:10]2.[NH2:11][O:28][P:29]([c:30]1[cH:31][cH:32][cH:33][cH:34][cH:35]1)([c:36]1[cH:37][cH:38][cH:39][cH:40][cH:41]1)=[O:42]>>[CH3:1][c:2]1[n:3][cH:4][n:5][c:6]2[c:7]1[n:8]([NH2:11])[cH:9][n+:10]2[NH2:12],"[['N:12 - O:13'], ['N:8 - H'], ['N:11 - O:28']]","[['N:10 - N:12', 'N:8 - N:11']]",[],"[(1, 'c12nc[n:2]c1cncn2', 'N:8 - H', 'N', 'SINGLE', 'H', '[c]1([n][c][n]2)[c]2[c][n][c][n]1', '[H]')]","[(0, '[#7;X3&H1&+0,X3&H2&+0,X3&H0&+0:1][#7;X3&H1&+0,X3&H2&+0,X3&H0&+0:2]', 'N:8 - N:11', 'N', 'SINGLE', 'N')]","[(0, '[#8]=[#15]([#8]-[#7])(c)c', 'N:12 - O:13', 'O', 'SINGLE', 'N', '[#8]=[#15]([#8])([c])[c]', '[#7]'), (2, '[#8]=[#15]([#8]-[#7])(c)c', 'N:11 - O:28', 'O', 'SINGLE', 'N', '[#8]=[#15]([#8])([c])[c]', '[#7]')]","[(0, '[#7]1([#6][#7][#6][#6]1)-[#7]', 'N:10 - N:12', 'N', 'SINGLE', 'N', '[#7]1[#6][#7][#6][#6]1', '[#7]'), (0, '[#7]1([#6][#7][#6][#6]1)-[#7]', 'N:8 - N:11', 'N', 'SINGLE', 'N', '[#7]1[#6][#7][#6][#6]1', '[#7]')]"
c1,NOP(=O)(c1ccccc1)c1ccccc1.OB(O)c1ccncc1>>N[n+]1ccc(B(O)O)cc1,N[n+]1ccc(B(O)O)cc1,[NH2:1][O:13][P:12](=[O:11])([c:14]1[cH:15][cH:16][cH:17][cH:18][cH:19]1)[c:20]1[cH:21][cH:22][cH:23][cH:24][cH:25]1.[n:2]1[cH:3][cH:4][c:5]([B:6]([OH:7])[OH:8])[cH:9][cH:10]1>>[NH2:1][n+:2]1[cH:3][cH:4][c:5]([B:6]([OH:7])[OH:8])[cH:9][cH:10]1,"[['N:1 - O:13'], None]",[['N:1 - N:2']],[],[],"[(0, '[N:1][n&+:2]1ccccc1', 'N:1 - N:2', 'N', 'SINGLE', 'N')]","[(0, '[#8]=[#15]([#8]-[#7])(c)c', 'N:1 - O:13', 'O', 'SINGLE', 'N', '[#8]=[#15]([#8])([c])[c]', '[#7]')]","[(0, '[#6]1[#6][#6][#7]([#6][#6]1)-[#7]', 'N:1 - N:2', 'N', 'SINGLE', 'N', '[#6]1[#6][#6][#7][#6][#6]1', '[#7]')]"
c1,NOP(=O)(c1ccccc1)c1ccccc1.c1ccc(-c2nnn[nH]2)cc1>>Nn1nnnc1-c1ccccc1,Nn1nnnc1-c1ccccc1,[NH2:1][O:15][P:14](=[O:13])([c:16]1[cH:17][cH:18][cH:19][cH:20][cH:21]1)[c:22]1[cH:23][cH:24][cH:25][cH:26][cH:27]1.[nH:2]1[n:3][n:4][n:5][c:6]1-[c:7]1[cH:8][cH:9][cH:10][cH:11][cH:12]1>>[NH2:1][n:2]1[n:3][n:4][n:5][c:6]1-[c:7]1[cH:8][cH:9][cH:10][cH:11][cH:12]1,"[['N:1 - O:15'], ['N:2 - H']]",[['N:1 - N:2']],[],"[(1, 'n1nnc[n:2]1', 'N:2 - H', 'N', 'SINGLE', 'H', 'n1nncn1', '[H]')]","[(0, '[#7;X3&H1&+0,X3&H2&+0,X3&H0&+0:1][#7;X3&H1&+0,X3&H2&+0,X3&H0&+0:2]', 'N:1 - N:2', 'N', 'SINGLE', 'N')]","[(0, '[#8]=[#15]([#8]-[#7])(c)c', 'N:1 - O:15', 'O', 'SINGLE', 'N', '[#8]=[#15]([#8])([c])[c]', '[#7]')]","[(0, '[#7]-[#7]', 'N:1 - N:2', 'N', 'SINGLE', 'N', '[#7]', '[#7]')]"
c1,NOP(=O)(c1ccccc1)c1ccccc1.OB1c2ccccc2Oc2ccccc21>>NOB1c2ccccc2Oc2ccccc21,NOB1c2ccccc2Oc2ccccc21,[NH2:1]OP(c1ccccc1)(c2ccccc2)=O.[OH:3][B:2]3[c:4]4[c:9]([O:10][c:11]5[c:16]3[cH:15][cH:14][cH:13][cH:12]5)[cH:8][cH:7][cH:6][cH:5]4>>[NH2:1][O:3][B:2]6[c:4]7[c:9]([O:10][c:11]8[c:16]6[cH:15][cH:14][cH:13][cH:12]8)[cH:8][cH:7][cH:6][cH:5]7,"[['O:2 - P:18'], ['B:3 - O:31']]",[['B:3 - O:2']],[],[],"[(0, '[#8:1][#5:2][#6]', 'B:3 - O:2', 'B', 'SINGLE', 'O')]",[],[]
c1,NOP(=O)(c1ccccc1)c1ccccc1.OCc1ccccc1N1CCN(Cc2ccccc2)CC1>>NOCc1ccccc1N1CCN(Cc2ccccc2)CC1,NOCc1ccccc1N1CCN(Cc2ccccc2)CC1,[NH2:1]OP(c1ccccc1)(c2ccccc2)=O.[OH:22][CH2:2][c:3]3[c:8]([N:9]4[CH2:10][CH2:11][N:12]([CH2:20][CH2:21]4)[CH2:13][c:14]5[cH:19][cH:18][cH:17][cH:16][cH:15]5)[cH:7][cH:6][cH:5][cH:4]3>>[NH2:1][O:22][CH2:2][c:3]6[c:8]([N:9]7[CH2:10][CH2:11][N:12]([CH2:20][CH2:21]7)[CH2:13][c:14]8[cH:19][cH:18][cH:17][cH:16][cH:15]8)[cH:7][cH:6][cH:5][cH:4]6,"[['O:2 - P:24'], ['C:3 - O:37']]",[['C:3 - O:2']],[],[],"[(0, 'c1cccc[c:1]1[#6&X4:2]', 'C:3 - O:2', 'C', 'SINGLE', 'O')]",[],"[(0, '[#6]-c1ccccc1[#7&!a;X4&H1&+,X4&H2&+,X4&H3&+,X3&H1&+0,X3&H0&+0,X3&H2&+0;!$([#7][!#6])]', 'C:3 - O:2', 'C', 'SINGLE', 'C', '[#6]', '[c]1[c][c][c][c][c]1[#7;!a;X4H+,X4H2+,X4H3+,X3H+0,X3H0+0,X3H2+0;!$([#7][!#6])]')]"
c1,Cn1cnc(N)c2ncnc1-2.NOP(=O)(c1ccccc1)c1ccccc1>>Cn1cnc(N)c2[n+](N)cnc1-2,Cn1cnc(N)c2[n+](N)cnc1-2,[CH3:1][n:2]1[cH:3][n:4][c:5]([NH2:6])[c:7]2[n:8][cH:10][n:11][c:12]1-2.[NH2:9][O:15][P:14](=[O:13])([c:16]1[cH:17][cH:18][cH:19][cH:20][cH:21]1)[c:22]1[cH:23][cH:24][cH:25][cH:26][cH:27]1>>[CH3:1][n:2]1[cH:3][n:4][c:5]([NH2:6])[c:7]2[n+:8]([NH2:9])[cH:10][n:11][c:12]1-2,"[None, ['N:9 - O:15']]",[['N:8 - N:9']],[],[],[],"[(1, '[#8]=[#15]([#8]-[#7])(c)c', 'N:9 - O:15', 'O', 'SINGLE', 'N', '[#8]=[#15]([#8])([c])[c]', '[#7]')]","[(0, '[#7]1([#6][#7][#6][#6]1)-[#7]', 'N:8 - N:9', 'N', 'SINGLE', 'N', '[#7]1[#6][#7][#6][#6]1', '[#7]')]"
c1,NOP(=O)(c1ccccc1)c1ccccc1.c1cc(N2CCOCC2)ccn1>>N[n+]1ccc(N2CCOCC2)cc1,N[n+]1ccc(N2CCOCC2)cc1,[NH2:1][O:16][P:15](=[O:14])([c:17]1[cH:18][cH:19][cH:20][cH:21][cH:22]1)[c:23]1[cH:24][cH:25][cH:26][cH:27][cH:28]1.[n:2]1[cH:3][cH:4][c:5]([N:6]2[CH2:7][CH2:8][O:9][CH2:10][CH2:11]2)[cH:12][cH:13]1>>[NH2:1][n+:2]1[cH:3][cH:4][c:5]([N:6]2[CH2:7][CH2:8][O:9][CH2:10][CH2:11]2)[cH:12][cH:13]1,"[['N:1 - O:16'], None]",[['N:1 - N:2']],[],[],"[(0, '[N:1][n&+:2]1ccccc1', 'N:1 - N:2', 'N', 'SINGLE', 'N')]","[(0, '[#8]=[#15]([#8]-[#7])(c)c', 'N:1 - O:16', 'O', 'SINGLE', 'N', '[#8]=[#15]([#8])([c])[c]', '[#7]')]","[(0, '[#6]1[#6][#6][#7]([#6][#6]1)-[#7]', 'N:1 - N:2', 'N', 'SINGLE', 'N', '[#6]1[#6][#6][#7][#6][#6]1', '[#7]')]"
c1,NOP(=O)(c1ccccc1)c1ccccc1.O=[PH](c1cccc2ccccc12)c1cccc2ccccc12>>NP(=O)(c1cccc2ccccc12)c1cccc2ccccc12,NP(=O)(c1cccc2ccccc12)c1cccc2ccccc12,[NH2:1][O:26][P:25](=[O:24])([c:27]1[cH:28][cH:29][cH:30][cH:31][cH:32]1)[c:33]1[cH:34][cH:35][cH:36][cH:37][cH:38]1.[PH:2](=[O:3])([c:4]1[cH:5][cH:6][cH:7][c:8]2[cH:9][cH:10][cH:11][cH:12][c:13]12)[c:14]1[cH:15][cH:16][cH:17][c:18]2[cH:19][cH:20][cH:21][cH:22][c:23]12>>[NH2:1][P:2](=[O:3])([c:4]1[cH:5][cH:6][cH:7][c:8]2[cH:9][cH:10][cH:11][cH:12][c:13]12)[c:14]1[cH:15][cH:16][cH:17][c:18]2[cH:19][cH:20][cH:21][cH:22][c:23]12,"[['N:1 - O:26'], ['P:2 - H']]",[['N:1 - P:2']],[],"[(1, '[#8]=[#15:2]([#6])[#6]', 'P:2 - H', 'P', 'SINGLE', 'H', '[#8]=[#15]([#6])[#6]', '[H]')]","[(0, '[#8]=[#15:1]([#7:2])([#6])[#6]', 'N:1 - P:2', 'N', 'SINGLE', 'P')]","[(0, '[#8]=[#15]([#8]-[#7])(c)c', 'N:1 - O:26', 'O', 'SINGLE', 'N', '[#8]=[#15]([#8])([c])[c]', '[#7]')]","[(0, '[#8]=[#15]([#6])([#6])-[#7]', 'N:1 - P:2', 'P', 'SINGLE', 'N', '[#8]=[#15]([#6])[#6]', '[#7]')]"
c1,Clc1cccc2cn[nH]c12.NOP(=O)(c1ccccc1)c1ccccc1>>Nn1ncc2cccc(Cl)c21,Nn1ncc2cccc(Cl)c21,[nH:2]1[n:3][cH:4][c:5]2[cH:6][cH:7][cH:8][c:9]([Cl:10])[c:11]12.[NH2:1][O:14][P:13](=[O:12])([c:15]1[cH:16][cH:17][cH:18][cH:19][cH:20]1)[c:21]1[cH:22][cH:23][cH:24][cH:25][cH:26]1>>[NH2:1][n:2]1[n:3][cH:4][c:5]2[cH:6][cH:7][cH:8][c:9]([Cl:10])[c:11]12,"[['N:2 - H'], ['N:1 - O:14']]",[['N:1 - N:2']],[],"[(0, 'c12[n:2]ncc1cccc2', 'N:2 - H', 'N', 'SINGLE', 'H', '[c]1([n][n][c]2)[c]2[c][c][c][c]1', '[H]')]","[(0, '[#7;X3&H1&+0,X3&H2&+0,X3&H0&+0:1][#7;X3&H1&+0,X3&H2&+0,X3&H0&+0:2]', 'N:1 - N:2', 'N', 'SINGLE', 'N')]","[(1, '[#8]=[#15]([#8]-[#7])(c)c', 'N:1 - O:14', 'O', 'SINGLE', 'N', '[#8]=[#15]([#8])([c])[c]', '[#7]')]","[(0, '[#6]1[#7]([#7][#6][#6]1)-[#7]', 'N:1 - N:2', 'N', 'SINGLE', 'N', '[#6]1[#7][#7][#6][#6]1', '[#7]')]"
c1,N#CC1CCSCC1.NOP(=O)(c1ccccc1)c1ccccc1>>N#CC1(N)CCSCC1,N#CC1(N)CCSCC1,[N:1]#[C:2][CH:3]1[CH2:5][CH2:6][S:7][CH2:8][CH2:9]1.[NH2:4][O:12][P:11](=[O:10])([c:13]1[cH:14][cH:15][cH:16][cH:17][cH:18]1)[c:19]1[cH:20][cH:21][cH:22][cH:23][cH:24]1>>[N:1]#[C:2][C:3]1([NH2:4])[CH2:5][CH2:6][S:7][CH2:8][CH2:9]1,"[['C:3 - H'], ['N:4 - O:12']]",[['C:3 - N:4']],[],"[(0, '[#6:2]1[#6][#6][#16][#6][#6]1', 'C:3 - H', 'C', 'SINGLE', 'H', '[#6]1[#6][#6][#16][#6][#6]1', '[H]')]","[(0, '[#7&X3&H2:1][#6:2]', 'C:3 - N:4', 'C', 'SINGLE', 'N')]","[(1, '[#8]=[#15]([#8]-[#7])(c)c', 'N:4 - O:12', 'O', 'SINGLE', 'N', '[#8]=[#15]([#8])([c])[c]', '[#7]')]","[(0, '[#6]1([#6][#6][#16][#6][#6]1)-[#7]', 'C:3 - N:4', 'C', 'SINGLE', 'N', '[#6]1[#6][#6][#16][#6][#6]1', '[#7]')]"
c1,NOP(=O)(c1ccccc1)c1ccccc1.c1cc(SSc2ccncc2)ccn1>>N[n+]1ccc(SSc2ccncc2)cc1,N[n+]1ccc(SSc2ccncc2)cc1,[NH2:1][O:18][P:17](=[O:16])([c:19]1[cH:20][cH:21][cH:22][cH:23][cH:24]1)[c:25]1[cH:26][cH:27][cH:28][cH:29][cH:30]1.[n:2]1[cH:3][cH:4][c:5]([S:6][S:7][c:8]2[cH:9][cH:10][n:11][cH:12][cH:13]2)[cH:14][cH:15]1>>[NH2:1][n+:2]1[cH:3][cH:4][c:5]([S:6][S:7][c:8]2[cH:9][cH:10][n:11][cH:12][cH:13]2)[cH:14][cH:15]1,"[['N:1 - O:18'], None]",[['N:1 - N:2']],[],[],"[(0, '[N:1][n&+:2]1ccccc1', 'N:1 - N:2', 'N', 'SINGLE', 'N')]","[(0, '[#8]=[#15]([#8]-[#7])(c)c', 'N:1 - O:18', 'O', 'SINGLE', 'N', '[#8]=[#15]([#8])([c])[c]', '[#7]')]","[(0, '[#6]1[#6][#6][#7]([#6][#6]1)-[#7]', 'N:1 - N:2', 'N', 'SINGLE', 'N', '[#6]1[#6][#6][#7][#6][#6]1', '[#7]')]"
c1,NOP(=O)(c1ccccc1)c1ccccc1.OB(O)c1ccnc2ccccc12>>N[n+]1ccc(B(O)O)c2ccccc21,N[n+]1ccc(B(O)O)c2ccccc21,[NH2:1][O:17][P:16](=[O:15])([c:18]1[cH:19][cH:20][cH:21][cH:22][cH:23]1)[c:24]1[cH:25][cH:26][cH:27][cH:28][cH:29]1.[n:2]1[cH:3][cH:4][c:5]([B:6]([OH:7])[OH:8])[c:9]2[cH:10][cH:11][cH:12][cH:13][c:14]12>>[NH2:1][n+:2]1[cH:3][cH:4][c:5]([B:6]([OH:7])[OH:8])[c:9]2[cH:10][cH:11][cH:12][cH:13][c:14]12,"[['N:1 - O:17'], None]",[['N:1 - N:2']],[],[],"[(0, '[N:1][n&+:2]1ccccc1', 'N:1 - N:2', 'N', 'SINGLE', 'N')]","[(0, '[#8]=[#15]([#8]-[#7])(c)c', 'N:1 - O:17', 'O', 'SINGLE', 'N', '[#8]=[#15]([#8])([c])[c]', '[#7]')]","[(0, '[#6]12[#6][#6][#6][#7]([#6]1[#6][#6][#6][#6]2)-[#7]', 'N:1 - N:2', 'N', 'SINGLE', 'N', '[#6]1([#6][#6][#6][#7]2)[#6]2[#6][#6][#6][#6]1', '[#7]')]"
c1,NOP(=O)(c1ccccc1)c1ccccc1.OB(O)c1ccnc2ccccc12>>N[n+]1ccc(B(O)O)c2ccccc21,N[n+]1ccc(B(O)O)c2ccccc21,[NH2:1][O:17][P:16](=[O:15])([c:18]1[cH:19][cH:20][cH:21][cH:22][cH:23]1)[c:24]1[cH:25][cH:26][cH:27][cH:28][cH:29]1.[n:2]1[cH:3][cH:4][c:5]([B:6]([OH:7])[OH:8])[c:9]2[cH:10][cH:11][cH:12][cH:13][c:14]12>>[NH2:1][n+:2]1[cH:3][cH:4][c:5]([B:6]([OH:7])[OH:8])[c:9]2[cH:10][cH:11][cH:12][cH:13][c:14]12,"[['N:1 - O:17'], None]",[['N:1 - N:2']],[],[],"[(0, '[N:1][n&+:2]1ccccc1', 'N:1 - N:2', 'N', 'SINGLE', 'N')]","[(0, '[#8]=[#15]([#8]-[#7])(c)c', 'N:1 - O:17', 'O', 'SINGLE', 'N', '[#8]=[#15]([#8])([c])[c]', '[#7]')]","[(0, '[#6]12[#6][#6][#6][#7]([#6]1[#6][#6][#6][#6]2)-[#7]', 'N:1 - N:2', 'N', 'SINGLE', 'N', '[#6]1([#6][#6][#6][#7]2)[#6]2[#6][#6][#6][#6]1', '[#7]')]"
c1,NOP(=O)(c1ccccc1)c1ccccc1.O=C1C(N2CCOCC2)=CCCN1c1ccc(I)cc1>>N[N+]1(c2ccc(I)cc2)CCC=C(N2CCOCC2)C1=O,N[N+]1(c2ccc(I)cc2)CCC=C(N2CCOCC2)C1=O,[NH2:1][O:24][P:23](=[O:22])([c:25]1[cH:26][cH:27][cH:28][cH:29][cH:30]1)[c:31]1[cH:32][cH:33][cH:34][cH:35][cH:36]1.[N:2]1([c:3]2[cH:4][cH:5][c:6]([I:7])[cH:8][cH:9]2)[CH2:10][CH2:11][CH:12]=[C:13]([N:14]2[CH2:15][CH2:16][O:17][CH2:18][CH2:19]2)[C:20]1=[O:21]>>[NH2:1][N+:2]1([c:3]2[cH:4][cH:5][c:6]([I:7])[cH:8][cH:9]2)[CH2:10][CH2:11][CH:12]=[C:13]([N:14]2[CH2:15][CH2:16][O:17][CH2:18][CH2:19]2)[C:20]1=[O:21],"[['N:1 - O:24'], None]",[['N:1 - N:2']],[],[],"[(0, '[#6&X3](=[#8])[#7;H1,H0:1][#7;X3&H1&+0,X3&H2&+0,X3&H0&+0:2]', 'N:1 - N:2', 'N', 'SINGLE', 'N')]","[(0, '[#8]=[#15]([#8]-[#7])(c)c', 'N:1 - O:24', 'O', 'SINGLE', 'N', '[#8]=[#15]([#8])([c])[c]', '[#7]')]","[(0, '[#6]1=[#6][#6][#7]([#6][#6]1)-[#7]', 'N:1 - N:2', 'N', 'SINGLE', 'N', '[#6]1=[#6][#6][#7][#6][#6]1', '[#7]')]"
c1,NOP(=O)(c1ccccc1)c1ccccc1.c1ccc2c(c1)Sc1ccccc1S2>>N=S1c2ccccc2Sc2ccccc21,N=S1c2ccccc2Sc2ccccc21,[NH2:1][O:18][P:17](=[O:16])([c:19]1[cH:20][cH:21][cH:22][cH:23][cH:24]1)[c:25]1[cH:26][cH:27][cH:28][cH:29][cH:30]1.[S:2]1[c:3]2[cH:4][cH:5][cH:6][cH:7][c:8]2[S:9][c:10]2[cH:11][cH:12][cH:13][cH:14][c:15]21>>[NH:1]=[S:2]1[c:3]2[cH:4][cH:5][cH:6][cH:7][c:8]2[S:9][c:10]2[cH:11][cH:12][cH:13][cH:14][c:15]21,"[['N:1 - O:18', 'N:1 - H'], None]",[['N:1 = S:2']],[],"[(0, '[#7:2]', 'N:1 - H', 'N', 'SINGLE', 'H', '[#7]', '[H]')]","[(0, '[#7:1]=[#16:2]([#6])[#6]', 'N:1 = S:2', 'N', 'DOUBLE', 'S')]","[(0, '[#8]=[#15]([#8]-[#7])(c)c', 'N:1 - O:18', 'O', 'SINGLE', 'N', '[#8]=[#15]([#8])([c])[c]', '[#7]')]","[(0, '[#16]1([#6][#6][#16][#6][#6]1)=[#7]', 'N:1 = S:2', 'S', 'DOUBLE', 'N', '[#16]1[#6][#6][#16][#6][#6]1', '[#7]')]"
c1,NOP(=O)(c1ccccc1)c1ccccc1.O/N=C/c1ccncc1>>N[n+]1ccc(/C=N/O)cc1,N[n+]1ccc(/C=N/O)cc1,[NH2:1][O:13][P:12](=[O:11])([c:14]1[cH:15][cH:16][cH:17][cH:18][cH:19]1)[c:20]1[cH:21][cH:22][cH:23][cH:24][cH:25]1.[n:2]1[cH:3][cH:4][c:5](/[CH:6]=[N:7]/[OH:8])[cH:9][cH:10]1>>[NH2:1][n+:2]1[cH:3][cH:4][c:5](/[CH:6]=[N:7]/[OH:8])[cH:9][cH:10]1,"[['N:1 - O:13'], None]",[['N:1 - N:2']],[],[],"[(0, '[N:1][n&+:2]1ccccc1', 'N:1 - N:2', 'N', 'SINGLE', 'N')]","[(0, '[#8]=[#15]([#8]-[#7])(c)c', 'N:1 - O:13', 'O', 'SINGLE', 'N', '[#8]=[#15]([#8])([c])[c]', '[#7]')]","[(0, '[#6]1[#6][#6][#7]([#6][#6]1)-[#7]', 'N:1 - N:2', 'N', 'SINGLE', 'N', '[#6]1[#6][#6][#7][#6][#6]1', '[#7]')]"
c1,NOP(=O)(c1ccccc1)c1ccccc1.O=C(C(=O)c1ccccn1)c1ccccn1>>N[n+]1ccccc1C(=O)C(=O)c1ccccn1,N[n+]1ccccc1C(=O)C(=O)c1ccccn1,[NH2:1][O:20][P:19](=[O:18])([c:21]1[cH:22][cH:23][cH:24][cH:25][cH:26]1)[c:27]1[cH:28][cH:29][cH:30][cH:31][cH:32]1.[n:2]1[cH:3][cH:4][cH:5][cH:6][c:7]1[C:8](=[O:9])[C:10](=[O:11])[c:12]1[cH:13][cH:14][cH:15][cH:16][n:17]1>>[NH2:1][n+:2]1[cH:3][cH:4][cH:5][cH:6][c:7]1[C:8](=[O:9])[C:10](=[O:11])[c:12]1[cH:13][cH:14][cH:15][cH:16][n:17]1,"[['N:1 - O:20'], None]",[['N:1 - N:2']],[],[],"[(0, '[N:1][n&+:2]1ccccc1', 'N:1 - N:2', 'N', 'SINGLE', 'N')]","[(0, '[#8]=[#15]([#8]-[#7])(c)c', 'N:1 - O:20', 'O', 'SINGLE', 'N', '[#8]=[#15]([#8])([c])[c]', '[#7]')]","[(0, '[#6]1[#6][#6][#7]([#6][#6]1)-[#7]', 'N:1 - N:2', 'N', 'SINGLE', 'N', '[#6]1[#6][#6][#7][#6][#6]1', '[#7]')]"
c1,CN(C)c1ccccc1.NOP(=O)(c1ccccc1)c1ccccc1>>CN(C)c1ccccc1N,CN(C)c1ccccc1N,[CH3:1][N:2]([CH3:3])[c:4]1[cH:5][cH:6][cH:7][cH:8][cH:9]1.[NH2:10][O:13][P:12](=[O:11])([c:14]1[cH:15][cH:16][cH:17][cH:18][cH:19]1)[c:20]1[cH:21][cH:22][cH:23][cH:24][cH:25]1>>[CH3:1][N:2]([CH3:3])[c:4]1[cH:5][cH:6][cH:7][cH:8][c:9]1[NH2:10],"[['C:9 - H'], ['N:10 - O:13']]",[['C:9 - N:10']],[],"[(0, 'c1ccc[c:2]c1[#7&!a;X4&H1&+,X4&H2&+,X4&H3&+,X3&H1&+0,X3&H0&+0,X3&H2&+0;!$([#7][!#6])]', 'C:9 - H', 'C', 'SINGLE', 'H', '[c]1[c][c][c][c][c]1[#7;!a;X4H+,X4H2+,X4H3+,X3H+0,X3H0+0,X3H2+0;!$([#7][!#6])]', '[H]')]","[(0, '[#7&X3&H2:1][#6:2]', 'C:9 - N:10', 'C', 'SINGLE', 'N')]","[(1, '[#8]=[#15]([#8]-[#7])(c)c', 'N:10 - O:13', 'O', 'SINGLE', 'N', '[#8]=[#15]([#8])([c])[c]', '[#7]')]","[(0, 'c1(ccccc1[#7&!a;X4&H1&+,X4&H2&+,X4&H3&+,X3&H1&+0,X3&H0&+0,X3&H2&+0;!$([#7][!#6])])-[#7]', 'C:9 - N:10', 'C', 'SINGLE', 'N', '[c]1[c][c][c][c][c]1[#7;!a;X4H+,X4H2+,X4H3+,X3H+0,X3H0+0,X3H2+0;!$([#7][!#6])]', '[#7]')]"
c1,NOP(=O)(c1ccccc1)c1ccccc1.c1ccc(-c2ccccn2)cc1>>N[n+]1ccccc1-c1ccccc1,N[n+]1ccccc1-c1ccccc1,[NH2:1][O:16][P:15](=[O:14])([c:17]1[cH:18][cH:19][cH:20][cH:21][cH:22]1)[c:23]1[cH:24][cH:25][cH:26][cH:27][cH:28]1.[n:2]1[cH:3][cH:4][cH:5][cH:6][c:7]1-[c:8]1[cH:9][cH:10][cH:11][cH:12][cH:13]1>>[NH2:1][n+:2]1[cH:3][cH:4][cH:5][cH:6][c:7]1-[c:8]1[cH:9][cH:10][cH:11][cH:12][cH:13]1,"[['N:1 - O:16'], None]",[['N:1 - N:2']],[],[],"[(0, '[N:1][n&+:2]1ccccc1', 'N:1 - N:2', 'N', 'SINGLE', 'N')]","[(0, '[#8]=[#15]([#8]-[#7])(c)c', 'N:1 - O:16', 'O', 'SINGLE', 'N', '[#8]=[#15]([#8])([c])[c]', '[#7]')]","[(0, '[#6]1[#6][#6][#7]([#6][#6]1)-[#7]', 'N:1 - N:2', 'N', 'SINGLE', 'N', '[#6]1[#6][#6][#7][#6][#6]1', '[#7]')]"
c1,NOP(=O)(c1ccccc1)c1ccccc1.OB(O)c1ccc2ncccc2c1>>N[n+]1cccc2cc(B(O)O)ccc21,N[n+]1cccc2cc(B(O)O)ccc21,[NH2:1][O:17][P:16](=[O:15])([c:18]1[cH:19][cH:20][cH:21][cH:22][cH:23]1)[c:24]1[cH:25][cH:26][cH:27][cH:28][cH:29]1.[n:2]1[cH:3][cH:4][cH:5][c:6]2[cH:7][c:8]([B:9]([OH:10])[OH:11])[cH:12][cH:13][c:14]12>>[NH2:1][n+:2]1[cH:3][cH:4][cH:5][c:6]2[cH:7][c:8]([B:9]([OH:10])[OH:11])[cH:12][cH:13][c:14]12,"[['N:1 - O:17'], None]",[['N:1 - N:2']],[],[],"[(0, '[N:1][n&+:2]1ccccc1', 'N:1 - N:2', 'N', 'SINGLE', 'N')]","[(0, '[#8]=[#15]([#8]-[#7])(c)c', 'N:1 - O:17', 'O', 'SINGLE', 'N', '[#8]=[#15]([#8])([c])[c]', '[#7]')]","[(0, '[#6]12[#6][#6][#6][#7]([#6]1[#6][#6][#6][#6]2)-[#7]', 'N:1 - N:2', 'N', 'SINGLE', 'N', '[#6]1([#6][#6][#6][#7]2)[#6]2[#6][#6][#6][#6]1', '[#7]')]"
c1,Cc1ccc(-c2cn3cc(C)ccc3n2)cc1.NOP(=O)(c1ccccc1)c1ccccc1>>Cc1ccc(-c2cn3cc(C)ccc3[n+]2N)cc1,Cc1ccc(-c2cn3cc(C)ccc3[n+]2N)cc1,[CH3:1][c:2]1[cH:3][cH:4][c:5](-[c:6]2[cH:7][n:8]3[cH:9][c:10]([CH3:11])[cH:12][cH:13][c:14]3[n:15]2)[cH:17][cH:18]1.[NH2:16][O:21][P:20](=[O:19])([c:22]1[cH:23][cH:24][cH:25][cH:26][cH:27]1)[c:28]1[cH:29][cH:30][cH:31][cH:32][cH:33]1>>[CH3:1][c:2]1[cH:3][cH:4][c:5](-[c:6]2[cH:7][n:8]3[cH:9][c:10]([CH3:11])[cH:12][cH:13][c:14]3[n+:15]2[NH2:16])[cH:17][cH:18]1,"[None, ['N:16 - O:21']]",[['N:15 - N:16']],[],[],[],"[(1, '[#8]=[#15]([#8]-[#7])(c)c', 'N:16 - O:21', 'O', 'SINGLE', 'N', '[#8]=[#15]([#8])([c])[c]', '[#7]')]","[(0, '[#7]1([#6][#7][#6][#6]1)-[#7]', 'N:15 - N:16', 'N', 'SINGLE', 'N', '[#7]1[#6][#7][#6][#6]1', '[#7]')]"
c1,Cc1ccc2oc(C=Cc3nc4cc(C)ccc4o3)nc2c1.NOP(=O)(c1ccccc1)c1ccccc1>>Cc1ccc2oc(C=Cc3oc4ccc(C)cc4[n+]3N)nc2c1,Cc1ccc2oc(C=Cc3oc4ccc(C)cc4[n+]3N)nc2c1,[CH3:1][c:2]1[cH:3][cH:4][c:5]2[o:6][c:7]([CH:8]=[CH:9][c:10]3[o:11][c:12]4[cH:13][cH:14][c:15]([CH3:16])[cH:17][c:18]4[n:19]3)[n:21][c:22]2[cH:23]1.[NH2:20][O:26][P:25](=[O:24])([c:27]1[cH:28][cH:29][cH:30][cH:31][cH:32]1)[c:33]1[cH:34][cH:35][cH:36][cH:37][cH:38]1>>[CH3:1][c:2]1[cH:3][cH:4][c:5]2[o:6][c:7]([CH:8]=[CH:9][c:10]3[o:11][c:12]4[cH:13][cH:14][c:15]([CH3:16])[cH:17][c:18]4[n+:19]3[NH2:20])[n:21][c:22]2[cH:23]1,"[None, ['N:20 - O:26']]",[['N:19 - N:20']],[],[],[],"[(1, '[#8]=[#15]([#8]-[#7])(c)c', 'N:20 - O:26', 'O', 'SINGLE', 'N', '[#8]=[#15]([#8])([c])[c]', '[#7]')]","[(0, '[#6]1[#8][#6][#7]([#6]1)-[#7]', 'N:19 - N:20', 'N', 'SINGLE', 'N', '[#6]1[#8][#6][#7][#6]1', '[#7]')]"
c1,NOP(=O)(c1ccccc1)c1ccccc1.O=C1CCc2c1cccc2C(F)(F)F>>O/N=C1/CCc2c1cccc2C(F)(F)F,O/N=C1/CCc2c1cccc2C(F)(F)F,[H][O:15][H].[NH2:1]OP(c1ccccc1)(c2ccccc2)=O.O=[C:2]3[CH2:3][CH2:4][c:5]4[c:10]([C:11]([F:13])([F:14])[F:12])[cH:9][cH:8][cH:7][c:6]43>>[OH:15]/[N:1]=[C:2]5[CH2:3][CH2:4][c:5]6[c:10]([C:11]([F:13])([F:14])[F:12])[cH:9][cH:8][cH:7][c:6]6/5,"[['O:1 - P:17', 'N:2 - H'], ['C:3 = O:30']]","[['C:3 = N:2', 'O:1 - H']]",[],[],"[(0, '[#6:1]1[#6:2][#6][#6][#6]1', 'C:3 = N:2', 'C', 'DOUBLE', 'N'), (0, '[#7:2][#8&X2&H1]', 'O:1 - H', 'O', 'SINGLE', 'H', '[#7][#8X2H]', '[H]')]",[],[]
c1,Cc1ccccc1-c1ccccn1.NOP(=O)(c1ccccc1)c1ccccc1>>Cc1ccccc1-c1cccc[n+]1N,Cc1ccccc1-c1cccc[n+]1N,[CH3:1][c:2]1[cH:3][cH:4][cH:5][cH:6][c:7]1-[c:8]1[cH:9][cH:10][cH:11][cH:12][n:13]1.[NH2:14][O:17][P:16](=[O:15])([c:18]1[cH:19][cH:20][cH:21][cH:22][cH:23]1)[c:24]1[cH:25][cH:26][cH:27][cH:28][cH:29]1>>[CH3:1][c:2]1[cH:3][cH:4][cH:5][cH:6][c:7]1-[c:8]1[cH:9][cH:10][cH:11][cH:12][n+:13]1[NH2:14],"[None, ['N:14 - O:17']]",[['N:13 - N:14']],[],[],"[(0, '[N:1][n&+:2]1ccccc1', 'N:13 - N:14', 'N', 'SINGLE', 'N')]","[(1, '[#8]=[#15]([#8]-[#7])(c)c', 'N:14 - O:17', 'O', 'SINGLE', 'N', '[#8]=[#15]([#8])([c])[c]', '[#7]')]","[(0, '[#6]1[#6][#6][#7]([#6][#6]1)-[#7]', 'N:13 - N:14', 'N', 'SINGLE', 'N', '[#6]1[#6][#6][#7][#6][#6]1', '[#7]')]"
c1,CSc1nccn1C.NOP(=O)(c1ccccc1)c1ccccc1>>CSc1n(C)cc[n+]1N,CSc1n(C)cc[n+]1N,[CH3:1][S:2][c:3]1[n:4]([CH3:5])[cH:6][cH:7][n:8]1.[NH2:9][O:12][P:11](=[O:10])([c:13]1[cH:14][cH:15][cH:16][cH:17][cH:18]1)[c:19]1[cH:20][cH:21][cH:22][cH:23][cH:24]1>>[CH3:1][S:2][c:3]1[n:4]([CH3:5])[cH:6][cH:7][n+:8]1[NH2:9],"[None, ['N:9 - O:12']]",[['N:8 - N:9']],[],[],[],"[(1, '[#8]=[#15]([#8]-[#7])(c)c', 'N:9 - O:12', 'O', 'SINGLE', 'N', '[#8]=[#15]([#8])([c])[c]', '[#7]')]","[(0, '[#7]1([#6][#7][#6][#6]1)-[#7]', 'N:8 - N:9', 'N', 'SINGLE', 'N', '[#7]1[#6][#7][#6][#6]1', '[#7]')]"
c1,CC1=Nc2ccc3ccccc3c2C1(C)C.NOP(=O)(c1ccccc1)c1ccccc1>>C=C(C)c1c(/N=C(/C)N)ccc2ccccc12,C=C(C)c1c(/N=C(/C)N)ccc2ccccc12,[CH3:1][C:2]1([CH3:3])[c:4]2[c:5]([cH:10][cH:11][c:12]3[cH:13][cH:14][cH:15][cH:16][c:17]23)[N:6]=[C:7]1[CH3:8].[NH2:9][O:20][P:19](=[O:18])([c:21]1[cH:22][cH:23][cH:24][cH:25][cH:26]1)[c:27]1[cH:28][cH:29][cH:30][cH:31][cH:32]1>>[CH2:1]=[C:2]([CH3:3])[c:4]1[c:5](/[N:6]=[C:7](/[CH3:8])[NH2:9])[cH:10][cH:11][c:12]2[cH:13][cH:14][cH:15][cH:16][c:17]12,"[['C:1 - H', 'C:2 - C:7'], ['N:9 - O:20']]",[['C:7 - N:9']],['C:1 - C:2 -> C:1 = C:2'],"[(0, '[#6:2]', 'C:1 - H', 'C', 'SINGLE', 'H', '[#6]', '[H]'), (0, '[#6:1]1[#6:2]=[#7]c2ccccc2-1', 'C:2 - C:7', 'C', 'SINGLE', 'C')]","[(0, '[#7&X3&H2:1][#6:2]', 'C:7 - N:9', 'C', 'SINGLE', 'N')]","[(0, 'c1ccccc1[#6&X4]-[#6&X3]=[#7&X2;H1,H0;!$([#7&X2][#7,#8,#9,#15,#16,#17,Br,I])]', 'C:2 - C:7', 'C', 'SINGLE', 'C', '[c]1[c][c][c][c][c]1[#6X4]', '[#7X2;H1,H0;!$([#7X2][#7,#8,#9,#15,#16,#17,Br,I])]=[#6X3]'), (1, '[#8]=[#15]([#8]-[#7])(c)c', 'N:9 - O:20', 'O', 'SINGLE', 'N', '[#8]=[#15]([#8])([c])[c]', '[#7]')]","[(0, '[#7&X2;H1,H0;!$([#7&X2][#7,#8,#9,#15,#16,#17,Br,I])]=[#6&X3]-[#7]', 'C:7 - N:9', 'C', 'SINGLE', 'N', '[#7X2;H1,H0;!$([#7X2][#7,#8,#9,#15,#16,#17,Br,I])]=[#6X3]', '[#7]')]"
c1,CC1=Nc2ccc3ccccc3c2C1(C)C.NOP(=O)(c1ccccc1)c1ccccc1>>CC1=NNc2ccc3ccccc3c2C1(C)C,CC1=NNc2ccc3ccccc3c2C1(C)C,[CH3:1][C:2]1=[N:4][c:5]2[cH:6][cH:7][c:8]3[cH:9][cH:10][cH:11][cH:12][c:13]3[c:14]2[C:15]1([CH3:16])[CH3:17].[NH2:3][O:20][P:19](=[O:18])([c:21]1[cH:22][cH:23][cH:24][cH:25][cH:26]1)[c:27]1[cH:28][cH:29][cH:30][cH:31][cH:32]1>>[CH3:1][C:2]1=[N:3][NH:4][c:5]2[cH:6][cH:7][c:8]3[cH:9][cH:10][cH:11][cH:12][c:13]3[c:14]2[C:15]1([CH3:16])[CH3:17],"[['C:2 = N:4'], ['N:3 - O:20', 'N:3 - H']]","[['C:2 = N:3', 'N:4 - H', 'N:3 - N:4']]",[],"[(0, '[#6]1[#6:1]=[#7:2]c2ccccc2-1', 'C:2 = N:4', 'C', 'DOUBLE', 'N'), (1, '[#7:2]', 'N:3 - H', 'N', 'SINGLE', 'H', '[#7]', '[H]')]","[(0, '[#7]1[#7:1]=[#6:2][#6][#6][#6]1', 'C:2 = N:3', 'C', 'DOUBLE', 'N'), (0, '[#7:2]1[#7]=[#6][#6][#6][#6]1', 'N:4 - H', 'N', 'SINGLE', 'H', '[#7]1[#7]=[#6][#6][#6][#6]1', '[H]'), (0, '[#7:1]1[#7:2]=[#6][#6][#6][#6]1', 'N:3 - N:4', 'N', 'SINGLE', 'N')]","[(0, '[#6]=[#7]', 'C:2 = N:4', 'C', 'DOUBLE', 'N', '[#6]', '[#7]'), (1, '[#8]=[#15]([#8]-[#7])(c)c', 'N:3 - O:20', 'O', 'SINGLE', 'N', '[#8]=[#15]([#8])([c])[c]', '[#7]')]","[(0, '[#6]=[#7]', 'C:2 = N:3', 'C', 'DOUBLE', 'N', '[#6]', '[#7]'), (0, '[#7]-[#7]', 'N:3 - N:4', 'N', 'SINGLE', 'N', '[#7]', '[#7]')]"
c1,NOP(=O)(c1ccccc1)c1ccccc1.O=Cc1nc2ccccc2s1>>NC(=O)c1nc2ccccc2s1,NC(=O)c1nc2ccccc2s1,[NH2:1][O:15][P:14](=[O:13])([c:16]1[cH:17][cH:18][cH:19][cH:20][cH:21]1)[c:22]1[cH:23][cH:24][cH:25][cH:26][cH:27]1.[CH:2](=[O:3])[c:4]1[n:5][c:6]2[cH:7][cH:8][cH:9][cH:10][c:11]2[s:12]1>>[NH2:1][C:2](=[O:3])[c:4]1[n:5][c:6]2[cH:7][cH:8][cH:9][cH:10][c:11]2[s:12]1,"[['N:1 - O:15'], ['C:2 - H']]",[['C:2 - N:1']],[],"[(1, '[#6&X3&H1:2]=[#8]', 'C:2 - H', 'C', 'SINGLE', 'H', '[#6X3;H1](=[#8])', '[H]')]","[(0, '[#6:1](=[#8])[#7:2]', 'C:2 - N:1', 'C', 'SINGLE', 'N')]","[(0, '[#8]=[#15]([#8]-[#7])(c)c', 'N:1 - O:15', 'O', 'SINGLE', 'N', '[#8]=[#15]([#8])([c])[c]', '[#7]')]","[(0, '[#6](=[#8])-[#7]', 'C:2 - N:1', 'C', 'SINGLE', 'N', '[#6]=[#8]', '[#7]')]"
c1,NOP(=O)(c1ccccc1)c1ccccc1.O=C1CC(c2ccccc2)C1>>O=C1CC(c2ccccc2)CN1,O=C1CC(c2ccccc2)CN1,[NH2:12][O:15][P:14](=[O:13])([c:16]1[cH:17][cH:18][cH:19][cH:20][cH:21]1)[c:22]1[cH:23][cH:24][cH:25][cH:26][cH:27]1.[O:1]=[C:2]1[CH2:3][CH:4]([c:5]2[cH:6][cH:7][cH:8][cH:9][cH:10]2)[CH2:11]1>>[O:1]=[C:2]1[CH2:3][CH:4]([c:5]2[cH:6][cH:7][cH:8][cH:9][cH:10]2)[CH2:11][NH:12]1,"[['N:12 - H', 'N:12 - O:15'], ['C:2 - C:11']]","[['C:2 - N:12', 'C:11 - N:12']]",[],"[(0, '[#7:2]', 'N:12 - H', 'N', 'SINGLE', 'H', '[#7]', '[H]'), (1, '[#6:2]1[#6][#6][#6:1]1', 'C:2 - C:11', 'C', 'SINGLE', 'C')]","[(0, '[#6:1](=[#8])[#7:2]', 'C:2 - N:12', 'C', 'SINGLE', 'N'), (0, '[#6]1[#6][#7:1][#6:2][#6]1', 'C:11 - N:12', 'C', 'SINGLE', 'N')]","[(0, '[#8]=[#15]([#8]-[#7])(c)c', 'N:12 - O:15', 'O', 'SINGLE', 'N', '[#8]=[#15]([#8])([c])[c]', '[#7]'), (1, '[#6](=[#8])-[#6]', 'C:2 - C:11', 'C', 'SINGLE', 'C', '[#6]=[#8]', '[#6]')]","[(0, '[#6](=[#8])-[#7]', 'C:2 - N:12', 'C', 'SINGLE', 'N', '[#6]=[#8]', '[#7]'), (0, '[#6](=[#8])[#7]-[#6]', 'C:11 - N:12', 'N', 'SINGLE', 'C', '[#6](=[#8])[#7]', '[#6]')]"
c1,Cc1ccc(-c2ccccn2)cc1.NOP(=O)(c1ccccc1)c1ccccc1>>Cc1ccc(-c2cccc[n+]2N)cc1,Cc1ccc(-c2cccc[n+]2N)cc1,[CH3:1][c:2]1[cH:3][cH:4][c:5](-[c:6]2[cH:7][cH:8][cH:9][cH:10][n:11]2)[cH:13][cH:14]1.[NH2:12][O:17][P:16](=[O:15])([c:18]1[cH:19][cH:20][cH:21][cH:22][cH:23]1)[c:24]1[cH:25][cH:26][cH:27][cH:28][cH:29]1>>[CH3:1][c:2]1[cH:3][cH:4][c:5](-[c:6]2[cH:7][cH:8][cH:9][cH:10][n+:11]2[NH2:12])[cH:13][cH:14]1,"[None, ['N:12 - O:17']]",[['N:11 - N:12']],[],[],"[(0, '[N:1][n&+:2]1ccccc1', 'N:11 - N:12', 'N', 'SINGLE', 'N')]","[(1, '[#8]=[#15]([#8]-[#7])(c)c', 'N:12 - O:17', 'O', 'SINGLE', 'N', '[#8]=[#15]([#8])([c])[c]', '[#7]')]","[(0, '[#6]1[#6][#6][#7]([#6][#6]1)-[#7]', 'N:11 - N:12', 'N', 'SINGLE', 'N', '[#6]1[#6][#6][#7][#6][#6]1', '[#7]')]"
c1,CN1CCN(C2CCNCC2)CC1.NOP(=O)(c1ccccc1)c1ccccc1>>CN1CCN(C2CCN(N)CC2)CC1,CN1CCN(C2CCN(N)CC2)CC1,[CH3:1][N:2]1[CH2:3][CH2:4][N:5]([CH:6]2[CH2:7][CH2:8][NH:9][CH2:11][CH2:12]2)[CH2:13][CH2:14]1.[NH2:10][O:17][P:16](=[O:15])([c:18]1[cH:19][cH:20][cH:21][cH:22][cH:23]1)[c:24]1[cH:25][cH:26][cH:27][cH:28][cH:29]1>>[CH3:1][N:2]1[CH2:3][CH2:4][N:5]([CH:6]2[CH2:7][CH2:8][N:9]([NH2:10])[CH2:11][CH2:12]2)[CH2:13][CH2:14]1,"[['N:9 - H'], ['N:10 - O:17']]",[['N:9 - N:10']],[],"[(0, '[#6]1[#6][#6][#7:2][#6][#6]1', 'N:9 - H', 'N', 'SINGLE', 'H', '[#6]1[#6][#6][#7][#6][#6]1', '[H]')]","[(0, '[#7;X3&H1&+0,X3&H2&+0,X3&H0&+0:1][#7;X3&H1&+0,X3&H2&+0,X3&H0&+0:2]', 'N:9 - N:10', 'N', 'SINGLE', 'N')]","[(1, '[#8]=[#15]([#8]-[#7])(c)c', 'N:10 - O:17', 'O', 'SINGLE', 'N', '[#8]=[#15]([#8])([c])[c]', '[#7]')]","[(0, '[#6]1[#6][#6][#7]([#6][#6]1)-[#7]', 'N:9 - N:10', 'N', 'SINGLE', 'N', '[#6]1[#6][#6][#7][#6][#6]1', '[#7]')]"
c1,C(=Cc1ccccc1)CN1CCNCC1.NOP(=O)(c1ccccc1)c1ccccc1>>NN1CCN(CC=Cc2ccccc2)CC1,NN1CCN(CC=Cc2ccccc2)CC1,[NH:2]1[CH2:3][CH2:4][N:5]([CH2:6][CH:7]=[CH:8][c:9]2[cH:10][cH:11][cH:12][cH:13][cH:14]2)[CH2:15][CH2:16]1.[NH2:1][O:19][P:18](=[O:17])([c:20]1[cH:21][cH:22][cH:23][cH:24][cH:25]1)[c:26]1[cH:27][cH:28][cH:29][cH:30][cH:31]1>>[NH2:1][N:2]1[CH2:3][CH2:4][N:5]([CH2:6][CH:7]=[CH:8][c:9]2[cH:10][cH:11][cH:12][cH:13][cH:14]2)[CH2:15][CH2:16]1,"[['N:2 - H'], ['N:1 - O:19']]",[['N:1 - N:2']],[],"[(0, '[N:2]1CCNCC1', 'N:2 - H', 'N', 'SINGLE', 'H', '[N]1[C][C][N][C][C]1', '[H]')]","[(0, '[#7;X3&H1&+0,X3&H2&+0,X3&H0&+0:1][#7;X3&H1&+0,X3&H2&+0,X3&H0&+0:2]', 'N:1 - N:2', 'N', 'SINGLE', 'N')]","[(1, '[#8]=[#15]([#8]-[#7])(c)c', 'N:1 - O:19', 'O', 'SINGLE', 'N', '[#8]=[#15]([#8])([c])[c]', '[#7]')]","[(0, 'N1(CCNCC1)-[#7]', 'N:1 - N:2', 'N', 'SINGLE', 'N', '[N]1[C][C][N][C][C]1', '[#7]')]"
c1,CC(C)S(=O)c1ccc(Br)cc1.NOP(=O)(c1ccccc1)c1ccccc1>>CC(C)S(=N)(=O)c1ccc(Br)cc1,CC(C)S(=N)(=O)c1ccc(Br)cc1,[CH3:1][CH:2]([CH3:3])[S:4](=[O:6])[c:7]1[cH:8][cH:9][c:10]([Br:11])[cH:12][cH:13]1.[NH2:5][O:16][P:15](=[O:14])([c:17]1[cH:18][cH:19][cH:20][cH:21][cH:22]1)[c:23]1[cH:24][cH:25][cH:26][cH:27][cH:28]1>>[CH3:1][CH:2]([CH3:3])[S:4](=[NH:5])(=[O:6])[c:7]1[cH:8][cH:9][c:10]([Br:11])[cH:12][cH:13]1,"[None, ['N:5 - H', 'N:5 - O:16']]",[['N:5 = S:4']],[],"[(1, '[#7:2]', 'N:5 - H', 'N', 'SINGLE', 'H', '[#7]', '[H]')]","[(0, '[#7:1]=[#16:2]([#6])[#6]', 'N:5 = S:4', 'N', 'DOUBLE', 'S')]","[(1, '[#8]=[#15]([#8]-[#7])(c)c', 'N:5 - O:16', 'O', 'SINGLE', 'N', '[#8]=[#15]([#8])([c])[c]', '[#7]')]","[(0, '[#7]=[#16]', 'N:5 = S:4', 'N', 'DOUBLE', 'S', '[#7]', '[#16]')]"
c1,C1CCC(N2CCNCC2)C1.NOP(=O)(c1ccccc1)c1ccccc1>>NN1CCN(C2CCCC2)CC1,NN1CCN(C2CCCC2)CC1,[NH:2]1[CH2:3][CH2:4][N:5]([CH:6]2[CH2:7][CH2:8][CH2:9][CH2:10]2)[CH2:11][CH2:12]1.[NH2:1][O:15][P:14](=[O:13])([c:16]1[cH:17][cH:18][cH:19][cH:20][cH:21]1)[c:22]1[cH:23][cH:24][cH:25][cH:26][cH:27]1>>[NH2:1][N:2]1[CH2:3][CH2:4][N:5]([CH:6]2[CH2:7][CH2:8][CH2:9][CH2:10]2)[CH2:11][CH2:12]1,"[['N:2 - H'], ['N:1 - O:15']]",[['N:1 - N:2']],[],"[(0, '[N:2]1CCNCC1', 'N:2 - H', 'N', 'SINGLE', 'H', '[N]1[C][C][N][C][C]1', '[H]')]","[(0, '[#7;X3&H1&+0,X3&H2&+0,X3&H0&+0:1][#7;X3&H1&+0,X3&H2&+0,X3&H0&+0:2]', 'N:1 - N:2', 'N', 'SINGLE', 'N')]","[(1, '[#8]=[#15]([#8]-[#7])(c)c', 'N:1 - O:15', 'O', 'SINGLE', 'N', '[#8]=[#15]([#8])([c])[c]', '[#7]')]","[(0, 'N1(CCNCC1)-[#7]', 'N:1 - N:2', 'N', 'SINGLE', 'N', '[N]1[C][C][N][C][C]1', '[#7]')]"
c1,CC(C)(C)[C@H]1COC(c2ccccn2)=N1.NOP(=O)(c1ccccc1)c1ccccc1>>CC(C)(C)[C@H]1COC(c2cccc[n+]2N)=N1,CC(C)(C)[C@H]1COC(c2cccc[n+]2N)=N1,[CH3:1][C:2]([CH3:3])([CH3:4])[C@H:5]1[CH2:6][O:7][C:8]([c:9]2[cH:10][cH:11][cH:12][cH:13][n:14]2)=[N:16]1.[NH2:15][O:19][P:18](=[O:17])([c:20]1[cH:21][cH:22][cH:23][cH:24][cH:25]1)[c:26]1[cH:27][cH:28][cH:29][cH:30][cH:31]1>>[CH3:1][C:2]([CH3:3])([CH3:4])[C@H:5]1[CH2:6][O:7][C:8]([c:9]2[cH:10][cH:11][cH:12][cH:13][n+:14]2[NH2:15])=[N:16]1,"[None, ['N:15 - O:19']]",[['N:14 - N:15']],[],[],"[(0, '[N:1][n&+:2]1ccccc1', 'N:14 - N:15', 'N', 'SINGLE', 'N')]","[(1, '[#8]=[#15]([#8]-[#7])(c)c', 'N:15 - O:19', 'O', 'SINGLE', 'N', '[#8]=[#15]([#8])([c])[c]', '[#7]')]","[(0, '[#6]1[#6][#6][#7]([#6][#6]1)-[#7]', 'N:14 - N:15', 'N', 'SINGLE', 'N', '[#6]1[#6][#6][#7][#6][#6]1', '[#7]')]"
c1,C1CC(N2CCNCC2)C1.NOP(=O)(c1ccccc1)c1ccccc1>>NN1CCN(C2CCC2)CC1,NN1CCN(C2CCC2)CC1,[NH:2]1[CH2:3][CH2:4][N:5]([CH:6]2[CH2:7][CH2:8][CH2:9]2)[CH2:10][CH2:11]1.[NH2:1][O:14][P:13](=[O:12])([c:15]1[cH:16][cH:17][cH:18][cH:19][cH:20]1)[c:21]1[cH:22][cH:23][cH:24][cH:25][cH:26]1>>[NH2:1][N:2]1[CH2:3][CH2:4][N:5]([CH:6]2[CH2:7][CH2:8][CH2:9]2)[CH2:10][CH2:11]1,"[['N:2 - H'], ['N:1 - O:14']]",[['N:1 - N:2']],[],"[(0, '[N:2]1CCNCC1', 'N:2 - H', 'N', 'SINGLE', 'H', '[N]1[C][C][N][C][C]1', '[H]')]","[(0, '[#7;X3&H1&+0,X3&H2&+0,X3&H0&+0:1][#7;X3&H1&+0,X3&H2&+0,X3&H0&+0:2]', 'N:1 - N:2', 'N', 'SINGLE', 'N')]","[(1, '[#8]=[#15]([#8]-[#7])(c)c', 'N:1 - O:14', 'O', 'SINGLE', 'N', '[#8]=[#15]([#8])([c])[c]', '[#7]')]","[(0, 'N1(CCNCC1)-[#7]', 'N:1 - N:2', 'N', 'SINGLE', 'N', '[N]1[C][C][N][C][C]1', '[#7]')]"
c1,CCCN1CCNCC1.NOP(=O)(c1ccccc1)c1ccccc1>>CCCN1CCN(N)CC1,CCCN1CCN(N)CC1,[CH3:1][CH2:2][CH2:3][N:4]1[CH2:5][CH2:6][NH:7][CH2:9][CH2:10]1.[NH2:8][O:13][P:12](=[O:11])([c:14]1[cH:15][cH:16][cH:17][cH:18][cH:19]1)[c:20]1[cH:21][cH:22][cH:23][cH:24][cH:25]1>>[CH3:1][CH2:2][CH2:3][N:4]1[CH2:5][CH2:6][N:7]([NH2:8])[CH2:9][CH2:10]1,"[['N:7 - H'], ['N:8 - O:13']]",[['N:7 - N:8']],[],"[(0, 'N1CC[N:2]CC1', 'N:7 - H', 'N', 'SINGLE', 'H', '[N]1[C][C][N][C][C]1', '[H]')]","[(0, '[#7;X3&H1&+0,X3&H2&+0,X3&H0&+0:1][#7;X3&H1&+0,X3&H2&+0,X3&H0&+0:2]', 'N:7 - N:8', 'N', 'SINGLE', 'N')]","[(1, '[#8]=[#15]([#8]-[#7])(c)c', 'N:8 - O:13', 'O', 'SINGLE', 'N', '[#8]=[#15]([#8])([c])[c]', '[#7]')]","[(0, 'N1(CCNCC1)-[#7]', 'N:7 - N:8', 'N', 'SINGLE', 'N', '[N]1[C][C][N][C][C]1', '[#7]')]"
c1,CCOC(=O)c1cn[nH]c1.NOP(=O)(c1ccccc1)c1ccccc1>>CCOC(=O)c1cnn(N)c1,CCOC(=O)c1cnn(N)c1,[CH3:1][CH2:2][O:3][C:4](=[O:5])[c:6]1[cH:7][n:8][nH:9][cH:11]1.[NH2:10][O:14][P:13](=[O:12])([c:15]1[cH:16][cH:17][cH:18][cH:19][cH:20]1)[c:21]1[cH:22][cH:23][cH:24][cH:25][cH:26]1>>[CH3:1][CH2:2][O:3][C:4](=[O:5])[c:6]1[cH:7][n:8][n:9]([NH2:10])[cH:11]1,"[['N:9 - H'], ['N:10 - O:14']]",[['N:9 - N:10']],[],"[(0, '[#6]1[#7][#7:2][#6][#6]1', 'N:9 - H', 'N', 'SINGLE', 'H', '[#6]1[#7][#7][#6][#6]1', '[H]')]","[(0, '[#7;X3&H1&+0,X3&H2&+0,X3&H0&+0:1][#7;X3&H1&+0,X3&H2&+0,X3&H0&+0:2]', 'N:9 - N:10', 'N', 'SINGLE', 'N')]","[(1, '[#8]=[#15]([#8]-[#7])(c)c', 'N:10 - O:14', 'O', 'SINGLE', 'N', '[#8]=[#15]([#8])([c])[c]', '[#7]')]","[(0, '[#6]1[#7]([#7][#6][#6]1)-[#7]', 'N:9 - N:10', 'N', 'SINGLE', 'N', '[#6]1[#7][#7][#6][#6]1', '[#7]')]"
c1,CC(=O)c1ccc2c(c1)Cc1ccccc1-2.NOP(=O)(c1ccccc1)c1ccccc1>>CC(=O)Nc1ccc2c(c1)Cc1ccccc1-2,CC(=O)Nc1ccc2c(c1)Cc1ccccc1-2,[CH3:1][C:2](=[O:3])[c:5]1[cH:6][cH:7][c:8]2[c:9]([cH:10]1)[CH2:11][c:12]1[cH:13][cH:14][cH:15][cH:16][c:17]1-2.[NH2:4][O:20][P:19](=[O:18])([c:21]1[cH:22][cH:23][cH:24][cH:25][cH:26]1)[c:27]1[cH:28][cH:29][cH:30][cH:31][cH:32]1>>[CH3:1][C:2](=[O:3])[NH:4][c:5]1[cH:6][cH:7][c:8]2[c:9]([cH:10]1)[CH2:11][c:12]1[cH:13][cH:14][cH:15][cH:16][c:17]1-2,"[['C:2 - C:5'], ['N:4 - H', 'N:4 - O:20']]","[['C:2 - N:4', 'C:5 - N:4']]",[],"[(0, '[#6][#6:1](=[#8])[#6:2]', 'C:2 - C:5', 'C', 'SINGLE', 'C'), (1, '[#7:2]', 'N:4 - H', 'N', 'SINGLE', 'H', '[#7]', '[H]')]","[(0, '[#6:1](=[#8])[#7:2]', 'C:2 - N:4', 'C', 'SINGLE', 'N'), (0, '[#7&X3&H1:1]([#6])[#6:2]', 'C:5 - N:4', 'C', 'SINGLE', 'N')]","[(0, 'C1-c2cc(ccc2-c2ccccc2-1)-[#6](=[#8])[#6&H3]', 'C:2 - C:5', 'C', 'SINGLE', 'C', '[C]1-[c]2[c][c][c][c][c]2-[c]2[c][c][c][c][c]2-1', '[#6](=[#8])[#6;H3]'), (1, '[#8]=[#15]([#8]-[#7])(c)c', 'N:4 - O:20', 'O', 'SINGLE', 'N', '[#8]=[#15]([#8])([c])[c]', '[#7]')]","[(0, 'c1ccccc1[#7&!a;X4&H1&+,X4&H2&+,X4&H3&+,X3&H1&+0,X3&H0&+0,X3&H2&+0;!$([#7][!#6])]-[#6](=[#8])[#6&H3]', 'C:2 - N:4', 'N', 'SINGLE', 'C', '[c]1[c][c][c][c][c]1[#7;!a;X4H+,X4H2+,X4H3+,X3H+0,X3H0+0,X3H2+0;!$([#7][!#6])]', '[#6](=[#8])[#6;H3]'), (0, 'C1-c2cc(ccc2-c2ccccc2-1)-[#7][#6]=[#8]', 'C:5 - N:4', 'C', 'SINGLE', 'N', '[C]1-[c]2[c][c][c][c][c]2-[c]2[c][c][c][c][c]2-1', '[#6](=[#8])[#7]')]"
c1,Cn1cccc1C=O.NOP(=O)(c1ccccc1)c1ccccc1>>Cn1cccc1C(N)=O,Cn1cccc1C(N)=O,[CH3:1][n:2]1[cH:3][cH:4][cH:5][c:6]1[CH:7]=[O:9].[NH2:8][O:12][P:11](=[O:10])([c:13]1[cH:14][cH:15][cH:16][cH:17][cH:18]1)[c:19]1[cH:20][cH:21][cH:22][cH:23][cH:24]1>>[CH3:1][n:2]1[cH:3][cH:4][cH:5][c:6]1[C:7]([NH2:8])=[O:9],"[['C:7 - H'], ['N:8 - O:12']]",[['C:7 - N:8']],[],"[(0, '[#6&X3&H1:2]=[#8]', 'C:7 - H', 'C', 'SINGLE', 'H', '[#6X3;H1](=[#8])', '[H]')]","[(0, '[#6:1](=[#8])[#7:2]', 'C:7 - N:8', 'C', 'SINGLE', 'N')]","[(1, '[#8]=[#15]([#8]-[#7])(c)c', 'N:8 - O:12', 'O', 'SINGLE', 'N', '[#8]=[#15]([#8])([c])[c]', '[#7]')]","[(0, '[#6](=[#8])-[#7]', 'C:7 - N:8', 'C', 'SINGLE', 'N', '[#6]=[#8]', '[#7]')]"
c1,CC(=O)C1=NCCS1.NOP(=O)(c1ccccc1)c1ccccc1>>CC(=O)NC1=NCCS1,CC(=O)NC1=NCCS1,[CH3:1][C:2](=[O:3])[C:5]1=[N:6][CH2:7][CH2:8][S:9]1.[NH2:4][O:12][P:11](=[O:10])([c:13]1[cH:14][cH:15][cH:16][cH:17][cH:18]1)[c:19]1[cH:20][cH:21][cH:22][cH:23][cH:24]1>>[CH3:1][C:2](=[O:3])[NH:4][C:5]1=[N:6][CH2:7][CH2:8][S:9]1,"[['C:2 - C:5'], ['N:4 - H', 'N:4 - O:12']]","[['C:2 - N:4', 'C:5 - N:4']]",[],"[(0, '[#6][#6:1](=[#8])[#6:2]', 'C:2 - C:5', 'C', 'SINGLE', 'C'), (1, '[#7:2]', 'N:4 - H', 'N', 'SINGLE', 'H', '[#7]', '[H]')]","[(0, '[#6:1](=[#8])[#7:2]', 'C:2 - N:4', 'C', 'SINGLE', 'N'), (0, '[#7&X3&H1:1]([#6])[#6:2]', 'C:5 - N:4', 'C', 'SINGLE', 'N')]","[(0, '[#16]1[#6][#6][#7]=[#6]1-[#6](=[#8])[#6&H3]', 'C:2 - C:5', 'C', 'SINGLE', 'C', '[#16]1[#6][#6][#7]=[#6]1', '[#6](=[#8])[#6;H3]'), (1, '[#8]=[#15]([#8]-[#7])(c)c', 'N:4 - O:12', 'O', 'SINGLE', 'N', '[#8]=[#15]([#8])([c])[c]', '[#7]')]","[(0, '[#6](=[#8])([#6&H3])-[#7]', 'C:2 - N:4', 'C', 'SINGLE', 'N', '[#6](=[#8])[#6;H3]', '[#7]'), (0, '[#16]1[#6][#6][#7]=[#6]1-[#7][#6]=[#8]', 'C:5 - N:4', 'C', 'SINGLE', 'N', '[#16]1[#6][#6][#7]=[#6]1', '[#6](=[#8])[#7]')]"
c1,COC(C)(CN)OC.NOP(=O)(c1ccccc1)c1ccccc1>>COC(C)(CNN)OC,COC(C)(CNN)OC,[CH3:1][O:2][C:3]([CH3:4])([CH2:5][NH2:6])[O:8][CH3:9].[NH2:7][O:12][P:11](=[O:10])([c:13]1[cH:14][cH:15][cH:16][cH:17][cH:18]1)[c:19]1[cH:20][cH:21][cH:22][cH:23][cH:24]1>>[CH3:1][O:2][C:3]([CH3:4])([CH2:5][NH:6][NH2:7])[O:8][CH3:9],"[['N:6 - H'], ['N:7 - O:12']]",[['N:6 - N:7']],[],"[(0, '[#7&X3&H2:2][#6]', 'N:6 - H', 'N', 'SINGLE', 'H', '[#7;X3H2][#6]', '[H]')]","[(0, '[#7;X3&H1&+0,X3&H2&+0,X3&H0&+0:1][#7;X3&H1&+0,X3&H2&+0,X3&H0&+0:2]', 'N:6 - N:7', 'N', 'SINGLE', 'N')]","[(1, '[#8]=[#15]([#8]-[#7])(c)c', 'N:7 - O:12', 'O', 'SINGLE', 'N', '[#8]=[#15]([#8])([c])[c]', '[#7]')]","[(0, '[#7]-[#7]', 'N:6 - N:7', 'N', 'SINGLE', 'N', '[#7]', '[#7]')]"
c1,CC(=O)C=CC(C)C.NOP(=O)(c1ccccc1)c1ccccc1>>C/C(C=CC(C)C)=N/O,C/C(C=CC(C)C)=N/O,[H][O:9][H].[CH3:1][C:2]([CH:3]=[CH:4][CH:5]([CH3:7])[CH3:6])=O.[NH2:8]OP(c1ccccc1)(c2ccccc2)=O>>[CH3:1]/[C:2]([CH:3]=[CH:4][CH:5]([CH3:7])[CH3:6])=[N:8]/[OH:9],"[['C:2 = O:10'], ['N:8 - H', 'O:9 - P:12']]","[['C:2 = N:8', 'O:9 - H']]",[],[],"[(0, '[#6&X3:1]=[#7:2][#8&X2&H1]', 'C:2 = N:8', 'C', 'DOUBLE', 'N'), (0, '[#7][#8&X2&H1:2]', 'O:9 - H', 'O', 'SINGLE', 'H', '[#7][#8X2H]', '[H]')]",[],"[(0, '[#7]([#8&X2&H1])=[#6]', 'C:2 = N:8', 'N', 'DOUBLE', 'C', '[#7][#8X2H]', '[#6]')]"
c1,CC(=O)/C=C/CC(C)C.NOP(=O)(c1ccccc1)c1ccccc1>>CC(/C=C/CC(C)C)=N/O,CC(/C=C/CC(C)C)=N/O,[H][O:10][H].[CH3:1][C:2](/[CH:3]=[CH:4]/[CH2:5][CH:6]([CH3:8])[CH3:7])=O.[NH2:9]OP(c1ccccc1)(c2ccccc2)=O>>[CH3:1][C:2](/[CH:3]=[CH:4]/[CH2:5][CH:6]([CH3:8])[CH3:7])=[N:9]/[OH:10],"[['C:2 = O:11'], ['N:9 - H', 'O:10 - P:13']]","[['C:2 = N:9', 'O:10 - H']]",[],[],"[(0, '[#6&X3:1]=[#7:2][#8&X2&H1]', 'C:2 = N:9', 'C', 'DOUBLE', 'N'), (0, '[#7][#8&X2&H1:2]', 'O:10 - H', 'O', 'SINGLE', 'H', '[#7][#8X2H]', '[H]')]",[],"[(0, '[#7]([#8&X2&H1])=[#6]', 'C:2 = N:9', 'N', 'DOUBLE', 'C', '[#7][#8X2H]', '[#6]')]"
c1,CCC(C)C1=NCCS1.NOP(=O)(c1ccccc1)c1ccccc1>>CCC(C)C1=NNCCS1,CCC(C)C1=NNCCS1,[CH3:1][CH2:2][CH:3]([CH3:4])[C:5]1=[N:7][CH2:8][CH2:9][S:10]1.[NH2:6][O:13][P:12](=[O:11])([c:14]1[cH:15][cH:16][cH:17][cH:18][cH:19]1)[c:20]1[cH:21][cH:22][cH:23][cH:24][cH:25]1>>[CH3:1][CH2:2][CH:3]([CH3:4])[C:5]1=[N:6][NH:7][CH2:8][CH2:9][S:10]1,"[['C:5 = N:7'], ['N:6 - H', 'N:6 - O:13']]","[['C:5 = N:6', 'N:6 - N:7', 'N:7 - H']]",[],"[(0, '[#16]1[#6][#6][#7:1]=[#6:2]1', 'C:5 = N:7', 'C', 'DOUBLE', 'N'), (1, '[#7:2]', 'N:6 - H', 'N', 'SINGLE', 'H', '[#7]', '[H]')]","[(0, '[#7]1[#6][#6][#16][#6:1]=[#7:2]1', 'C:5 = N:6', 'C', 'DOUBLE', 'N'), (0, '[#7:2]1[#6][#6][#16][#6]=[#7:1]1', 'N:6 - N:7', 'N', 'SINGLE', 'N'), (0, '[#7:2]1[#6][#6][#16][#6]=[#7]1', 'N:7 - H', 'N', 'SINGLE', 'H', '[#7]1[#6][#6][#16][#6]=[#7]1', '[H]')]","[(0, '[#6]([#16&v2][#6])=[#7]', 'C:5 = N:7', 'C', 'DOUBLE', 'N', '[#6][#16v2][#6]', '[#7]'), (1, '[#8]=[#15]([#8]-[#7])(c)c', 'N:6 - O:13', 'O', 'SINGLE', 'N', '[#8]=[#15]([#8])([c])[c]', '[#7]')]","[(0, '[#6]([#16&v2][#6])=[#7]', 'C:5 = N:6', 'C', 'DOUBLE', 'N', '[#6][#16v2][#6]', '[#7]'), (0, '[#7]-[#7]', 'N:6 - N:7', 'N', 'SINGLE', 'N', '[#7]', '[#7]')]"
c1,CC1=NCCCN1C.NOP(=O)(c1ccccc1)c1ccccc1>>CC1=NNCCCN1C,CC1=NNCCCN1C,[CH3:1][C:2]1=[N:4][CH2:5][CH2:6][CH2:7][N:8]1[CH3:9].[NH2:3][O:12][P:11](=[O:10])([c:13]1[cH:14][cH:15][cH:16][cH:17][cH:18]1)[c:19]1[cH:20][cH:21][cH:22][cH:23][cH:24]1>>[CH3:1][C:2]1=[N:3][NH:4][CH2:5][CH2:6][CH2:7][N:8]1[CH3:9],"[['C:2 = N:4'], ['N:3 - O:12', 'N:3 - H']]","[['C:2 = N:3', 'N:4 - H', 'N:3 - N:4']]",[],"[(0, '[#6]1[#7][#6:1]=[#7:2][#6][#6]1', 'C:2 = N:4', 'C', 'DOUBLE', 'N'), (1, '[#7:2]', 'N:3 - H', 'N', 'SINGLE', 'H', '[#7]', '[H]')]","[(0, '[#7][#7&X2:1]=[#6&X3:2]', 'C:2 = N:3', 'C', 'DOUBLE', 'N'), (0, '[#7:2][#7&X2]=[#6&X3]', 'N:4 - H', 'N', 'SINGLE', 'H', '[#7][#7X2]=[#6X3]', '[H]'), (0, '[#7:1][#7&X2:2]=[#6&X3]', 'N:3 - N:4', 'N', 'SINGLE', 'N')]","[(0, '[#7&X3&H0]([#6]=[#7])([#6])[#6]', 'C:2 = N:4', 'C', 'DOUBLE', 'N', '[#7;X3H0]([#6])([#6])([#6])', '[#7]'), (1, '[#8]=[#15]([#8]-[#7])(c)c', 'N:3 - O:12', 'O', 'SINGLE', 'N', '[#8]=[#15]([#8])([c])[c]', '[#7]')]","[(0, '[#7&X3&H0]([#6]=[#7])([#6])[#6]', 'C:2 = N:3', 'C', 'DOUBLE', 'N', '[#7;X3H0]([#6])([#6])([#6])', '[#7]'), (0, '[#7]-[#7]', 'N:3 - N:4', 'N', 'SINGLE', 'N', '[#7]', '[#7]')]"
c1,NOP(=O)(c1ccccc1)c1ccccc1.c1ccc2n[nH]cc2c1>>Nn1cc2ccccc2n1,Nn1cc2ccccc2n1,[NH2:1][O:13][P:12](=[O:11])([c:14]1[cH:15][cH:16][cH:17][cH:18][cH:19]1)[c:20]1[cH:21][cH:22][cH:23][cH:24][cH:25]1.[nH:2]1[cH:3][c:4]2[cH:5][cH:6][cH:7][cH:8][c:9]2[n:10]1>>[NH2:1][n:2]1[cH:3][c:4]2[cH:5][cH:6][cH:7][cH:8][c:9]2[n:10]1,"[['N:1 - O:13'], ['N:2 - H']]",[['N:1 - N:2']],[],"[(1, 'c12n[n:2]cc1cccc2', 'N:2 - H', 'N', 'SINGLE', 'H', '[c]1([n][n][c]2)[c]2[c][c][c][c]1', '[H]')]","[(0, '[#7;X3&H1&+0,X3&H2&+0,X3&H0&+0:1][#7;X3&H1&+0,X3&H2&+0,X3&H0&+0:2]', 'N:1 - N:2', 'N', 'SINGLE', 'N')]","[(0, '[#8]=[#15]([#8]-[#7])(c)c', 'N:1 - O:13', 'O', 'SINGLE', 'N', '[#8]=[#15]([#8])([c])[c]', '[#7]')]","[(0, '[#6]1[#7]([#7][#6][#6]1)-[#7]', 'N:1 - N:2', 'N', 'SINGLE', 'N', '[#6]1[#7][#7][#6][#6]1', '[#7]')]"
c1,NOP(=O)(c1ccccc1)c1ccccc1.O=CC=P(c1ccccc1)(c1ccccc1)c1ccccc1>>NC(=O)C=P(c1ccccc1)(c1ccccc1)c1ccccc1,NC(=O)C=P(c1ccccc1)(c1ccccc1)c1ccccc1,[NH2:1][O:26][P:25](=[O:24])([c:27]1[cH:28][cH:29][cH:30][cH:31][cH:32]1)[c:33]1[cH:34][cH:35][cH:36][cH:37][cH:38]1.[CH:2](=[O:3])[CH:4]=[P:5]([c:6]1[cH:7][cH:8][cH:9][cH:10][cH:11]1)([c:12]1[cH:13][cH:14][cH:15][cH:16][cH:17]1)[c:18]1[cH:19][cH:20][cH:21][cH:22][cH:23]1>>[NH2:1][C:2](=[O:3])[CH:4]=[P:5]([c:6]1[cH:7][cH:8][cH:9][cH:10][cH:11]1)([c:12]1[cH:13][cH:14][cH:15][cH:16][cH:17]1)[c:18]1[cH:19][cH:20][cH:21][cH:22][cH:23]1,"[['N:1 - O:26'], ['C:2 - H']]",[['C:2 - N:1']],[],"[(1, '[#6&X3&H1:2]=[#8]', 'C:2 - H', 'C', 'SINGLE', 'H', '[#6X3;H1](=[#8])', '[H]')]","[(0, '[#6:1](=[#8])[#7:2]', 'C:2 - N:1', 'C', 'SINGLE', 'N')]","[(0, '[#8]=[#15]([#8]-[#7])(c)c', 'N:1 - O:26', 'O', 'SINGLE', 'N', '[#8]=[#15]([#8])([c])[c]', '[#7]')]","[(0, '[#6](=[#8])-[#7]', 'C:2 - N:1', 'C', 'SINGLE', 'N', '[#6]=[#8]', '[#7]')]"
c1,NOP(=O)(c1ccccc1)c1ccccc1.c1cncc(N2CCNCC2)c1>>NN1CCN(c2cccnc2)CC1,NN1CCN(c2cccnc2)CC1,[NH2:1][O:16][P:15](=[O:14])([c:17]1[cH:18][cH:19][cH:20][cH:21][cH:22]1)[c:23]1[cH:24][cH:25][cH:26][cH:27][cH:28]1.[NH:2]1[CH2:3][CH2:4][N:5]([c:6]2[cH:7][cH:8][cH:9][n:10][cH:11]2)[CH2:12][CH2:13]1>>[NH2:1][N:2]1[CH2:3][CH2:4][N:5]([c:6]2[cH:7][cH:8][cH:9][n:10][cH:11]2)[CH2:12][CH2:13]1,"[['N:1 - O:16'], ['N:2 - H']]",[['N:1 - N:2']],[],"[(1, '[N:2]1CCNCC1', 'N:2 - H', 'N', 'SINGLE', 'H', '[N]1[C][C][N][C][C]1', '[H]')]","[(0, '[#7;X3&H1&+0,X3&H2&+0,X3&H0&+0:1][#7;X3&H1&+0,X3&H2&+0,X3&H0&+0:2]', 'N:1 - N:2', 'N', 'SINGLE', 'N')]","[(0, '[#8]=[#15]([#8]-[#7])(c)c', 'N:1 - O:16', 'O', 'SINGLE', 'N', '[#8]=[#15]([#8])([c])[c]', '[#7]')]","[(0, 'N1(CCNCC1)-[#7]', 'N:1 - N:2', 'N', 'SINGLE', 'N', '[N]1[C][C][N][C][C]1', '[#7]')]"
c1,CS(=O)(=O)Nc1ccccc1.NOP(=O)(c1ccccc1)c1ccccc1>>CS(=O)(=O)N(N)c1ccccc1,CS(=O)(=O)N(N)c1ccccc1,[CH3:1][S:2](=[O:3])(=[O:4])[NH:5][c:7]1[cH:8][cH:9][cH:10][cH:11][cH:12]1.[NH2:6][O:15][P:14](=[O:13])([c:16]1[cH:17][cH:18][cH:19][cH:20][cH:21]1)[c:22]1[cH:23][cH:24][cH:25][cH:26][cH:27]1>>[CH3:1][S:2](=[O:3])(=[O:4])[N:5]([NH2:6])[c:7]1[cH:8][cH:9][cH:10][cH:11][cH:12]1,"[['N:5 - H'], ['N:6 - O:15']]",[['N:5 - N:6']],[],"[(0, '[#16&v6](=[#8])(=[#8])[#7:2]', 'N:5 - H', 'N', 'SINGLE', 'H', '[#16v6](=[#8])(=[#8])[#7]', '[H]')]","[(0, '[#16&v6](=[#8])(=[#8])[#7;H1,H0:1][#7;X3&H1&+0,X3&H2&+0,X3&H0&+0:2]', 'N:5 - N:6', 'N', 'SINGLE', 'N')]","[(1, '[#8]=[#15]([#8]-[#7])(c)c', 'N:6 - O:15', 'O', 'SINGLE', 'N', '[#8]=[#15]([#8])([c])[c]', '[#7]')]","[(0, '[#16&v6](=[#8])(=[#8])[#7]-[#7]', 'N:5 - N:6', 'N', 'SINGLE', 'N', '[#16v6](=[#8])(=[#8])[#7]', '[#7]')]"
c1,CC(C)(C)c1ncc[nH]1.NOP(=O)(c1ccccc1)c1ccccc1>>CC(C)(C)c1n(N)cc[n+]1N,CC(C)(C)c1n(N)cc[n+]1N,[NH2:11]OP(c1ccccc1)(c2ccccc2)=O.[CH3:1][C:2]([CH3:4])([c:5]3[n:9][cH:8][cH:7][nH:6]3)[CH3:3].[NH2:10]OP(c4ccccc4)(c5ccccc5)=O>>[CH3:1][C:2]([CH3:4])([c:5]6[n+:9]([NH2:10])[cH:8][cH:7][n:6]6[NH2:11])[CH3:3],"[['C:9 aromatic N:7', 'N:6 - H', 'C:5 aromatic N:7'], ['N:11 - O:14']]","[['N:10 - N:11', 'N:7 - H', 'C:5 aromatic N:10', 'N:6 - N:7', 'C:9 aromatic N:10']]",[],[],"[(0, '[#7]1[#6][#7][#6:2][#6]1', 'N:7 - H', 'N', 'SINGLE', 'H', '[#7]1[#6][#7][#6][#6]1', '[H]'), (0, '[#7]1[#6][#7:1][#6:2][#6]1', 'N:6 - N:7', 'N', 'SINGLE', 'N')]",[],[]
c1,NOP(=O)(c1ccccc1)c1ccccc1.O=C1CC[C@H](N2C(=O)c3ccccc3C2=O)C(=O)O1>>N[N+]1([C@H]2CCC(=O)OC2=O)C(=O)c2ccccc2C1=O,N[N+]1([C@H]2CCC(=O)OC2=O)C(=O)c2ccccc2C1=O,[NH2:1][O:23][P:22](=[O:21])([c:24]1[cH:25][cH:26][cH:27][cH:28][cH:29]1)[c:30]1[cH:31][cH:32][cH:33][cH:34][cH:35]1.[N:2]1([C@H:3]2[CH2:4][CH2:5][C:6](=[O:7])[O:8][C:9]2=[O:10])[C:11](=[O:12])[c:13]2[cH:14][cH:15][cH:16][cH:17][c:18]2[C:19]1=[O:20]>>[NH2:1][N+:2]1([C@H:3]2[CH2:4][CH2:5][C:6](=[O:7])[O:8][C:9]2=[O:10])[C:11](=[O:12])[c:13]2[cH:14][cH:15][cH:16][cH:17][c:18]2[C:19]1=[O:20],"[['N:1 - O:23'], None]",[['N:1 - N:2']],[],[],"[(0, '[#6&X3](=[#8])[#7;H1,H0:1][#7;X3&H1&+0,X3&H2&+0,X3&H0&+0:2]', 'N:1 - N:2', 'N', 'SINGLE', 'N')]","[(0, '[#8]=[#15]([#8]-[#7])(c)c', 'N:1 - O:23', 'O', 'SINGLE', 'N', '[#8]=[#15]([#8])([c])[c]', '[#7]')]","[(0, '[#6]1(=[#8])[#6][#6][#6](=[#8])[#7]1-[#7]', 'N:1 - N:2', 'N', 'SINGLE', 'N', '[#6]1(=[#8])[#6][#6][#6](=[#8])[#7]1', '[#7]')]"
c1,NOP(=O)(c1ccccc1)c1ccccc1.O=C1c2ccccc2-c2cccc(B(O)O)c21>>O/N=C1\c2ccccc2-c2cccc(B(O)O)c21,O/N=C1\c2ccccc2-c2cccc(B(O)O)c21,[H][O:18][H].[NH2:1]OP(c1ccccc1)(c2ccccc2)=O.O=[C:2]3[c:3]4[c:8]([c:9]5[c:17]3[c:13]([B:14]([OH:16])[OH:15])[cH:12][cH:11][cH:10]5)[cH:7][cH:6][cH:5][cH:4]4>>[OH:18]/[N:1]=[C:2]6[c:3]7[c:8]([c:9]8[c:17]\6[c:13]([B:14]([OH:16])[OH:15])[cH:12][cH:11][cH:10]8)[cH:7][cH:6][cH:5][cH:4]7,"[['N:2 - H', 'O:1 - P:20'], ['C:3 = O:33']]","[['C:3 = N:2', 'O:1 - H']]",[],[],"[(0, '[#6:1]1[#6:2][#6][#6][#6]1', 'C:3 = N:2', 'C', 'DOUBLE', 'N'), (0, '[#7:2][#8&X2&H1]', 'O:1 - H', 'O', 'SINGLE', 'H', '[#7][#8X2H]', '[H]')]",[],[]
c1,NOP(=O)(c1ccccc1)c1ccccc1.c1csc(C2=NCCN2)c1>>NN1CCN=C1c1cccs1,NN1CCN=C1c1cccs1,[NH2:1][O:14][P:13](=[O:12])([c:15]1[cH:16][cH:17][cH:18][cH:19][cH:20]1)[c:21]1[cH:22][cH:23][cH:24][cH:25][cH:26]1.[NH:2]1[CH2:3][CH2:4][N:5]=[C:6]1[c:7]1[cH:8][cH:9][cH:10][s:11]1>>[NH2:1][N:2]1[CH2:3][CH2:4][N:5]=[C:6]1[c:7]1[cH:8][cH:9][cH:10][s:11]1,"[['N:1 - O:14'], ['N:2 - H']]",[['N:1 - N:2']],[],"[(1, '[N:2]1C=NCC1', 'N:2 - H', 'N', 'SINGLE', 'H', '[N]1[C]=[N][C][C]1', '[H]')]","[(0, '[#7;X3&H1&+0,X3&H2&+0,X3&H0&+0:1][#7;X3&H1&+0,X3&H2&+0,X3&H0&+0:2]', 'N:1 - N:2', 'N', 'SINGLE', 'N')]","[(0, '[#8]=[#15]([#8]-[#7])(c)c', 'N:1 - O:14', 'O', 'SINGLE', 'N', '[#8]=[#15]([#8])([c])[c]', '[#7]')]","[(0, 'N1(C=NCC1)-[#7]', 'N:1 - N:2', 'N', 'SINGLE', 'N', '[N]1[C]=[N][C][C]1', '[#7]')]"
c2,Cc1cc[n+]([O-])cc1.NOP(=O)(c1ccccc1)c1ccccc1>>Cc1cc[n+](ON)cc1,Cc1cc[n+](ON)cc1,[CH3:1][c:2]1[cH:3][cH:4][n+:5]([O-:6])[cH:8][cH:9]1.[NH2:7][O:12][P:11](=[O:10])([c:13]1[cH:14][cH:15][cH:16][cH:17][cH:18]1)[c:19]1[cH:20][cH:21][cH:22][cH:23][cH:24]1>>[CH3:1][c:2]1[cH:3][cH:4][n+:5]([O:6][NH2:7])[cH:8][cH:9]1,"[None, ['N:7 - O:12']]",[['N:7 - O:6']],[],[],[],"[(1, '[#8]=[#15]([#8]-[#7])(c)c', 'N:7 - O:12', 'O', 'SINGLE', 'N', '[#8]=[#15]([#8])([c])[c]', '[#7]')]","[(0, '[#7]-[#8]', 'N:7 - O:6', 'N', 'SINGLE', 'O', '[#7]', '[#8]')]"
c2,CC(C)(C)OC(=O)N1CC2(CC(=O)C2)C1.NOP(=O)(c1ccccc1)c1ccccc1>>CC(C)(C)OC(=O)N1CC2(CNC(=O)C2)C1,CC(C)(C)OC(=O)N1CC2(CNC(=O)C2)C1,[CH3:1][C:2]([CH3:3])([CH3:4])[O:5][C:6](=[O:7])[N:8]1[CH2:9][C:10]2([CH2:11][C:13](=[O:14])[CH2:15]2)[CH2:16]1.[NH2:12][O:19][P:18](=[O:17])([c:20]1[cH:21][cH:22][cH:23][cH:24][cH:25]1)[c:26]1[cH:27][cH:28][cH:29][cH:30][cH:31]1>>[CH3:1][C:2]([CH3:3])([CH3:4])[O:5][C:6](=[O:7])[N:8]1[CH2:9][C:10]2([CH2:11][NH:12][C:13](=[O:14])[CH2:15]2)[CH2:16]1,"[['C:11 - C:13'], ['N:12 - H', 'N:12 - O:19']]","[['C:13 - N:12', 'C:11 - N:12']]",[],"[(0, '[#6]1[#6:1][#6:2][#6]1', 'C:11 - C:13', 'C', 'SINGLE', 'C'), (1, '[#7:2]', 'N:12 - H', 'N', 'SINGLE', 'H', '[#7]', '[H]')]","[(0, '[#6:1](=[#8])[#7:2]', 'C:13 - N:12', 'C', 'SINGLE', 'N'), (0, '[#6]1[#6:1][#7:2][#6][#6]1', 'C:11 - N:12', 'C', 'SINGLE', 'N')]","[(0, '[#6](=[#8])-[#6]', 'C:11 - C:13', 'C', 'SINGLE', 'C', '[#6]=[#8]', '[#6]'), (1, '[#8]=[#15]([#8]-[#7])(c)c', 'N:12 - O:19', 'O', 'SINGLE', 'N', '[#8]=[#15]([#8])([c])[c]', '[#7]')]","[(0, '[#6](=[#8])-[#7]', 'C:13 - N:12', 'C', 'SINGLE', 'N', '[#6]=[#8]', '[#7]'), (0, '[#6](=[#8])[#7]-[#6]', 'C:11 - N:12', 'N', 'SINGLE', 'C', '[#6](=[#8])[#7]', '[#6]')]"
c2,NOP(=O)(c1ccccc1)c1ccccc1.c1ccc2cnccc2c1>>N[n+]1ccc2ccccc2c1,N[n+]1ccc2ccccc2c1,[NH2:1][O:14][P:13](=[O:12])([c:15]1[cH:16][cH:17][cH:18][cH:19][cH:20]1)[c:21]1[cH:22][cH:23][cH:24][cH:25][cH:26]1.[n:2]1[cH:3][cH:4][c:5]2[cH:6][cH:7][cH:8][cH:9][c:10]2[cH:11]1>>[NH2:1][n+:2]1[cH:3][cH:4][c:5]2[cH:6][cH:7][cH:8][cH:9][c:10]2[cH:11]1,"[['N:1 - O:14'], None]",[['N:1 - N:2']],[],[],"[(0, '[N:1][n&+:2]1ccccc1', 'N:1 - N:2', 'N', 'SINGLE', 'N')]","[(0, '[#8]=[#15]([#8]-[#7])(c)c', 'N:1 - O:14', 'O', 'SINGLE', 'N', '[#8]=[#15]([#8])([c])[c]', '[#7]')]","[(0, '[#6]12[#6][#6][#7]([#6][#6]1[#6][#6][#6][#6]2)-[#7]', 'N:1 - N:2', 'N', 'SINGLE', 'N', '[#6]1([#6][#6][#7][#6]2)[#6]2[#6][#6][#6][#6]1', '[#7]')]"
c2,NOP(=O)(c1ccccc1)c1ccccc1.c1ccc2ocnc2c1>>Nc1nc2ccccc2o1,Nc1nc2ccccc2o1,[NH2:1][O:13][P:12](=[O:11])([c:14]1[cH:15][cH:16][cH:17][cH:18][cH:19]1)[c:20]1[cH:21][cH:22][cH:23][cH:24][cH:25]1.[cH:2]1[n:3][c:4]2[cH:5][cH:6][cH:7][cH:8][c:9]2[o:10]1>>[NH2:1][c:2]1[n:3][c:4]2[cH:5][cH:6][cH:7][cH:8][c:9]2[o:10]1,"[['N:1 - O:13'], ['C:2 - H']]",[['C:2 - N:1']],[],"[(1, 'c12o[c:2]nc1cccc2', 'C:2 - H', 'C', 'SINGLE', 'H', '[c]1([o][c][n]2)[c]2[c][c][c][c]1', '[H]')]","[(0, '[#7&X3&H2:1][#6:2]', 'C:2 - N:1', 'C', 'SINGLE', 'N')]","[(0, '[#8]=[#15]([#8]-[#7])(c)c', 'N:1 - O:13', 'O', 'SINGLE', 'N', '[#8]=[#15]([#8])([c])[c]', '[#7]')]","[(0, 'c12oc(nc1cccc2)-[#7]', 'C:2 - N:1', 'C', 'SINGLE', 'N', '[c]1([o][c][n]2)[c]2[c][c][c][c]1', '[#7]')]"
c2,Cc1ccc2ncoc2c1.NOP(=O)(c1ccccc1)c1ccccc1>>Cc1ccc2nc(N)oc2c1,Cc1ccc2nc(N)oc2c1,[CH3:1][c:2]1[cH:3][cH:4][c:5]2[n:6][cH:7][o:9][c:10]2[cH:11]1.[NH2:8][O:14][P:13](=[O:12])([c:15]1[cH:16][cH:17][cH:18][cH:19][cH:20]1)[c:21]1[cH:22][cH:23][cH:24][cH:25][cH:26]1>>[CH3:1][c:2]1[cH:3][cH:4][c:5]2[n:6][c:7]([NH2:8])[o:9][c:10]2[cH:11]1,"[['C:7 - H'], ['N:8 - O:14']]",[['C:7 - N:8']],[],"[(0, 'c12o[c:2]nc1cccc2', 'C:7 - H', 'C', 'SINGLE', 'H', '[c]1([o][c][n]2)[c]2[c][c][c][c]1', '[H]')]","[(0, '[#7&X3&H2:1][#6:2]', 'C:7 - N:8', 'C', 'SINGLE', 'N')]","[(1, '[#8]=[#15]([#8]-[#7])(c)c', 'N:8 - O:14', 'O', 'SINGLE', 'N', '[#8]=[#15]([#8])([c])[c]', '[#7]')]","[(0, 'c12oc(nc1cccc2)-[#7]', 'C:7 - N:8', 'C', 'SINGLE', 'N', '[c]1([o][c][n]2)[c]2[c][c][c][c]1', '[#7]')]"
c2,NOP(=O)(c1ccccc1)c1ccccc1.O=C1CCC(=O)N1>>NN1C(=O)CCC1=O,NN1C(=O)CCC1=O,[NH2:1][O:11][P:10](=[O:9])([c:12]1[cH:13][cH:14][cH:15][cH:16][cH:17]1)[c:18]1[cH:19][cH:20][cH:21][cH:22][cH:23]1.[NH:2]1[C:3](=[O:4])[CH2:5][CH2:6][C:7]1=[O:8]>>[NH2:1][N:2]1[C:3](=[O:4])[CH2:5][CH2:6][C:7]1=[O:8],"[['N:1 - O:11'], ['N:2 - H']]",[['N:1 - N:2']],[],"[(1, '[#6]1(=[#8])[#6][#6][#6](=[#8])[#7:2]1', 'N:2 - H', 'N', 'SINGLE', 'H', '[#6]1(=[#8])[#6][#6][#6](=[#8])[#7]1', '[H]')]","[(0, '[#6&X3](=[#8])[#7;H1,H0:1][#7;X3&H1&+0,X3&H2&+0,X3&H0&+0:2]', 'N:1 - N:2', 'N', 'SINGLE', 'N')]","[(0, '[#8]=[#15]([#8]-[#7])(c)c', 'N:1 - O:11', 'O', 'SINGLE', 'N', '[#8]=[#15]([#8])([c])[c]', '[#7]')]","[(0, '[#6]1(=[#8])[#6][#6][#6](=[#8])[#7]1-[#7]', 'N:1 - N:2', 'N', 'SINGLE', 'N', '[#6]1(=[#8])[#6][#6][#6](=[#8])[#7]1', '[#7]')]"
c2,Cc1ccc(B(O)O)cc1.NOP(=O)(c1ccccc1)c1ccccc1>>Cc1ccc(N)cc1,Cc1ccc(N)cc1,[CH3:1][c:2]1[cH:3][cH:4][c:5]([B:10]([OH:9])[OH:11])[cH:7][cH:8]1.[NH2:6][O:14][P:13](=[O:12])([c:15]1[cH:16][cH:17][cH:18][cH:19][cH:20]1)[c:21]1[cH:22][cH:23][cH:24][cH:25][cH:26]1>>[CH3:1][c:2]1[cH:3][cH:4][c:5]([NH2:6])[cH:7][cH:8]1,"[['B:10 - C:5'], ['N:6 - O:14']]",[['C:5 - N:6']],[],"[(0, '[#5&X3:1]([#8&H1])([#8&H1])[#6:2]', 'B:10 - C:5', 'B', 'SINGLE', 'C')]","[(0, '[#7&X3&H2:1][#6:2]', 'C:5 - N:6', 'C', 'SINGLE', 'N')]","[(0, 'c1cc(ccc1[#6&X4])-[#5]', 'B:10 - C:5', 'C', 'SINGLE', 'B', '[c]1[c][c][c][c][c]1[#6X4]', '[#5]'), (1, '[#8]=[#15]([#8]-[#7])(c)c', 'N:6 - O:14', 'O', 'SINGLE', 'N', '[#8]=[#15]([#8])([c])[c]', '[#7]')]","[(0, 'c1cc(ccc1[#6&X4])-[#7]', 'C:5 - N:6', 'C', 'SINGLE', 'N', '[c]1[c][c][c][c][c]1[#6X4]', '[#7]')]"
c2,Cc1ccc(B(O)O)cc1.NOP(=O)(c1ccccc1)c1ccccc1>>Cc1ccc(Nc2ccc(C)cc2)cc1,Cc1ccc(Nc2ccc(C)cc2)cc1,[CH3:13][c:12]1[cH:11][cH:10][c:9](B(O)O)[cH:15][cH:14]1.[CH3:1][c:2]2[cH:7][cH:6][c:5](B(O)O)[cH:4][cH:3]2.[NH2:8]OP(c3ccccc3)(c4ccccc4)=O>>[CH3:1][c:2]5[cH:7][cH:6][c:5]([NH:8][c:9]6[cH:15][cH:14][c:12]([CH3:13])[cH:11][cH:10]6)[cH:4][cH:3]5,"[['B:17 - C:5'], ['N:6 - H', 'C:11 aromatic C:26', 'C:7 - P:20', 'C:10 - H', 'N:6 - O:21', 'C:11 aromatic C:22']]","[['C:11 - H', 'C:5 - N:6', 'C:7 - N:6', 'C:10 - C:11']]",[],"[(1, 'c1[c:2]cccc1[#6&X4]', 'N:6 - H', 'N', 'SINGLE', 'H', '[c]1[c][c][c][c][c]1[#6X4]', '[H]')]","[(0, 'c1ccc[c:2]c1[#6&X4]', 'C:11 - H', 'C', 'SINGLE', 'H', '[c]1[c][c][c][c][c]1[#6X4]', '[H]'), (0, 'c1c[c:1][c:2]cc1', 'C:5 - N:6', 'C', 'SINGLE', 'N'), (0, 'c1[c:1][c:2]ccc1', 'C:7 - N:6', 'C', 'SINGLE', 'N'), (0, 'c1ccc[c:1][c:2]1', 'C:10 - C:11', 'C', 'SINGLE', 'C')]",[],[]
c2,NOP(=O)(c1ccccc1)c1ccccc1.c1cnc2cc[nH]c2c1>>N[n+]1cccc2[nH]ccc21,N[n+]1cccc2[nH]ccc21,[NH2:1][O:13][P:12](=[O:11])([c:14]1[cH:15][cH:16][cH:17][cH:18][cH:19]1)[c:20]1[cH:21][cH:22][cH:23][cH:24][cH:25]1.[n:2]1[cH:3][cH:4][cH:5][c:6]2[nH:7][cH:8][cH:9][c:10]12>>[NH2:1][n+:2]1[cH:3][cH:4][cH:5][c:6]2[nH:7][cH:8][cH:9][c:10]12,"[['N:1 - O:13'], None]",[['N:1 - N:2']],[],[],"[(0, '[N:1][n&+:2]1ccccc1', 'N:1 - N:2', 'N', 'SINGLE', 'N')]","[(0, '[#8]=[#15]([#8]-[#7])(c)c', 'N:1 - O:13', 'O', 'SINGLE', 'N', '[#8]=[#15]([#8])([c])[c]', '[#7]')]","[(0, '[#6]1[#6][#6][#7]([#6][#6]1)-[#7]', 'N:1 - N:2', 'N', 'SINGLE', 'N', '[#6]1[#6][#6][#7][#6][#6]1', '[#7]')]"
c2,Cc1c[nH]cn1.NOP(=O)(c1ccccc1)c1ccccc1>>Cc1cn(N)c[n+]1N,Cc1cn(N)c[n+]1N,[NH2:8][O:9][P:10]([c:11]1[cH:12][cH:13][cH:14][cH:15][cH:16]1)([c:17]1[cH:18][cH:19][cH:20][cH:21][cH:22]1)=[O:23].[CH3:1][c:2]1[cH:3][nH:4][cH:5][n:6]1.[NH2:7][O:24][P:25]([c:26]1[cH:27][cH:28][cH:29][cH:30][cH:31]1)([c:32]1[cH:33][cH:34][cH:35][cH:36][cH:37]1)=[O:38]>>[CH3:1][c:2]1[cH:3][n:4]([NH2:7])[cH:5][n+:6]1[NH2:8],"[['N:8 - O:9'], ['N:4 - H'], ['N:7 - O:24']]","[['N:4 - N:7', 'N:6 - N:8']]",[],"[(1, '[#7:2]1[#6][#7][#6][#6]1', 'N:4 - H', 'N', 'SINGLE', 'H', '[#7]1[#6][#7][#6][#6]1', '[H]')]","[(0, '[#7;X3&H1&+0,X3&H2&+0,X3&H0&+0:1][#7;X3&H1&+0,X3&H2&+0,X3&H0&+0:2]', 'N:4 - N:7', 'N', 'SINGLE', 'N')]","[(0, '[#8]=[#15]([#8]-[#7])(c)c', 'N:8 - O:9', 'O', 'SINGLE', 'N', '[#8]=[#15]([#8])([c])[c]', '[#7]'), (2, '[#8]=[#15]([#8]-[#7])(c)c', 'N:7 - O:24', 'O', 'SINGLE', 'N', '[#8]=[#15]([#8])([c])[c]', '[#7]')]","[(0, '[#7]1([#6][#7][#6][#6]1)-[#7]', 'N:4 - N:7', 'N', 'SINGLE', 'N', '[#7]1[#6][#7][#6][#6]1', '[#7]'), (0, '[#7]1([#6][#7][#6][#6]1)-[#7]', 'N:6 - N:8', 'N', 'SINGLE', 'N', '[#7]1[#6][#7][#6][#6]1', '[#7]')]"
c2,NOP(=O)(c1ccccc1)c1ccccc1.c1ccc2[nH]cnc2c1>>Nn1cnc2ccccc21,Nn1cnc2ccccc21,[NH2:1][O:13][P:12](=[O:11])([c:14]1[cH:15][cH:16][cH:17][cH:18][cH:19]1)[c:20]1[cH:21][cH:22][cH:23][cH:24][cH:25]1.[nH:2]1[cH:3][n:4][c:5]2[cH:6][cH:7][cH:8][cH:9][c:10]12>>[NH2:1][n:2]1[cH:3][n:4][c:5]2[cH:6][cH:7][cH:8][cH:9][c:10]12,"[['N:1 - O:13'], ['N:2 - H']]",[['N:1 - N:2']],[],"[(1, 'c12nc[n:2]c1cccc2', 'N:2 - H', 'N', 'SINGLE', 'H', '[c]1([n][c][n]2)[c]2[c][c][c][c]1', '[H]')]","[(0, '[#7;X3&H1&+0,X3&H2&+0,X3&H0&+0:1][#7;X3&H1&+0,X3&H2&+0,X3&H0&+0:2]', 'N:1 - N:2', 'N', 'SINGLE', 'N')]","[(0, '[#8]=[#15]([#8]-[#7])(c)c', 'N:1 - O:13', 'O', 'SINGLE', 'N', '[#8]=[#15]([#8])([c])[c]', '[#7]')]","[(0, '[#7]1([#6][#7][#6][#6]1)-[#7]', 'N:1 - N:2', 'N', 'SINGLE', 'N', '[#7]1[#6][#7][#6][#6]1', '[#7]')]"
c2,NOP(=O)(c1ccccc1)c1ccccc1.c1ccc2ncncc2c1>>N[n+]1cncc2ccccc21,N[n+]1cncc2ccccc21,[NH2:1][O:14][P:13](=[O:12])([c:15]1[cH:16][cH:17][cH:18][cH:19][cH:20]1)[c:21]1[cH:22][cH:23][cH:24][cH:25][cH:26]1.[n:2]1[cH:3][n:4][cH:5][c:6]2[cH:7][cH:8][cH:9][cH:10][c:11]12>>[NH2:1][n+:2]1[cH:3][n:4][cH:5][c:6]2[cH:7][cH:8][cH:9][cH:10][c:11]12,"[['N:1 - O:14'], None]",[['N:1 - N:2']],[],[],[],"[(0, '[#8]=[#15]([#8]-[#7])(c)c', 'N:1 - O:14', 'O', 'SINGLE', 'N', '[#8]=[#15]([#8])([c])[c]', '[#7]')]","[(0, '[#7]-[#7]', 'N:1 - N:2', 'N', 'SINGLE', 'N', '[#7]', '[#7]')]"
c2,NOP(=O)(c1ccccc1)c1ccccc1.c1ccc2scnc2c1>>Nc1nc2ccccc2s1,Nc1nc2ccccc2s1,[NH2:1][O:13][P:12](=[O:11])([c:14]1[cH:15][cH:16][cH:17][cH:18][cH:19]1)[c:20]1[cH:21][cH:22][cH:23][cH:24][cH:25]1.[cH:2]1[n:3][c:4]2[cH:5][cH:6][cH:7][cH:8][c:9]2[s:10]1>>[NH2:1][c:2]1[n:3][c:4]2[cH:5][cH:6][cH:7][cH:8][c:9]2[s:10]1,"[['N:1 - O:13'], ['C:2 - H']]",[['C:2 - N:1']],[],"[(1, 'c12s[c:2]nc1cccc2', 'C:2 - H', 'C', 'SINGLE', 'H', '[c]1([s][c][n]2)[c]2[c][c][c][c]1', '[H]')]","[(0, '[#7&X3&H2:1][#6:2]', 'C:2 - N:1', 'C', 'SINGLE', 'N')]","[(0, '[#8]=[#15]([#8]-[#7])(c)c', 'N:1 - O:13', 'O', 'SINGLE', 'N', '[#8]=[#15]([#8])([c])[c]', '[#7]')]","[(0, 'c12sc(nc1cccc2)-[#7]', 'C:2 - N:1', 'C', 'SINGLE', 'N', '[c]1([s][c][n]2)[c]2[c][c][c][c]1', '[#7]')]"
c2,Cc1ccc2[nH]cnc2c1.NOP(=O)(c1ccccc1)c1ccccc1>>Cc1ccc2c(c1)ncn2N,Cc1ccc2c(c1)ncn2N,[CH3:1][c:2]1[cH:3][cH:4][c:5]2[c:6]([cH:7]1)[n:8][cH:9][nH:10]2.[NH2:11][O:14][P:13](=[O:12])([c:15]1[cH:16][cH:17][cH:18][cH:19][cH:20]1)[c:21]1[cH:22][cH:23][cH:24][cH:25][cH:26]1>>[CH3:1][c:2]1[cH:3][cH:4][c:5]2[c:6]([cH:7]1)[n:8][cH:9][n:10]2[NH2:11],"[['N:10 - H'], ['N:11 - O:14']]",[['N:10 - N:11']],[],"[(0, 'c12[n:2]cnc1cccc2', 'N:10 - H', 'N', 'SINGLE', 'H', '[c]1([n][c][n]2)[c]2[c][c][c][c]1', '[H]')]","[(0, '[#7;X3&H1&+0,X3&H2&+0,X3&H0&+0:1][#7;X3&H1&+0,X3&H2&+0,X3&H0&+0:2]', 'N:10 - N:11', 'N', 'SINGLE', 'N')]","[(1, '[#8]=[#15]([#8]-[#7])(c)c', 'N:11 - O:14', 'O', 'SINGLE', 'N', '[#8]=[#15]([#8])([c])[c]', '[#7]')]","[(0, '[#7]1([#6][#7][#6][#6]1)-[#7]', 'N:10 - N:11', 'N', 'SINGLE', 'N', '[#7]1[#6][#7][#6][#6]1', '[#7]')]"
c2,C[PH](C)=O.NOP(=O)(c1ccccc1)c1ccccc1>>CP(C)(N)=O,CP(C)(N)=O,[CH3:1][PH:2]([CH3:3])=[O:5].[NH2:4][O:8][P:7](=[O:6])([c:9]1[cH:10][cH:11][cH:12][cH:13][cH:14]1)[c:15]1[cH:16][cH:17][cH:18][cH:19][cH:20]1>>[CH3:1][P:2]([CH3:3])([NH2:4])=[O:5],"[['P:2 - H'], ['N:4 - O:8']]",[['N:4 - P:2']],[],"[(0, '[#8]=[#15:2]([#6])[#6]', 'P:2 - H', 'P', 'SINGLE', 'H', '[#8]=[#15]([#6])[#6]', '[H]')]","[(0, '[#8]=[#15:1]([#7:2])([#6])[#6]', 'N:4 - P:2', 'N', 'SINGLE', 'P')]","[(1, '[#8]=[#15]([#8]-[#7])(c)c', 'N:4 - O:8', 'O', 'SINGLE', 'N', '[#8]=[#15]([#8])([c])[c]', '[#7]')]","[(0, '[#8]=[#15]([#6])([#6])-[#7]', 'N:4 - P:2', 'P', 'SINGLE', 'N', '[#8]=[#15]([#6])[#6]', '[#7]')]"
c2,Cn1cnc2ccccc21.NOP(=O)(c1ccccc1)c1ccccc1>>Cn1c(N)nc2ccccc21,Cn1c(N)nc2ccccc21,[CH3:1][n:2]1[cH:3][n:5][c:6]2[cH:7][cH:8][cH:9][cH:10][c:11]12.[NH2:4][O:14][P:13](=[O:12])([c:15]1[cH:16][cH:17][cH:18][cH:19][cH:20]1)[c:21]1[cH:22][cH:23][cH:24][cH:25][cH:26]1>>[CH3:1][n:2]1[c:3]([NH2:4])[n:5][c:6]2[cH:7][cH:8][cH:9][cH:10][c:11]12,"[['C:3 - H'], ['N:4 - O:14']]",[['C:3 - N:4']],[],"[(0, 'c12n[c:2]nc1cccc2', 'C:3 - H', 'C', 'SINGLE', 'H', '[c]1([n][c][n]2)[c]2[c][c][c][c]1', '[H]')]","[(0, '[#7&X3&H2:1][#6:2]', 'C:3 - N:4', 'C', 'SINGLE', 'N')]","[(1, '[#8]=[#15]([#8]-[#7])(c)c', 'N:4 - O:14', 'O', 'SINGLE', 'N', '[#8]=[#15]([#8])([c])[c]', '[#7]')]","[(0, 'c12nc(nc1cccc2)-[#7]', 'C:3 - N:4', 'C', 'SINGLE', 'N', '[c]1([n][c][n]2)[c]2[c][c][c][c]1', '[#7]')]"
c2,C(=Nc1ccccc1)Nc1ccccc1.NOP(=O)(c1ccccc1)c1ccccc1>>NN(C=Nc1ccccc1)c1ccccc1,NN(C=Nc1ccccc1)c1ccccc1,[NH:2]([CH:3]=[N:4][c:5]1[cH:6][cH:7][cH:8][cH:9][cH:10]1)[c:11]1[cH:12][cH:13][cH:14][cH:15][cH:16]1.[NH2:1][O:19][P:18](=[O:17])([c:20]1[cH:21][cH:22][cH:23][cH:24][cH:25]1)[c:26]1[cH:27][cH:28][cH:29][cH:30][cH:31]1>>[NH2:1][N:2]([CH:3]=[N:4][c:5]1[cH:6][cH:7][cH:8][cH:9][cH:10]1)[c:11]1[cH:12][cH:13][cH:14][cH:15][cH:16]1,"[['N:2 - H'], ['N:1 - O:19']]",[['N:1 - N:2']],[],"[(0, 'c1ccccc1[#7&!a;X4&H1&+,X4&H2&+,X4&H3&+,X3&H1&+0,X3&H0&+0,X3&H2&+0;!$([#7][!#6]):2]', 'N:2 - H', 'N', 'SINGLE', 'H', '[c]1[c][c][c][c][c]1[#7;!a;X4H+,X4H2+,X4H3+,X3H+0,X3H0+0,X3H2+0;!$([#7][!#6])]', '[H]')]","[(0, '[#7;X3&H1&+0,X3&H2&+0,X3&H0&+0:1][#7;X3&H1&+0,X3&H2&+0,X3&H0&+0:2]', 'N:1 - N:2', 'N', 'SINGLE', 'N')]","[(1, '[#8]=[#15]([#8]-[#7])(c)c', 'N:1 - O:19', 'O', 'SINGLE', 'N', '[#8]=[#15]([#8])([c])[c]', '[#7]')]","[(0, '[#7]-[#7]', 'N:1 - N:2', 'N', 'SINGLE', 'N', '[#7]', '[#7]')]"
c2,CCS(=O)CC.NOP(=O)(c1ccccc1)c1ccccc1>>CCS(=N)(=O)CC,CCS(=N)(=O)CC,[CH3:1][CH2:2][S:3](=[O:5])[CH2:6][CH3:7].[NH2:4][O:10][P:9](=[O:8])([c:11]1[cH:12][cH:13][cH:14][cH:15][cH:16]1)[c:17]1[cH:18][cH:19][cH:20][cH:21][cH:22]1>>[CH3:1][CH2:2][S:3](=[NH:4])(=[O:5])[CH2:6][CH3:7],"[None, ['N:4 - O:10', 'N:4 - H']]",[['N:4 = S:3']],[],"[(1, '[#7:2]', 'N:4 - H', 'N', 'SINGLE', 'H', '[#7]', '[H]')]","[(0, '[#7:1]=[#16:2]([#6])[#6]', 'N:4 = S:3', 'N', 'DOUBLE', 'S')]","[(1, '[#8]=[#15]([#8]-[#7])(c)c', 'N:4 - O:10', 'O', 'SINGLE', 'N', '[#8]=[#15]([#8])([c])[c]', '[#7]')]","[(0, '[#7]=[#16]', 'N:4 = S:3', 'N', 'DOUBLE', 'S', '[#7]', '[#16]')]"
c2,NOP(=O)(c1ccccc1)c1ccccc1.OB(O)c1cccc2ccccc12>>Nc1ccc2ccccc2c1,Nc1ccc2ccccc2c1,[NH2:1]OP(c1ccccc1)(c2ccccc2)=O.OB([c:3]3[cH:4][cH:5][c:6]4[cH:11][cH:10][cH:9][cH:8][c:7]4[cH:2]3)O>>[NH2:1][c:3]5[cH:4][cH:5][c:6]6[cH:11][cH:10][cH:9][cH:8][c:7]6[cH:2]5,"[['N:1 - O:14'], ['B:28 - C:11', 'C:2 - H']]","[['C:11 - H', 'C:2 - N:1']]",[],"[(1, 'c12ccc[c:2]c1cccc2', 'C:2 - H', 'C', 'SINGLE', 'H', '[c]1([c][c][c][c]2)[c]2[c][c][c][c]1', '[H]')]","[(0, 'c12ccccc1ccc[c:2]2', 'C:11 - H', 'C', 'SINGLE', 'H', '[c]1([c][c][c][c]2)[c]2[c][c][c][c]1', '[H]')]",[],"[(0, 'c12cc(ccc1cccc2)-[#7]', 'C:2 - N:1', 'C', 'SINGLE', 'N', '[c]1([c][c][c][c]2)[c]2[c][c][c][c]1', '[#7]')]"
c2,NOP(=O)(c1ccccc1)c1ccccc1.OB(O)c1cccc2ccccc12>>c1ccc2cc(Nc3ccc4ccccc4c3)ccc2c1,c1ccc2cc(Nc3ccc4ccccc4c3)ccc2c1,[NH2:1]OP(c1ccccc1)(c2ccccc2)=O.OB(O)[c:2]([cH:3][cH:4]3)[cH:11][c:10]4[c:5]3[cH:6][cH:7][cH:8][cH:9]4.OB(O)[c:12]([cH:13][cH:14]5)[cH:21][c:20]6[c:15]5[cH:16][cH:17][cH:18][cH:19]6>>[c:2]([NH:1][c:12]7[cH:13][cH:14][c:15]8[cH:16][cH:17][cH:18][cH:19][c:20]8[cH:21]7)([cH:3][cH:4]9)[cH:11][c:10]%10[c:5]9[cH:6][cH:7][cH:8][cH:9]%10,"[['N:1 - O:24', 'N:1 - H'], ['C:3 - H', 'B:38 - C:2'], ['B:41 - C:12', 'C:19 - H']]","[['C:2 - H', 'C:19 - N:1', 'C:3 - N:1', 'C:12 - H']]",[],"[(0, '[#7:2]', 'N:1 - H', 'N', 'SINGLE', 'H', '[#7]', '[H]'), (1, 'c12cc[c:2]cc1cccc2', 'C:3 - H', 'C', 'SINGLE', 'H', '[c]1([c][c][c][c]2)[c]2[c][c][c][c]1', '[H]'), (2, 'c12ccccc1ccc[c:2]2', 'C:19 - H', 'C', 'SINGLE', 'H', '[c]1([c][c][c][c]2)[c]2[c][c][c][c]1', '[H]')]","[(0, 'c12c[c:2]ccc1cccc2', 'C:2 - H', 'C', 'SINGLE', 'H', '[c]1([c][c][c][c]2)[c]2[c][c][c][c]1', '[H]'), (0, 'c12cc[c:2]cc1cccc2', 'C:12 - H', 'C', 'SINGLE', 'H', '[c]1([c][c][c][c]2)[c]2[c][c][c][c]1', '[H]')]",[],"[(0, 'c12cc(ccc1cccc2)-[#7&!a;X4&H1&+,X4&H2&+,X4&H3&+,X3&H1&+0,X3&H0&+0,X3&H2&+0;!$([#7][!#6])]c1ccccc1', 'C:19 - N:1', 'C', 'SINGLE', 'N', '[c]1([c][c][c][c]2)[c]2[c][c][c][c]1', '[c]1[c][c][c][c][c]1[#7;!a;X4H+,X4H2+,X4H3+,X3H+0,X3H0+0,X3H2+0;!$([#7][!#6])]'), (0, 'c12cc(ccc1cccc2)-[#7&!a;X4&H1&+,X4&H2&+,X4&H3&+,X3&H1&+0,X3&H0&+0,X3&H2&+0;!$([#7][!#6])]c1ccccc1', 'C:3 - N:1', 'C', 'SINGLE', 'N', '[c]1([c][c][c][c]2)[c]2[c][c][c][c]1', '[c]1[c][c][c][c][c]1[#7;!a;X4H+,X4H2+,X4H3+,X3H+0,X3H0+0,X3H2+0;!$([#7][!#6])]')]"
c2,NOP(=O)(c1ccccc1)c1ccccc1.O=C1CCCc2cccnc21>>N[n+]1cccc2c1C(=O)CCC2,N[n+]1cccc2c1C(=O)CCC2,[NH2:1][O:15][P:14](=[O:13])([c:16]1[cH:17][cH:18][cH:19][cH:20][cH:21]1)[c:22]1[cH:23][cH:24][cH:25][cH:26][cH:27]1.[n:2]1[cH:3][cH:4][cH:5][c:6]2[c:7]1[C:8](=[O:9])[CH2:10][CH2:11][CH2:12]2>>[NH2:1][n+:2]1[cH:3][cH:4][cH:5][c:6]2[c:7]1[C:8](=[O:9])[CH2:10][CH2:11][CH2:12]2,"[['N:1 - O:15'], None]",[['N:1 - N:2']],[],[],"[(0, '[N:1][n&+:2]1ccccc1', 'N:1 - N:2', 'N', 'SINGLE', 'N')]","[(0, '[#8]=[#15]([#8]-[#7])(c)c', 'N:1 - O:15', 'O', 'SINGLE', 'N', '[#8]=[#15]([#8])([c])[c]', '[#7]')]","[(0, '[#6]12[#6][#6][#6][#7]([#6]1[#6][#6][#6][#6]2)-[#7]', 'N:1 - N:2', 'N', 'SINGLE', 'N', '[#6]1([#6][#6][#6][#7]2)[#6]2[#6][#6][#6][#6]1', '[#7]')]"
c2,NOP(=O)(c1ccccc1)c1ccccc1.c1cocn1>>Nc1ncco1,Nc1ncco1,[NH2:1][O:9][P:8](=[O:7])([c:10]1[cH:11][cH:12][cH:13][cH:14][cH:15]1)[c:16]1[cH:17][cH:18][cH:19][cH:20][cH:21]1.[cH:2]1[n:3][cH:4][cH:5][o:6]1>>[NH2:1][c:2]1[n:3][cH:4][cH:5][o:6]1,"[['N:1 - O:9'], ['C:2 - H']]",[['C:2 - N:1']],[],"[(1, 'n1[c:2]occ1', 'C:2 - H', 'C', 'SINGLE', 'H', '[n]1[c][o][c][c]1', '[H]')]","[(0, '[#7&X3&H2:1][#6:2]', 'C:2 - N:1', 'C', 'SINGLE', 'N')]","[(0, '[#8]=[#15]([#8]-[#7])(c)c', 'N:1 - O:9', 'O', 'SINGLE', 'N', '[#8]=[#15]([#8])([c])[c]', '[#7]')]","[(0, 'n1c(occ1)-[#7]', 'C:2 - N:1', 'C', 'SINGLE', 'N', '[n]1[c][o][c][c]1', '[#7]')]"
c2,Cc1ccc2ocnc2c1.NOP(=O)(c1ccccc1)c1ccccc1>>Cc1ccc2oc(N)nc2c1,Cc1ccc2oc(N)nc2c1,[CH3:1][c:2]1[cH:3][cH:4][c:5]2[o:6][cH:7][n:9][c:10]2[cH:11]1.[NH2:8][O:14][P:13](=[O:12])([c:15]1[cH:16][cH:17][cH:18][cH:19][cH:20]1)[c:21]1[cH:22][cH:23][cH:24][cH:25][cH:26]1>>[CH3:1][c:2]1[cH:3][cH:4][c:5]2[o:6][c:7]([NH2:8])[n:9][c:10]2[cH:11]1,"[['C:7 - H'], ['N:8 - O:14']]",[['C:7 - N:8']],[],"[(0, 'c12o[c:2]nc1cccc2', 'C:7 - H', 'C', 'SINGLE', 'H', '[c]1([o][c][n]2)[c]2[c][c][c][c]1', '[H]')]","[(0, '[#7&X3&H2:1][#6:2]', 'C:7 - N:8', 'C', 'SINGLE', 'N')]","[(1, '[#8]=[#15]([#8]-[#7])(c)c', 'N:8 - O:14', 'O', 'SINGLE', 'N', '[#8]=[#15]([#8])([c])[c]', '[#7]')]","[(0, 'c12oc(nc1cccc2)-[#7]', 'C:7 - N:8', 'C', 'SINGLE', 'N', '[c]1([o][c][n]2)[c]2[c][c][c][c]1', '[#7]')]"
c2,NOP(=O)(c1ccccc1)c1ccccc1.c1ccc2c(c1)NCCS2>>N=S1CCNc2ccccc21,N=S1CCNc2ccccc21,[NH2:1][O:14][P:13](=[O:12])([c:15]1[cH:16][cH:17][cH:18][cH:19][cH:20]1)[c:21]1[cH:22][cH:23][cH:24][cH:25][cH:26]1.[S:2]1[CH2:3][CH2:4][NH:5][c:6]2[cH:7][cH:8][cH:9][cH:10][c:11]21>>[NH:1]=[S:2]1[CH2:3][CH2:4][NH:5][c:6]2[cH:7][cH:8][cH:9][cH:10][c:11]21,"[['N:1 - O:14', 'N:1 - H'], None]",[['N:1 = S:2']],[],"[(0, '[#7:2]', 'N:1 - H', 'N', 'SINGLE', 'H', '[#7]', '[H]')]","[(0, '[#7:1]=[#16:2]([#6])[#6]', 'N:1 = S:2', 'N', 'DOUBLE', 'S')]","[(0, '[#8]=[#15]([#8]-[#7])(c)c', 'N:1 - O:14', 'O', 'SINGLE', 'N', '[#8]=[#15]([#8])([c])[c]', '[#7]')]","[(0, '[#7]1[#6][#6][#16]([#6][#6]1)=[#7]', 'N:1 = S:2', 'S', 'DOUBLE', 'N', '[#7]1[#6][#6][#16][#6][#6]1', '[#7]')]"
c2,CC1=NN(c2ccccc2)C(=O)C1.NOP(=O)(c1ccccc1)c1ccccc1>>CC1=N[N+](N)(c2ccccc2)C(=O)C1,CC1=N[N+](N)(c2ccccc2)C(=O)C1,[CH3:1][C:2]1=[N:3][N:4]([c:6]2[cH:7][cH:8][cH:9][cH:10][cH:11]2)[C:12](=[O:13])[CH2:14]1.[NH2:5][O:17][P:16](=[O:15])([c:18]1[cH:19][cH:20][cH:21][cH:22][cH:23]1)[c:24]1[cH:25][cH:26][cH:27][cH:28][cH:29]1>>[CH3:1][C:2]1=[N:3][N+:4]([NH2:5])([c:6]2[cH:7][cH:8][cH:9][cH:10][cH:11]2)[C:12](=[O:13])[CH2:14]1,"[None, ['N:5 - O:17']]",[['N:4 - N:5']],[],[],"[(0, '[#6&X3](=[#8])[#7;H1,H0:1][#7;X3&H1&+0,X3&H2&+0,X3&H0&+0:2]', 'N:4 - N:5', 'N', 'SINGLE', 'N')]","[(1, '[#8]=[#15]([#8]-[#7])(c)c', 'N:5 - O:17', 'O', 'SINGLE', 'N', '[#8]=[#15]([#8])([c])[c]', '[#7]')]","[(0, '[#6]1=[#7][#7]([#6][#6]1)-[#7]', 'N:4 - N:5', 'N', 'SINGLE', 'N', '[#6]1=[#7][#7][#6][#6]1', '[#7]')]"
c2,NOP(=O)(c1ccccc1)c1ccccc1.O=[N+]([O-])c1ccc2cccnc2c1>>N[n+]1cccc2ccc([N+](=O)[O-])cc21,N[n+]1cccc2ccc([N+](=O)[O-])cc21,[NH2:1][O:17][P:16](=[O:15])([c:18]1[cH:19][cH:20][cH:21][cH:22][cH:23]1)[c:24]1[cH:25][cH:26][cH:27][cH:28][cH:29]1.[n:2]1[cH:3][cH:4][cH:5][c:6]2[cH:7][cH:8][c:9]([N+:10](=[O:11])[O-:12])[cH:13][c:14]12>>[NH2:1][n+:2]1[cH:3][cH:4][cH:5][c:6]2[cH:7][cH:8][c:9]([N+:10](=[O:11])[O-:12])[cH:13][c:14]12,"[['N:1 - O:17'], None]",[['N:1 - N:2']],[],[],"[(0, '[N:1][n&+:2]1ccccc1', 'N:1 - N:2', 'N', 'SINGLE', 'N')]","[(0, '[#8]=[#15]([#8]-[#7])(c)c', 'N:1 - O:17', 'O', 'SINGLE', 'N', '[#8]=[#15]([#8])([c])[c]', '[#7]')]","[(0, '[#6]12[#6][#6][#6][#7]([#6]1[#6][#6][#6][#6]2)-[#7]', 'N:1 - N:2', 'N', 'SINGLE', 'N', '[#6]1([#6][#6][#6][#7]2)[#6]2[#6][#6][#6][#6]1', '[#7]')]"
c2,CC(C)(C)OC(=O)N1CCC2(CC(=O)C2)C1.NOP(=O)(c1ccccc1)c1ccccc1>>CC(C)(C)OC(=O)N1CCC2(CNC(=O)C2)C1,CC(C)(C)OC(=O)N1CCC2(CNC(=O)C2)C1,[CH3:1][C:2]([CH3:3])([CH3:4])[O:5][C:6](=[O:7])[N:8]1[CH2:9][CH2:10][C:11]2([CH2:12][C:14](=[O:15])[CH2:16]2)[CH2:17]1.[NH2:13][O:20][P:19](=[O:18])([c:21]1[cH:22][cH:23][cH:24][cH:25][cH:26]1)[c:27]1[cH:28][cH:29][cH:30][cH:31][cH:32]1>>[CH3:1][C:2]([CH3:3])([CH3:4])[O:5][C:6](=[O:7])[N:8]1[CH2:9][CH2:10][C:11]2([CH2:12][NH:13][C:14](=[O:15])[CH2:16]2)[CH2:17]1,"[['C:12 - C:14'], ['N:13 - H', 'N:13 - O:20']]","[['C:12 - N:13', 'C:14 - N:13']]",[],"[(0, '[#6]1[#6:1][#6:2][#6]1', 'C:12 - C:14', 'C', 'SINGLE', 'C'), (1, '[#7:2]', 'N:13 - H', 'N', 'SINGLE', 'H', '[#7]', '[H]')]","[(0, '[#6]1[#6:1][#7:2][#6][#6]1', 'C:12 - N:13', 'C', 'SINGLE', 'N'), (0, '[#6:1](=[#8])[#7:2]', 'C:14 - N:13', 'C', 'SINGLE', 'N')]","[(0, '[#6](=[#8])-[#6]', 'C:12 - C:14', 'C', 'SINGLE', 'C', '[#6]=[#8]', '[#6]'), (1, '[#8]=[#15]([#8]-[#7])(c)c', 'N:13 - O:20', 'O', 'SINGLE', 'N', '[#8]=[#15]([#8])([c])[c]', '[#7]')]","[(0, '[#6](=[#8])[#7]-[#6]', 'C:12 - N:13', 'N', 'SINGLE', 'C', '[#6](=[#8])[#7]', '[#6]'), (0, '[#6](=[#8])-[#7]', 'C:14 - N:13', 'C', 'SINGLE', 'N', '[#6]=[#8]', '[#7]')]"
c2,NOP(=O)(c1ccccc1)c1ccccc1.c1cnc2[nH]ccc2c1>>N[n+]1cccc2cc[nH]c21,N[n+]1cccc2cc[nH]c21,[NH2:1][O:13][P:12](=[O:11])([c:14]1[cH:15][cH:16][cH:17][cH:18][cH:19]1)[c:20]1[cH:21][cH:22][cH:23][cH:24][cH:25]1.[n:2]1[cH:3][cH:4][cH:5][c:6]2[cH:7][cH:8][nH:9][c:10]12>>[NH2:1][n+:2]1[cH:3][cH:4][cH:5][c:6]2[cH:7][cH:8][nH:9][c:10]12,"[['N:1 - O:13'], None]",[['N:1 - N:2']],[],[],"[(0, '[N:1][n&+:2]1ccccc1', 'N:1 - N:2', 'N', 'SINGLE', 'N')]","[(0, '[#8]=[#15]([#8]-[#7])(c)c', 'N:1 - O:13', 'O', 'SINGLE', 'N', '[#8]=[#15]([#8])([c])[c]', '[#7]')]","[(0, '[#6]1[#6][#6][#7]([#6][#6]1)-[#7]', 'N:1 - N:2', 'N', 'SINGLE', 'N', '[#6]1[#6][#6][#7][#6][#6]1', '[#7]')]"
c2,Cc1cc(C)c[n+]([O-])c1.NOP(=O)(c1ccccc1)c1ccccc1>>Cc1cc(C)c[n+](ON)c1,Cc1cc(C)c[n+](ON)c1,[CH3:1][c:2]1[cH:9][n+:7]([O-:8])[cH:6][c:4]([CH3:5])[cH:3]1.[NH2:10]OP(c2ccccc2)(c3ccccc3)=O>>[CH3:1][c:2]4[cH:9][n+:7]([O:8][NH2:10])[cH:6][c:4]([CH3:5])[cH:3]4,"[['N:7 - O:11'], ['O:8 - P:13']]",[['N:7 - O:8']],[],[],[],[],"[(0, '[#6]1[#6][#6][#7]([#6][#6]1)-[#8]', 'N:7 - O:8', 'N', 'SINGLE', 'O', '[#6]1[#6][#6][#7][#6][#6]1', '[#8]')]"
c2,NOP(=O)(c1ccccc1)c1ccccc1.c1ccc(Cn2ccnc2)cc1>>Nc1nccn1Cc1ccccc1,Nc1nccn1Cc1ccccc1,[NH2:1][O:16][P:15](=[O:14])([c:17]1[cH:18][cH:19][cH:20][cH:21][cH:22]1)[c:23]1[cH:24][cH:25][cH:26][cH:27][cH:28]1.[cH:2]1[n:3][cH:4][cH:5][n:6]1[CH2:7][c:8]1[cH:9][cH:10][cH:11][cH:12][cH:13]1>>[NH2:1][c:2]1[n:3][cH:4][cH:5][n:6]1[CH2:7][c:8]1[cH:9][cH:10][cH:11][cH:12][cH:13]1,"[['N:1 - O:16'], ['C:2 - H']]",[['C:2 - N:1']],[],"[(1, '[#7]1[#6:2][#7][#6][#6]1', 'C:2 - H', 'C', 'SINGLE', 'H', '[#7]1[#6][#7][#6][#6]1', '[H]')]","[(0, '[#7&X3&H2:1][#6:2]', 'C:2 - N:1', 'C', 'SINGLE', 'N')]","[(0, '[#8]=[#15]([#8]-[#7])(c)c', 'N:1 - O:16', 'O', 'SINGLE', 'N', '[#8]=[#15]([#8])([c])[c]', '[#7]')]","[(0, '[#7]1[#6]([#7][#6][#6]1)-[#7]', 'C:2 - N:1', 'C', 'SINGLE', 'N', '[#7]1[#6][#7][#6][#6]1', '[#7]')]"
c2,CC(=O)/C=C/c1cccs1.NOP(=O)(c1ccccc1)c1ccccc1>>CC(=O)N/C=C\c1cccs1,CC(=O)N/C=C\c1cccs1,[CH3:1][C:2](=[O:3])/[CH:5]=[CH:6]/[c:7]1[cH:8][cH:9][cH:10][s:11]1.[NH2:4][O:14][P:13](=[O:12])([c:15]1[cH:16][cH:17][cH:18][cH:19][cH:20]1)[c:21]1[cH:22][cH:23][cH:24][cH:25][cH:26]1>>[CH3:1][C:2](=[O:3])[NH:4]/[CH:5]=[CH:6]\[c:7]1[cH:8][cH:9][cH:10][s:11]1,"[['C:2 - C:5'], ['N:4 - H', 'N:4 - O:14']]","[['C:2 - N:4', 'C:5 - N:4']]",[],"[(0, '[#6][#6:1](=[#8])[#6:2]', 'C:2 - C:5', 'C', 'SINGLE', 'C'), (1, '[#7:2]', 'N:4 - H', 'N', 'SINGLE', 'H', '[#7]', '[H]')]","[(0, '[#6:1](=[#8])[#7:2]', 'C:2 - N:4', 'C', 'SINGLE', 'N'), (0, '[#7&X3&H1:1]([#6])[#6:2]', 'C:5 - N:4', 'C', 'SINGLE', 'N')]","[(0, '[#6](=[#8])([#6&H3])-[#6&X3]=[#6&X3]', 'C:2 - C:5', 'C', 'SINGLE', 'C', '[#6](=[#8])[#6;H3]', '[#6X3]=[#6X3]'), (1, '[#8]=[#15]([#8]-[#7])(c)c', 'N:4 - O:14', 'O', 'SINGLE', 'N', '[#8]=[#15]([#8])([c])[c]', '[#7]')]","[(0, '[#6](=[#8])([#6&H3])-[#7]', 'C:2 - N:4', 'C', 'SINGLE', 'N', '[#6](=[#8])[#6;H3]', '[#7]'), (0, '[#6](=[#8])[#7]-[#6&X3]=[#6&X3]', 'C:5 - N:4', 'N', 'SINGLE', 'C', '[#6](=[#8])[#7]', '[#6X3]=[#6X3]')]"
c2,Ic1cccc2oc3ccccc3c12.NOP(=O)(c1ccccc1)c1ccccc1>>Nc1cccc2oc3ccccc3c12,Nc1cccc2oc3ccccc3c12,[c:2]1([I:15])[cH:3][cH:4][cH:5][c:6]2[o:7][c:8]3[cH:9][cH:10][cH:11][cH:12][c:13]3[c:14]12.[NH2:1][O:18][P:17](=[O:16])([c:19]1[cH:20][cH:21][cH:22][cH:23][cH:24]1)[c:25]1[cH:26][cH:27][cH:28][cH:29][cH:30]1>>[NH2:1][c:2]1[cH:3][cH:4][cH:5][c:6]2[o:7][c:8]3[cH:9][cH:10][cH:11][cH:12][c:13]3[c:14]12,"[['C:2 - I:15'], ['N:1 - O:18']]",[['C:2 - N:1']],[],"[(0, '[c:1][#9,#17,#35,#53:2]', 'C:2 - I:15', 'C', 'SINGLE', 'I')]","[(0, '[#7&X3&H2:1][#6:2]', 'C:2 - N:1', 'C', 'SINGLE', 'N')]","[(0, 'c12c3c(cccc3oc1cccc2)-[#53&v1]', 'C:2 - I:15', 'C', 'SINGLE', 'I', '[c]1([c]([c][c][c][c]3)[c]3[o]2)[c]2[c][c][c][c]1', '[#53v1]'), (1, '[#8]=[#15]([#8]-[#7])(c)c', 'N:1 - O:18', 'O', 'SINGLE', 'N', '[#8]=[#15]([#8])([c])[c]', '[#7]')]","[(0, 'c12c3c(cccc3oc1cccc2)-[#7]', 'C:2 - N:1', 'C', 'SINGLE', 'N', '[c]1([c]([c][c][c][c]3)[c]3[o]2)[c]2[c][c][c][c]1', '[#7]')]"
c2,COC(=O)c1ccc2ocnc2c1.NOP(=O)(c1ccccc1)c1ccccc1>>COC(=O)c1ccc2oc(N)nc2c1,COC(=O)c1ccc2oc(N)nc2c1,[CH3:1][O:2][C:3](=[O:4])[c:5]1[cH:6][cH:7][c:8]2[o:9][cH:10][n:12][c:13]2[cH:14]1.[NH2:11][O:17][P:16](=[O:15])([c:18]1[cH:19][cH:20][cH:21][cH:22][cH:23]1)[c:24]1[cH:25][cH:26][cH:27][cH:28][cH:29]1>>[CH3:1][O:2][C:3](=[O:4])[c:5]1[cH:6][cH:7][c:8]2[o:9][c:10]([NH2:11])[n:12][c:13]2[cH:14]1,"[['C:10 - H'], ['N:11 - O:17']]",[['C:10 - N:11']],[],"[(0, 'c12o[c:2]nc1cccc2', 'C:10 - H', 'C', 'SINGLE', 'H', '[c]1([o][c][n]2)[c]2[c][c][c][c]1', '[H]')]","[(0, '[#7&X3&H2:1][#6:2]', 'C:10 - N:11', 'C', 'SINGLE', 'N')]","[(1, '[#8]=[#15]([#8]-[#7])(c)c', 'N:11 - O:17', 'O', 'SINGLE', 'N', '[#8]=[#15]([#8])([c])[c]', '[#7]')]","[(0, 'c12oc(nc1cccc2)-[#7]', 'C:10 - N:11', 'C', 'SINGLE', 'N', '[c]1([o][c][n]2)[c]2[c][c][c][c]1', '[#7]')]"
c2,NOP(=O)(c1ccccc1)c1ccccc1.O=C1CCC(=O)O1>>NC(=O)CCC(=O)O,NC(=O)CCC(=O)O,[NH2:1][O:11][P:10](=[O:9])([c:12]1[cH:13][cH:14][cH:15][cH:16][cH:17]1)[c:18]1[cH:19][cH:20][cH:21][cH:22][cH:23]1.[C:2]1(=[O:3])[CH2:4][CH2:5][C:6](=[O:7])[O:8]1>>[NH2:1][C:2](=[O:3])[CH2:4][CH2:5][C:6](=[O:7])[OH:8],"[['N:1 - O:11'], ['C:2 - O:8']]","[['C:2 - N:1', 'O:8 - H']]",[],"[(1, '[#6&R](=[#8])[#8&R:1][#6:2]', 'C:2 - O:8', 'C', 'SINGLE', 'O')]","[(0, '[#6:1](=[#8])[#7:2]', 'C:2 - N:1', 'C', 'SINGLE', 'N'), (0, '[#6](=[#8])[#8&X2&H1:2]', 'O:8 - H', 'O', 'SINGLE', 'H', '[#6](=[#8])[#8X2H]', '[H]')]","[(0, '[#8]=[#15]([#8]-[#7])(c)c', 'N:1 - O:11', 'O', 'SINGLE', 'N', '[#8]=[#15]([#8])([c])[c]', '[#7]'), (1, '[#6](=[#8])-[#8]', 'C:2 - O:8', 'C', 'SINGLE', 'O', '[#6]=[#8]', '[#8]')]","[(0, '[#6](=[#8])-[#7]', 'C:2 - N:1', 'C', 'SINGLE', 'N', '[#6]=[#8]', '[#7]')]"
c2,NOP(=O)(c1ccccc1)c1ccccc1.O=C(Cl)c1cccc2ccccc12>>NC(=O)c1cccc2ccccc12,NC(=O)c1cccc2ccccc12,[NH2:1][O:16][P:15](=[O:14])([c:17]1[cH:18][cH:19][cH:20][cH:21][cH:22]1)[c:23]1[cH:24][cH:25][cH:26][cH:27][cH:28]1.[C:2](=[O:3])([c:4]1[cH:5][cH:6][cH:7][c:8]2[cH:9][cH:10][cH:11][cH:12][c:13]12)[Cl:29]>>[NH2:1][C:2](=[O:3])[c:4]1[cH:5][cH:6][cH:7][c:8]2[cH:9][cH:10][cH:11][cH:12][c:13]12,"[['N:1 - O:16'], ['C:2 - Cl:29']]",[['C:2 - N:1']],[],"[(1, '[#6:1](=[#8])[#9,#17,#35,#53:2]', 'C:2 - Cl:29', 'C', 'SINGLE', 'Cl')]","[(0, '[#6:1](=[#8])[#7:2]', 'C:2 - N:1', 'C', 'SINGLE', 'N')]","[(0, '[#8]=[#15]([#8]-[#7])(c)c', 'N:1 - O:16', 'O', 'SINGLE', 'N', '[#8]=[#15]([#8])([c])[c]', '[#7]'), (1, '[#6](=[#8])-[#17&v1]', 'C:2 - Cl:29', 'C', 'SINGLE', 'Cl', '[#6]=[#8]', '[#17v1]')]","[(0, '[#6](=[#8])-[#7]', 'C:2 - N:1', 'C', 'SINGLE', 'N', '[#6]=[#8]', '[#7]')]"
c2,NOP(=O)(c1ccccc1)c1ccccc1.O=C1CCCCCCCCCCCCCC1>>O=C1CCCCCCCCCCCCCCN1,O=C1CCCCCCCCCCCCCCN1,[NH2:17][O:20][P:19](=[O:18])([c:21]1[cH:22][cH:23][cH:24][cH:25][cH:26]1)[c:27]1[cH:28][cH:29][cH:30][cH:31][cH:32]1.[O:1]=[C:2]1[CH2:3][CH2:4][CH2:5][CH2:6][CH2:7][CH2:8][CH2:9][CH2:10][CH2:11][CH2:12][CH2:13][CH2:14][CH2:15][CH2:16]1>>[O:1]=[C:2]1[CH2:3][CH2:4][CH2:5][CH2:6][CH2:7][CH2:8][CH2:9][CH2:10][CH2:11][CH2:12][CH2:13][CH2:14][CH2:15][CH2:16][NH:17]1,"[['N:17 - H', 'N:17 - O:20'], ['C:2 - C:16']]","[['C:16 - N:17', 'C:2 - N:17']]",[],"[(0, '[#7:2]', 'N:17 - H', 'N', 'SINGLE', 'H', '[#7]', '[H]'), (1, '[#6][#6:1](=[#8])[#6:2]', 'C:2 - C:16', 'C', 'SINGLE', 'C')]","[(0, '[#7&X3&H1:1]([#6:2])[#6]', 'C:16 - N:17', 'C', 'SINGLE', 'N'), (0, '[#6:1](=[#8])[#7:2]', 'C:2 - N:17', 'C', 'SINGLE', 'N')]","[(0, '[#8]=[#15]([#8]-[#7])(c)c', 'N:17 - O:20', 'O', 'SINGLE', 'N', '[#8]=[#15]([#8])([c])[c]', '[#7]'), (1, '[#6](=[#8])-[#6]', 'C:2 - C:16', 'C', 'SINGLE', 'C', '[#6]=[#8]', '[#6]')]","[(0, '[#6](=[#8])[#7]-[#6]', 'C:16 - N:17', 'N', 'SINGLE', 'C', '[#6](=[#8])[#7]', '[#6]'), (0, '[#6](=[#8])-[#7]', 'C:2 - N:17', 'C', 'SINGLE', 'N', '[#6]=[#8]', '[#7]')]"
c2,CC1(C)CC(=O)c2ccccc21.NOP(=O)(c1ccccc1)c1ccccc1>>CC1(C)C/C(=N/O)c2ccccc21,CC1(C)C/C(=N/O)c2ccccc21,[H][O:13][H].[CH3:1][C:2]1([CH2:4][C:5]([c:6]2[c:11]1[cH:10][cH:9][cH:8][cH:7]2)=O)[CH3:3].[NH2:12]OP(c3ccccc3)(c4ccccc4)=O>>[CH3:1][C:2]5([CH2:4]/[C:5]([c:6]6[c:11]5[cH:10][cH:9][cH:8][cH:7]6)=[N:12]/[OH:13])[CH3:3],"[['C:5 = O:14'], ['N:6 - H', 'O:7 - P:16']]","[['C:5 = N:6', 'O:7 - H']]",[],"[(1, '[c:2]1ccccc1[#6&X4]', 'N:6 - H', 'N', 'SINGLE', 'H', '[c]1[c][c][c][c][c]1[#6X4]', '[H]')]","[(0, '[#6]1[#6][#6:1][#6:2][#6]1', 'C:5 = N:6', 'C', 'DOUBLE', 'N'), (0, '[#6]1[#6]c2:ccc[c:2]c2[#6]1', 'O:7 - H', 'O', 'SINGLE', 'H', '[#6]1[#6][c]2:[c][c][c][c][c]2[#6]1', '[H]')]",[],[]
c2,NOP(=O)(c1ccccc1)c1ccccc1.O=C(Cl)N(c1ccccc1)c1ccccc1>>NC(=O)N(c1ccccc1)c1ccccc1,NC(=O)N(c1ccccc1)c1ccccc1,[NH2:1][O:19][P:18](=[O:17])([c:20]1[cH:21][cH:22][cH:23][cH:24][cH:25]1)[c:26]1[cH:27][cH:28][cH:29][cH:30][cH:31]1.[C:2](=[O:3])([N:4]([c:5]1[cH:6][cH:7][cH:8][cH:9][cH:10]1)[c:11]1[cH:12][cH:13][cH:14][cH:15][cH:16]1)[Cl:32]>>[NH2:1][C:2](=[O:3])[N:4]([c:5]1[cH:6][cH:7][cH:8][cH:9][cH:10]1)[c:11]1[cH:12][cH:13][cH:14][cH:15][cH:16]1,"[['N:1 - O:19'], ['C:2 - Cl:32']]",[['C:2 - N:1']],[],"[(1, '[#6:1](=[#8])[#9,#17,#35,#53:2]', 'C:2 - Cl:32', 'C', 'SINGLE', 'Cl')]","[(0, '[#6:1](=[#8])[#7:2]', 'C:2 - N:1', 'C', 'SINGLE', 'N')]","[(0, '[#8]=[#15]([#8]-[#7])(c)c', 'N:1 - O:19', 'O', 'SINGLE', 'N', '[#8]=[#15]([#8])([c])[c]', '[#7]'), (1, '[#6](=[#8])([#7])-[#17&v1]', 'C:2 - Cl:32', 'C', 'SINGLE', 'Cl', '[#6](=[#8])[#7]', '[#17v1]')]","[(0, '[#6](=[#8])([#7])-[#7]', 'C:2 - N:1', 'C', 'SINGLE', 'N', '[#6](=[#8])[#7]', '[#7]')]"
c2,CCOC(=O)C(NC(=O)OC(C)(C)C)C(=O)OCC.NOP(=O)(c1ccccc1)c1ccccc1>>CCOC(=O)C(N)(NC(=O)OC(C)(C)C)C(=O)OCC,CCOC(=O)C(N)(NC(=O)OC(C)(C)C)C(=O)OCC,[CH3:1][CH2:2][O:3][C:4](=[O:5])[CH:6]([NH:8][C:9](=[O:10])[O:11][C:12]([CH3:13])([CH3:14])[CH3:15])[C:16](=[O:17])[O:18][CH2:19][CH3:20].[NH2:7][O:23][P:22](=[O:21])([c:24]1[cH:25][cH:26][cH:27][cH:28][cH:29]1)[c:30]1[cH:31][cH:32][cH:33][cH:34][cH:35]1>>[CH3:1][CH2:2][O:3][C:4](=[O:5])[C:6]([NH2:7])([NH:8][C:9](=[O:10])[O:11][C:12]([CH3:13])([CH3:14])[CH3:15])[C:16](=[O:17])[O:18][CH2:19][CH3:20],"[['C:6 - H'], ['N:7 - O:23']]",[['C:6 - N:7']],[],"[(0, '[#6&X3](=[#8])[#6&X4:2][#6&X3]=[#8]', 'C:6 - H', 'C', 'SINGLE', 'H', '[#6X3](=[#8])[#6X4][#6X3]=[#8]', '[H]')]","[(0, '[#7&X3&H2:1][#6:2]', 'C:6 - N:7', 'C', 'SINGLE', 'N')]","[(1, '[#8]=[#15]([#8]-[#7])(c)c', 'N:7 - O:23', 'O', 'SINGLE', 'N', '[#8]=[#15]([#8])([c])[c]', '[#7]')]","[(0, '[#6&X3](=[#8])[#6&X4]([#6&X3]=[#8])-[#7]', 'C:6 - N:7', 'C', 'SINGLE', 'N', '[#6X3](=[#8])[#6X4][#6X3]=[#8]', '[#7]')]"
c2,CS(=O)c1ccccc1.NOP(=O)(c1ccccc1)c1ccccc1>>CS(=N)(=O)c1ccccc1,CS(=N)(=O)c1ccccc1,[CH3:1][S:2](=[O:4])[c:5]1[cH:6][cH:7][cH:8][cH:9][cH:10]1.[NH2:3][O:13][P:12](=[O:11])([c:14]1[cH:15][cH:16][cH:17][cH:18][cH:19]1)[c:20]1[cH:21][cH:22][cH:23][cH:24][cH:25]1>>[CH3:1][S:2](=[NH:3])(=[O:4])[c:5]1[cH:6][cH:7][cH:8][cH:9][cH:10]1,"[None, ['N:3 - O:13', 'N:3 - H']]",[['N:3 = S:2']],[],"[(1, '[#7:2]', 'N:3 - H', 'N', 'SINGLE', 'H', '[#7]', '[H]')]","[(0, '[#7:1]=[#16:2]([#6])[#6]', 'N:3 = S:2', 'N', 'DOUBLE', 'S')]","[(1, '[#8]=[#15]([#8]-[#7])(c)c', 'N:3 - O:13', 'O', 'SINGLE', 'N', '[#8]=[#15]([#8])([c])[c]', '[#7]')]","[(0, '[#7]=[#16]', 'N:3 = S:2', 'N', 'DOUBLE', 'S', '[#7]', '[#16]')]"
c2,Clc1ccc2scnc2c1.NOP(=O)(c1ccccc1)c1ccccc1>>Nc1nc2cc(Cl)ccc2s1,Nc1nc2cc(Cl)ccc2s1,[cH:2]1[n:3][c:4]2[cH:5][c:6]([Cl:7])[cH:8][cH:9][c:10]2[s:11]1.[NH2:1][O:14][P:13](=[O:12])([c:15]1[cH:16][cH:17][cH:18][cH:19][cH:20]1)[c:21]1[cH:22][cH:23][cH:24][cH:25][cH:26]1>>[NH2:1][c:2]1[n:3][c:4]2[cH:5][c:6]([Cl:7])[cH:8][cH:9][c:10]2[s:11]1,"[['C:2 - H'], ['N:1 - O:14']]",[['C:2 - N:1']],[],"[(0, 'c12s[c:2]nc1cccc2', 'C:2 - H', 'C', 'SINGLE', 'H', '[c]1([s][c][n]2)[c]2[c][c][c][c]1', '[H]')]","[(0, '[#7&X3&H2:1][#6:2]', 'C:2 - N:1', 'C', 'SINGLE', 'N')]","[(1, '[#8]=[#15]([#8]-[#7])(c)c', 'N:1 - O:14', 'O', 'SINGLE', 'N', '[#8]=[#15]([#8])([c])[c]', '[#7]')]","[(0, 'c12sc(nc1cccc2)-[#7]', 'C:2 - N:1', 'C', 'SINGLE', 'N', '[c]1([s][c][n]2)[c]2[c][c][c][c]1', '[#7]')]"
c2,CN1c2ccccc2C(C)(C)C12C=Nc1c(ccc3ccccc13)O2.NOP(=O)(c1ccccc1)c1ccccc1>>CN1c2ccccc2C(C)(C)C12C=NNc1c(ccc3ccccc13)O2,CN1c2ccccc2C(C)(C)C12C=NNc1c(ccc3ccccc13)O2,[CH3:1][N:2]1[c:3]2[cH:4][cH:5][cH:6][cH:7][c:8]2[C:9]([CH3:10])([CH3:11])[C:12]12[CH:13]=[N:15][c:16]1[c:17]([cH:18][cH:19][c:20]3[cH:21][cH:22][cH:23][cH:24][c:25]13)[O:26]2.[NH2:14][O:29][P:28](=[O:27])([c:30]1[cH:31][cH:32][cH:33][cH:34][cH:35]1)[c:36]1[cH:37][cH:38][cH:39][cH:40][cH:41]1>>[CH3:1][N:2]1[c:3]2[cH:4][cH:5][cH:6][cH:7][c:8]2[C:9]([CH3:10])([CH3:11])[C:12]12[CH:13]=[N:14][NH:15][c:16]1[c:17]([cH:18][cH:19][c:20]3[cH:21][cH:22][cH:23][cH:24][c:25]13)[O:26]2,"[['C:13 = N:15'], ['N:14 - O:29', 'N:14 - H']]","[['N:15 - H', 'N:14 - N:15', 'C:13 = N:14']]",[],"[(0, '[#7&X2;H1,H0;!$([#7&X2][#7,#8,#9,#15,#16,#17,Br,I]):1]=[#6&X3:2]', 'C:13 = N:15', 'C', 'DOUBLE', 'N'), (1, '[#7:2]', 'N:14 - H', 'N', 'SINGLE', 'H', '[#7]', '[H]')]","[(0, '[#7:2][#7&X2]=[#6&X3]', 'N:15 - H', 'N', 'SINGLE', 'H', '[#7][#7X2]=[#6X3]', '[H]'), (0, '[#7:1][#7&X2:2]=[#6&X3]', 'N:14 - N:15', 'N', 'SINGLE', 'N'), (0, '[#7][#7&X2:1]=[#6&X3:2]', 'C:13 = N:14', 'C', 'DOUBLE', 'N')]","[(0, '[#6]=[#7]', 'C:13 = N:15', 'C', 'DOUBLE', 'N', '[#6]', '[#7]'), (1, '[#8]=[#15]([#8]-[#7])(c)c', 'N:14 - O:29', 'O', 'SINGLE', 'N', '[#8]=[#15]([#8])([c])[c]', '[#7]')]","[(0, '[#7]-[#7]', 'N:14 - N:15', 'N', 'SINGLE', 'N', '[#7]', '[#7]'), (0, '[#6]=[#7]', 'C:13 = N:14', 'C', 'DOUBLE', 'N', '[#6]', '[#7]')]"
c2,CCCCCCCCCCCCS(C)=O.NOP(=O)(c1ccccc1)c1ccccc1>>CCCCCCCCCCCCS(C)(=N)=O,CCCCCCCCCCCCS(C)(=N)=O,[CH3:1][CH2:2][CH2:3][CH2:4][CH2:5][CH2:6][CH2:7][CH2:8][CH2:9][CH2:10][CH2:11][CH2:12][S:13]([CH3:14])=[O:16].[NH2:15][O:19][P:18](=[O:17])([c:20]1[cH:21][cH:22][cH:23][cH:24][cH:25]1)[c:26]1[cH:27][cH:28][cH:29][cH:30][cH:31]1>>[CH3:1][CH2:2][CH2:3][CH2:4][CH2:5][CH2:6][CH2:7][CH2:8][CH2:9][CH2:10][CH2:11][CH2:12][S:13]([CH3:14])(=[NH:15])=[O:16],"[None, ['N:15 - H', 'N:15 - O:19']]",[['N:15 = S:13']],[],"[(1, '[#7:2]', 'N:15 - H', 'N', 'SINGLE', 'H', '[#7]', '[H]')]","[(0, '[#7:1]=[#16:2]([#6])[#6]', 'N:15 = S:13', 'N', 'DOUBLE', 'S')]","[(1, '[#8]=[#15]([#8]-[#7])(c)c', 'N:15 - O:19', 'O', 'SINGLE', 'N', '[#8]=[#15]([#8])([c])[c]', '[#7]')]","[(0, '[#7]=[#16]', 'N:15 = S:13', 'N', 'DOUBLE', 'S', '[#7]', '[#16]')]"
c2,NOP(=O)(c1ccccc1)c1ccccc1.c1cncc(C2=NCCC2)c1>>c1cncc(C2=NNCCC2)c1,c1cncc(C2=NNCCC2)c1,[NH2:7][O:15][P:14](=[O:13])([c:16]1[cH:17][cH:18][cH:19][cH:20][cH:21]1)[c:22]1[cH:23][cH:24][cH:25][cH:26][cH:27]1.[cH:1]1[cH:2][n:3][cH:4][c:5]([C:6]2=[N:8][CH2:9][CH2:10][CH2:11]2)[cH:12]1>>[cH:1]1[cH:2][n:3][cH:4][c:5]([C:6]2=[N:7][NH:8][CH2:9][CH2:10][CH2:11]2)[cH:12]1,"[['N:7 - O:15', 'N:7 - H'], ['C:6 = N:8']]","[['N:8 - H', 'C:6 = N:7', 'N:7 - N:8']]",[],"[(0, '[#7:2]', 'N:7 - H', 'N', 'SINGLE', 'H', '[#7]', '[H]'), (1, '[#7&X2;H1,H0;!$([#7&X2][#7,#8,#9,#15,#16,#17,Br,I]):1]=[#6&X3:2]', 'C:6 = N:8', 'C', 'DOUBLE', 'N')]","[(0, '[#7:2]1[#7]=[#6][#6][#6][#6]1', 'N:8 - H', 'N', 'SINGLE', 'H', '[#7]1[#7]=[#6][#6][#6][#6]1', '[H]'), (0, '[#7]1[#7:1]=[#6:2][#6][#6][#6]1', 'C:6 = N:7', 'C', 'DOUBLE', 'N'), (0, '[#7:1]1[#7:2]=[#6][#6][#6][#6]1', 'N:7 - N:8', 'N', 'SINGLE', 'N')]","[(0, '[#8]=[#15]([#8]-[#7])(c)c', 'N:7 - O:15', 'O', 'SINGLE', 'N', '[#8]=[#15]([#8])([c])[c]', '[#7]'), (1, '[#6]=[#7]', 'C:6 = N:8', 'C', 'DOUBLE', 'N', '[#6]', '[#7]')]","[(0, '[#6]=[#7]', 'C:6 = N:7', 'C', 'DOUBLE', 'N', '[#6]', '[#7]'), (0, '[#7]-[#7]', 'N:7 - N:8', 'N', 'SINGLE', 'N', '[#7]', '[#7]')]"
c2,NOP(=O)(c1ccccc1)c1ccccc1.c1cnc2ncccc2c1>>N[n+]1cccc2cccnc21,N[n+]1cccc2cccnc21,[NH2:1][O:14][P:13](=[O:12])([c:15]1[cH:16][cH:17][cH:18][cH:19][cH:20]1)[c:21]1[cH:22][cH:23][cH:24][cH:25][cH:26]1.[n:2]1[cH:3][cH:4][cH:5][c:6]2[cH:7][cH:8][cH:9][n:10][c:11]12>>[NH2:1][n+:2]1[cH:3][cH:4][cH:5][c:6]2[cH:7][cH:8][cH:9][n:10][c:11]12,"[['N:1 - O:14'], None]",[['N:1 - N:2']],[],[],"[(0, '[N:1][n&+:2]1ccccc1', 'N:1 - N:2', 'N', 'SINGLE', 'N')]","[(0, '[#8]=[#15]([#8]-[#7])(c)c', 'N:1 - O:14', 'O', 'SINGLE', 'N', '[#8]=[#15]([#8])([c])[c]', '[#7]')]","[(0, '[#6]1[#6][#6][#7]([#6][#6]1)-[#7]', 'N:1 - N:2', 'N', 'SINGLE', 'N', '[#6]1[#6][#6][#7][#6][#6]1', '[#7]')]"
c2,NOP(=O)(c1ccccc1)c1ccccc1.O=c1cccccc1>>ON=c1cccccc1,ON=c1cccccc1,[H][O:9][H].[NH2:1]OP(c1ccccc1)(c2ccccc2)=O.O=[C:2]3[CH:3]=[CH:4][CH:5]=[CH:6][CH:7]=[CH:8]3>>[OH:9]/[N:1]=[C:2]4[CH:3]=[CH:4][CH:5]=[CH:6][CH:7]=[CH:8]/4,"[['N:2 - H', 'O:1 - P:11'], ['C:3 = O:24']]","[['C:3 = N:2', 'O:1 - H']]",[],[],"[(0, '[#6:1]1[#6:2][#6][#6][#6][#6][#6]1', 'C:3 = N:2', 'C', 'DOUBLE', 'N'), (0, '[#7:2][#8&X2&H1]', 'O:1 - H', 'O', 'SINGLE', 'H', '[#7][#8X2H]', '[H]')]",[],[]
c2,NOP(=O)(c1ccccc1)c1ccccc1.O=C1C=CN(C(=O)OCc2ccccc2)CC1>>N[N+]1(C(=O)OCc2ccccc2)C=CC(=O)CC1,N[N+]1(C(=O)OCc2ccccc2)C=CC(=O)CC1,[NH2:1][O:21][P:20](=[O:19])([c:22]1[cH:23][cH:24][cH:25][cH:26][cH:27]1)[c:28]1[cH:29][cH:30][cH:31][cH:32][cH:33]1.[N:2]1([C:3](=[O:4])[O:5][CH2:6][c:7]2[cH:8][cH:9][cH:10][cH:11][cH:12]2)[CH:13]=[CH:14][C:15](=[O:16])[CH2:17][CH2:18]1>>[NH2:1][N+:2]1([C:3](=[O:4])[O:5][CH2:6][c:7]2[cH:8][cH:9][cH:10][cH:11][cH:12]2)[CH:13]=[CH:14][C:15](=[O:16])[CH2:17][CH2:18]1,"[['N:1 - O:21'], None]",[['N:1 - N:2']],[],[],"[(0, '[#6&X3](=[#8])[#7;H1,H0:1][#7;X3&H1&+0,X3&H2&+0,X3&H0&+0:2]', 'N:1 - N:2', 'N', 'SINGLE', 'N')]","[(0, '[#8]=[#15]([#8]-[#7])(c)c', 'N:1 - O:21', 'O', 'SINGLE', 'N', '[#8]=[#15]([#8])([c])[c]', '[#7]')]","[(0, '[#6]1[#7]([#6]=[#6][#6][#6]1)-[#7]', 'N:1 - N:2', 'N', 'SINGLE', 'N', '[#6]1[#7][#6]=[#6][#6][#6]1', '[#7]')]"
c2,Fc1ccc(F)c(C2=NCCC2)c1.NOP(=O)(c1ccccc1)c1ccccc1>>Fc1ccc(F)c(C2=NNCCC2)c1,Fc1ccc(F)c(C2=NNCCC2)c1,[F:1][c:2]1[cH:13][c:7]([C:8]2=[N:9][CH2:10][CH2:11][CH2:12]2)[c:5]([F:6])[cH:4][cH:3]1.[NH2:14]OP(c3ccccc3)(c4ccccc4)=O>>[F:1][c:2]5[cH:13][c:7]([C:8]6=[N:14][NH:9][CH2:10][CH2:11][CH2:12]6)[c:5]([F:6])[cH:4][cH:3]5,"[['C:11 - N:9'], ['N:10 - H', 'N:10 - O:17']]","[['C:11 - N:10', 'N:9 - N:10']]",[],[],"[(0, '[#7]1[#7]=[#6][#6][#6:1][#6:2]1', 'C:11 - N:10', 'C', 'SINGLE', 'N'), (0, '[#7:2]1[#7]=[#6][#6][#6][#6:1]1', 'N:9 - N:10', 'N', 'SINGLE', 'N')]",[],"[(0, '[#6]-[#6]', 'C:11 - N:10', 'C', 'SINGLE', 'C', '[#6]', '[#6]'), (0, '[#6]-[#7][#7&X2]=[#6&X3]', 'N:9 - N:10', 'C', 'SINGLE', 'N', '[#6]', '[#7][#7X2]=[#6X3]')]"
c2,Cc1ccc2c(c1)C(=O)OC2=O.NOP(=O)(c1ccccc1)c1ccccc1>>Cc1ccc(C(N)=O)c(C(=O)O)c1,Cc1ccc(C(N)=O)c(C(=O)O)c1,[CH3:1][c:2]1[cH:3][cH:4][c:5]2[c:9]([cH:13]1)[C:10](=[O:11])[O:12][C:6]2=[O:8].[NH2:7][O:16][P:15](=[O:14])([c:17]1[cH:18][cH:19][cH:20][cH:21][cH:22]1)[c:23]1[cH:24][cH:25][cH:26][cH:27][cH:28]1>>[CH3:1][c:2]1[cH:3][cH:4][c:5]([C:6]([NH2:7])=[O:8])[c:9]([C:10](=[O:11])[OH:12])[cH:13]1,"[['C:6 - O:12'], ['N:7 - O:16']]","[['C:6 - N:7', 'O:12 - H']]",[],"[(0, '[#6&R](=[#8])[#8&R:1][#6:2]', 'C:6 - O:12', 'C', 'SINGLE', 'O')]","[(0, '[#6:1](=[#8])[#7:2]', 'C:6 - N:7', 'C', 'SINGLE', 'N'), (0, '[#6](=[#8])[#8&X2&H1:2]', 'O:12 - H', 'O', 'SINGLE', 'H', '[#6](=[#8])[#8X2H]', '[H]')]","[(0, '[#6](=[#8])-[#8]', 'C:6 - O:12', 'C', 'SINGLE', 'O', '[#6]=[#8]', '[#8]'), (1, '[#8]=[#15]([#8]-[#7])(c)c', 'N:7 - O:16', 'O', 'SINGLE', 'N', '[#8]=[#15]([#8])([c])[c]', '[#7]')]","[(0, '[#6](=[#8])-[#7]', 'C:6 - N:7', 'C', 'SINGLE', 'N', '[#6]=[#8]', '[#7]')]"
c2,CC(=O)c1ccc2c(c1)CCC2.NOP(=O)(c1ccccc1)c1ccccc1>>CC(=O)Nc1ccc2c(c1)CCC2,CC(=O)Nc1ccc2c(c1)CCC2,[CH3:1][C:2](=[O:3])[c:5]1[cH:6][cH:7][c:8]2[c:9]([cH:10]1)[CH2:11][CH2:12][CH2:13]2.[NH2:4][O:16][P:15](=[O:14])([c:17]1[cH:18][cH:19][cH:20][cH:21][cH:22]1)[c:23]1[cH:24][cH:25][cH:26][cH:27][cH:28]1>>[CH3:1][C:2](=[O:3])[NH:4][c:5]1[cH:6][cH:7][c:8]2[c:9]([cH:10]1)[CH2:11][CH2:12][CH2:13]2,"[['C:2 - C:5'], ['N:4 - H', 'N:4 - O:16']]","[['C:2 - N:4', 'C:5 - N:4']]",[],"[(0, '[#6][#6:1](=[#8])[#6:2]', 'C:2 - C:5', 'C', 'SINGLE', 'C'), (1, '[#7:2]', 'N:4 - H', 'N', 'SINGLE', 'H', '[#7]', '[H]')]","[(0, '[#6:1](=[#8])[#7:2]', 'C:2 - N:4', 'C', 'SINGLE', 'N'), (0, '[#7&X3&H1:1]([#6])[#6:2]', 'C:5 - N:4', 'C', 'SINGLE', 'N')]","[(0, '[#6]1[#6]c2:cc(ccc2[#6]1)-[#6](=[#8])[#6&H3]', 'C:2 - C:5', 'C', 'SINGLE', 'C', '[#6]1[#6][c]2:[c][c][c][c][c]2[#6]1', '[#6](=[#8])[#6;H3]'), (1, '[#8]=[#15]([#8]-[#7])(c)c', 'N:4 - O:16', 'O', 'SINGLE', 'N', '[#8]=[#15]([#8])([c])[c]', '[#7]')]","[(0, 'c1ccccc1[#7&!a;X4&H1&+,X4&H2&+,X4&H3&+,X3&H1&+0,X3&H0&+0,X3&H2&+0;!$([#7][!#6])]-[#6](=[#8])[#6&H3]', 'C:2 - N:4', 'N', 'SINGLE', 'C', '[c]1[c][c][c][c][c]1[#7;!a;X4H+,X4H2+,X4H3+,X3H+0,X3H0+0,X3H2+0;!$([#7][!#6])]', '[#6](=[#8])[#6;H3]'), (0, '[#6]1[#6]c2:cc(ccc2[#6]1)-[#7][#6]=[#8]', 'C:5 - N:4', 'C', 'SINGLE', 'N', '[#6]1[#6][c]2:[c][c][c][c][c]2[#6]1', '[#6](=[#8])[#7]')]"
c2,NOP(=O)(c1ccccc1)c1ccccc1.c1ccc2cnncc2c1>>N[n+]1cc2ccccc2cn1,N[n+]1cc2ccccc2cn1,[NH2:1][O:14][P:13](=[O:12])([c:15]1[cH:16][cH:17][cH:18][cH:19][cH:20]1)[c:21]1[cH:22][cH:23][cH:24][cH:25][cH:26]1.[n:2]1[cH:3][c:4]2[cH:5][cH:6][cH:7][cH:8][c:9]2[cH:10][n:11]1>>[NH2:1][n+:2]1[cH:3][c:4]2[cH:5][cH:6][cH:7][cH:8][c:9]2[cH:10][n:11]1,"[['N:1 - O:14'], None]",[['N:1 - N:2']],[],[],[],"[(0, '[#8]=[#15]([#8]-[#7])(c)c', 'N:1 - O:14', 'O', 'SINGLE', 'N', '[#8]=[#15]([#8])([c])[c]', '[#7]')]","[(0, '[#7]-[#7]', 'N:1 - N:2', 'N', 'SINGLE', 'N', '[#7]', '[#7]')]"
c2,BrC1(c2ccccc2)c2ccccc2-c2ccccc21.NOP(=O)(c1ccccc1)c1ccccc1>>NC1(c2ccccc2)c2ccccc2-c2ccccc21,NC1(c2ccccc2)c2ccccc2-c2ccccc21,[C:2]1([c:3]2[cH:4][cH:5][cH:6][cH:7][cH:8]2)([Br:21])[c:9]2[cH:10][cH:11][cH:12][cH:13][c:14]2-[c:15]2[cH:16][cH:17][cH:18][cH:19][c:20]21.[NH2:1][O:24][P:23](=[O:22])([c:25]1[cH:26][cH:27][cH:28][cH:29][cH:30]1)[c:31]1[cH:32][cH:33][cH:34][cH:35][cH:36]1>>[NH2:1][C:2]1([c:3]2[cH:4][cH:5][cH:6][cH:7][cH:8]2)[c:9]2[cH:10][cH:11][cH:12][cH:13][c:14]2-[c:15]2[cH:16][cH:17][cH:18][cH:19][c:20]21,"[['Br:21 - C:2'], ['N:1 - O:24']]",[['C:2 - N:1']],[],"[(0, '[#6&X4:1][#9,#17,#35,#53:2]', 'Br:21 - C:2', 'Br', 'SINGLE', 'C')]","[(0, '[#7&X3&H2:1][#6:2]', 'C:2 - N:1', 'C', 'SINGLE', 'N')]","[(0, 'C1(-c2ccccc2-c2ccccc2-1)-[#35&v1]', 'Br:21 - C:2', 'C', 'SINGLE', 'Br', '[C]1-[c]2[c][c][c][c][c]2-[c]2[c][c][c][c][c]2-1', '[#35v1]'), (1, '[#8]=[#15]([#8]-[#7])(c)c', 'N:1 - O:24', 'O', 'SINGLE', 'N', '[#8]=[#15]([#8])([c])[c]', '[#7]')]","[(0, 'C1(-c2ccccc2-c2ccccc2-1)-[#7]', 'C:2 - N:1', 'C', 'SINGLE', 'N', '[C]1-[c]2[c][c][c][c][c]2-[c]2[c][c][c][c][c]2-1', '[#7]')]"
c2,BrC1(c2ccccc2)c2ccccc2-c2ccccc21.NOP(=O)(c1ccccc1)c1ccccc1>>c1ccc(-c2nc3ccccc3c3ccccc23)cc1,c1ccc(-c2nc3ccccc3c3ccccc23)cc1,[cH:1]1[cH:2][cH:3][c:4]([C:5]2([Br:21])[c:7]3[cH:8][cH:9][cH:10][cH:11][c:12]3-[c:13]3[cH:14][cH:15][cH:16][cH:17][c:18]32)[cH:19][cH:20]1.[NH2:6][O:24][P:23](=[O:22])([c:25]1[cH:26][cH:27][cH:28][cH:29][cH:30]1)[c:31]1[cH:32][cH:33][cH:34][cH:35][cH:36]1>>[cH:1]1[cH:2][cH:3][c:4](-[c:5]2[n:6][c:7]3[cH:8][cH:9][cH:10][cH:11][c:12]3[c:13]3[cH:14][cH:15][cH:16][cH:17][c:18]23)[cH:19][cH:20]1,"[['C:5 - C:7', 'Br:21 - C:5'], ['N:6 - H', 'N:6 - O:24']]","[['C:7 aromatic N:6', 'C:5 aromatic N:6']]","['C:5 - C:18 -> C:5 aromatic C:18', 'C:12 - C:13 -> C:12 aromatic C:13']","[(0, '[#6:1]1[#6:2][#6][#6][#6]1', 'C:5 - C:7', 'C', 'SINGLE', 'C'), (0, '[#6&X4:1][#9,#17,#35,#53:2]', 'Br:21 - C:5', 'Br', 'SINGLE', 'C'), (1, '[#7:2]', 'N:6 - H', 'N', 'SINGLE', 'H', '[#7]', '[H]')]","[(0, '[#6]12[#6][#6][#6][#7:2][#6:1]1[#6][#6][#6][#6]2', 'C:7 aromatic N:6', 'C', 'AROMATIC', 'N'), (0, '[#6]12[#6][#6][#6:1][#7:2][#6]1[#6][#6][#6][#6]2', 'C:5 aromatic N:6', 'C', 'AROMATIC', 'N')]","[(0, 'c1(ccccc1)-[#6&X4]c1ccccc1', 'C:5 - C:7', 'C', 'SINGLE', 'C', '[c]1[c][c][c][c][c]1', '[c]1[c][c][c][c][c]1[#6X4]'), (0, 'C1(-c2ccccc2-c2ccccc2-1)-[#35&v1]', 'Br:21 - C:5', 'C', 'SINGLE', 'Br', '[C]1-[c]2[c][c][c][c][c]2-[c]2[c][c][c][c][c]2-1', '[#35v1]'), (1, '[#8]=[#15]([#8]-[#7])(c)c', 'N:6 - O:24', 'O', 'SINGLE', 'N', '[#8]=[#15]([#8])([c])[c]', '[#7]')]",[]
c2,CCOC(=O)c1nc(Cl)c2ccccc2n1.NOP(=O)(c1ccccc1)c1ccccc1>>CCOC(=O)c1nc(N)c2ccccc2n1,CCOC(=O)c1nc(N)c2ccccc2n1,[CH3:1][CH2:2][O:3][C:4](=[O:5])[c:6]1[n:7][c:8]([Cl:17])[c:10]2[cH:11][cH:12][cH:13][cH:14][c:15]2[n:16]1.[NH2:9][O:20][P:19](=[O:18])([c:21]1[cH:22][cH:23][cH:24][cH:25][cH:26]1)[c:27]1[cH:28][cH:29][cH:30][cH:31][cH:32]1>>[CH3:1][CH2:2][O:3][C:4](=[O:5])[c:6]1[n:7][c:8]([NH2:9])[c:10]2[cH:11][cH:12][cH:13][cH:14][c:15]2[n:16]1,"[['C:8 - Cl:17'], ['N:9 - O:20']]",[['C:8 - N:9']],[],"[(0, '[c:1][#9,#17,#35,#53:2]', 'C:8 - Cl:17', 'C', 'SINGLE', 'Cl')]","[(0, '[#7&X3&H2:1][#6:2]', 'C:8 - N:9', 'C', 'SINGLE', 'N')]","[(0, 'c12c(ncnc1cccc2)-[#17&v1]', 'C:8 - Cl:17', 'C', 'SINGLE', 'Cl', '[c]1([c][n][c][n]2)[c]2[c][c][c][c]1', '[#17v1]'), (1, '[#8]=[#15]([#8]-[#7])(c)c', 'N:9 - O:20', 'O', 'SINGLE', 'N', '[#8]=[#15]([#8])([c])[c]', '[#7]')]","[(0, 'c12c(ncnc1cccc2)-[#7]', 'C:8 - N:9', 'C', 'SINGLE', 'N', '[c]1([c][n][c][n]2)[c]2[c][c][c][c]1', '[#7]')]"
c2,C=C1N(C)c2ccccc2C1(C)C.NOP(=O)(c1ccccc1)c1ccccc1>>C=C1C(C)(C)c2ccccc2[N+]1(C)N,C=C1C(C)(C)c2ccccc2[N+]1(C)N,[CH2:1]=[C:2]1[C:3]([CH3:4])([CH3:5])[c:6]2[cH:7][cH:8][cH:9][cH:10][c:11]2[N:12]1[CH3:13].[NH2:14][O:17][P:16](=[O:15])([c:18]1[cH:19][cH:20][cH:21][cH:22][cH:23]1)[c:24]1[cH:25][cH:26][cH:27][cH:28][cH:29]1>>[CH2:1]=[C:2]1[C:3]([CH3:4])([CH3:5])[c:6]2[cH:7][cH:8][cH:9][cH:10][c:11]2[N+:12]1([CH3:13])[NH2:14],"[None, ['N:14 - O:17']]",[['N:12 - N:14']],[],[],"[(0, '[#6][#7&+:1]([#7:2])([#6])[#6]', 'N:12 - N:14', 'N', 'SINGLE', 'N')]","[(1, '[#8]=[#15]([#8]-[#7])(c)c', 'N:14 - O:17', 'O', 'SINGLE', 'N', '[#8]=[#15]([#8])([c])[c]', '[#7]')]","[(0, 'c12c([#7]([#6][#6]1)-[#7])cccc2', 'N:12 - N:14', 'N', 'SINGLE', 'N', '[c]12[c]([#7][#6][#6]1)[c][c][c][c]2', '[#7]')]"
c2,CC1=Nc2ccc(Cl)cc2C1(C)C.NOP(=O)(c1ccccc1)c1ccccc1>>C=C(C)c1cc(Cl)ccc1/N=C(\C)N,C=C(C)c1cc(Cl)ccc1/N=C(\C)N,[CH3:1][C:2]1([CH3:3])[c:4]2[cH:5][c:6]([Cl:7])[cH:8][cH:9][c:10]2[N:11]=[C:12]1[CH3:13].[NH2:14][O:17][P:16](=[O:15])([c:18]1[cH:19][cH:20][cH:21][cH:22][cH:23]1)[c:24]1[cH:25][cH:26][cH:27][cH:28][cH:29]1>>[CH2:1]=[C:2]([CH3:3])[c:4]1[cH:5][c:6]([Cl:7])[cH:8][cH:9][c:10]1/[N:11]=[C:12](\[CH3:13])[NH2:14],"[['C:1 - H', 'C:2 - C:12'], ['N:14 - O:17']]",[['C:12 - N:14']],['C:1 - C:2 -> C:1 = C:2'],"[(0, '[#6:2]', 'C:1 - H', 'C', 'SINGLE', 'H', '[#6]', '[H]'), (0, '[#6:1]1[#6:2]=[#7]c2ccccc2-1', 'C:2 - C:12', 'C', 'SINGLE', 'C')]","[(0, '[#7&X3&H2:1][#6:2]', 'C:12 - N:14', 'C', 'SINGLE', 'N')]","[(0, 'c1ccccc1[#6&X4]-[#6&X3]=[#7&X2;H1,H0;!$([#7&X2][#7,#8,#9,#15,#16,#17,Br,I])]', 'C:2 - C:12', 'C', 'SINGLE', 'C', '[c]1[c][c][c][c][c]1[#6X4]', '[#7X2;H1,H0;!$([#7X2][#7,#8,#9,#15,#16,#17,Br,I])]=[#6X3]'), (1, '[#8]=[#15]([#8]-[#7])(c)c', 'N:14 - O:17', 'O', 'SINGLE', 'N', '[#8]=[#15]([#8])([c])[c]', '[#7]')]","[(0, '[#7&X2;H1,H0;!$([#7&X2][#7,#8,#9,#15,#16,#17,Br,I])]=[#6&X3]-[#7]', 'C:12 - N:14', 'C', 'SINGLE', 'N', '[#7X2;H1,H0;!$([#7X2][#7,#8,#9,#15,#16,#17,Br,I])]=[#6X3]', '[#7]')]"
c2,COC(=O)C1CC2(CC(=O)C2)C1.NOP(=O)(c1ccccc1)c1ccccc1>>COC(=O)C1CC2(CNC(=O)C2)C1,COC(=O)C1CC2(CNC(=O)C2)C1,[CH3:1][O:2][C:3](=[O:4])[CH:5]1[CH2:6][C:7]2([CH2:8][C:10](=[O:11])[CH2:12]2)[CH2:13]1.[NH2:9][O:16][P:15](=[O:14])([c:17]1[cH:18][cH:19][cH:20][cH:21][cH:22]1)[c:23]1[cH:24][cH:25][cH:26][cH:27][cH:28]1>>[CH3:1][O:2][C:3](=[O:4])[CH:5]1[CH2:6][C:7]2([CH2:8][NH:9][C:10](=[O:11])[CH2:12]2)[CH2:13]1,"[['C:8 - C:10'], ['N:9 - H', 'N:9 - O:16']]","[['C:8 - N:9', 'C:10 - N:9']]",[],"[(0, '[#6]1[#6:1][#6:2][#6]1', 'C:8 - C:10', 'C', 'SINGLE', 'C'), (1, '[#7:2]', 'N:9 - H', 'N', 'SINGLE', 'H', '[#7]', '[H]')]","[(0, '[#6]1[#6][#6][#6]12[#6:1][#7:2][#6][#6]2', 'C:8 - N:9', 'C', 'SINGLE', 'N'), (0, '[#6:1](=[#8])[#7:2]', 'C:10 - N:9', 'C', 'SINGLE', 'N')]","[(0, '[#6](=[#8])-[#6]', 'C:8 - C:10', 'C', 'SINGLE', 'C', '[#6]=[#8]', '[#6]'), (1, '[#8]=[#15]([#8]-[#7])(c)c', 'N:9 - O:16', 'O', 'SINGLE', 'N', '[#8]=[#15]([#8])([c])[c]', '[#7]')]","[(0, '[#6](=[#8])[#7]-[#6]', 'C:8 - N:9', 'N', 'SINGLE', 'C', '[#6](=[#8])[#7]', '[#6]'), (0, '[#6](=[#8])-[#7]', 'C:10 - N:9', 'C', 'SINGLE', 'N', '[#6]=[#8]', '[#7]')]"
c2,NOP(=O)(c1ccccc1)c1ccccc1.c1ccc(C2=NCCc3ccccc32)cc1>>c1ccc(C2=NNCCc3ccccc32)cc1,c1ccc(C2=NNCCc3ccccc32)cc1,[NH2:6][O:20][P:19](=[O:18])([c:21]1[cH:22][cH:23][cH:24][cH:25][cH:26]1)[c:27]1[cH:28][cH:29][cH:30][cH:31][cH:32]1.[cH:1]1[cH:2][cH:3][c:4]([C:5]2=[N:7][CH2:8][CH2:9][c:10]3[cH:11][cH:12][cH:13][cH:14][c:15]32)[cH:16][cH:17]1>>[cH:1]1[cH:2][cH:3][c:4]([C:5]2=[N:6][NH:7][CH2:8][CH2:9][c:10]3[cH:11][cH:12][cH:13][cH:14][c:15]32)[cH:16][cH:17]1,"[['N:6 - H', 'N:6 - O:20'], ['C:5 = N:7']]","[['C:5 = N:6', 'N:6 - N:7', 'N:7 - H']]",[],"[(0, '[#7:2]', 'N:6 - H', 'N', 'SINGLE', 'H', '[#7]', '[H]'), (1, '[#7&X2;H1,H0;!$([#7&X2][#7,#8,#9,#15,#16,#17,Br,I]):1]=[#6&X3:2]', 'C:5 = N:7', 'C', 'DOUBLE', 'N')]","[(0, '[#7][#7&X2:1]=[#6&X3:2]', 'C:5 = N:6', 'C', 'DOUBLE', 'N'), (0, '[#7:1][#7&X2:2]=[#6&X3]', 'N:6 - N:7', 'N', 'SINGLE', 'N'), (0, '[#7:2][#7&X2]=[#6&X3]', 'N:7 - H', 'N', 'SINGLE', 'H', '[#7][#7X2]=[#6X3]', '[H]')]","[(0, '[#8]=[#15]([#8]-[#7])(c)c', 'N:6 - O:20', 'O', 'SINGLE', 'N', '[#8]=[#15]([#8])([c])[c]', '[#7]'), (1, '[#6]=[#7]', 'C:5 = N:7', 'C', 'DOUBLE', 'N', '[#6]', '[#7]')]","[(0, '[#6]=[#7]', 'C:5 = N:6', 'C', 'DOUBLE', 'N', '[#6]', '[#7]'), (0, '[#7]-[#7]', 'N:6 - N:7', 'N', 'SINGLE', 'N', '[#7]', '[#7]')]"
c2,CC(C)(C)OC(=O)N1C2CCCC1CC(=O)C2.NOP(=O)(c1ccccc1)c1ccccc1>>CC(C)(C)OC(=O)N1[C@@H]2CCC[C@H]1CC(=O)NC2,CC(C)(C)OC(=O)N1[C@@H]2CCC[C@H]1CC(=O)NC2,[CH3:1][C:2]([CH3:3])([CH3:4])[O:5][C:6](=[O:7])[N:8]1[CH:9]2[CH2:10][CH2:11][CH2:12][CH:13]1[CH2:14][C:15](=[O:16])[CH2:18]2.[NH2:17][O:21][P:20](=[O:19])([c:22]1[cH:23][cH:24][cH:25][cH:26][cH:27]1)[c:28]1[cH:29][cH:30][cH:31][cH:32][cH:33]1>>[CH3:1][C:2]([CH3:3])([CH3:4])[O:5][C:6](=[O:7])[N:8]1[C@@H:9]2[CH2:10][CH2:11][CH2:12][C@H:13]1[CH2:14][C:15](=[O:16])[NH:17][CH2:18]2,"[['C:15 - C:18'], ['N:17 - H', 'N:17 - O:21']]","[['C:18 - N:17', 'C:15 - N:17']]",[],"[(0, '[#6:2]1[#6][#6][#7][#6][#6:1]1', 'C:15 - C:18', 'C', 'SINGLE', 'C'), (1, '[#7:2]', 'N:17 - H', 'N', 'SINGLE', 'H', '[#7]', '[H]')]","[(0, '[#6]1[#6][#6][#7:1][#6:2][#6][#7]1', 'C:18 - N:17', 'C', 'SINGLE', 'N'), (0, '[#6:1](=[#8])[#7:2]', 'C:15 - N:17', 'C', 'SINGLE', 'N')]","[(0, '[#6](=[#8])-[#6]', 'C:15 - C:18', 'C', 'SINGLE', 'C', '[#6]=[#8]', '[#6]'), (1, '[#8]=[#15]([#8]-[#7])(c)c', 'N:17 - O:21', 'O', 'SINGLE', 'N', '[#8]=[#15]([#8])([c])[c]', '[#7]')]","[(0, '[#6](=[#8])[#7]-[#6]', 'C:18 - N:17', 'N', 'SINGLE', 'C', '[#6](=[#8])[#7]', '[#6]'), (0, '[#6](=[#8])-[#7]', 'C:15 - N:17', 'C', 'SINGLE', 'N', '[#6]=[#8]', '[#7]')]"
c2,CC(=O)n1ccc2cccnc21.NOP(=O)(c1ccccc1)c1ccccc1>>CC(=O)n1ccc2ccc[n+](N)c21,CC(=O)n1ccc2ccc[n+](N)c21,[CH3:1][C:2](=[O:3])[n:4]1[cH:5][cH:6][c:7]2[cH:8][cH:9][cH:10][n:11][c:13]12.[NH2:12][O:16][P:15](=[O:14])([c:17]1[cH:18][cH:19][cH:20][cH:21][cH:22]1)[c:23]1[cH:24][cH:25][cH:26][cH:27][cH:28]1>>[CH3:1][C:2](=[O:3])[n:4]1[cH:5][cH:6][c:7]2[cH:8][cH:9][cH:10][n+:11]([NH2:12])[c:13]12,"[None, ['N:12 - O:16']]",[['N:11 - N:12']],[],[],"[(0, '[N:1][n&+:2]1ccccc1', 'N:11 - N:12', 'N', 'SINGLE', 'N')]","[(1, '[#8]=[#15]([#8]-[#7])(c)c', 'N:12 - O:16', 'O', 'SINGLE', 'N', '[#8]=[#15]([#8])([c])[c]', '[#7]')]","[(0, '[#6]1[#6][#6][#7]([#6][#6]1)-[#7]', 'N:11 - N:12', 'N', 'SINGLE', 'N', '[#6]1[#6][#6][#7][#6][#6]1', '[#7]')]"
c2,CCn1c2ccccc2c2cc(C(C)=O)ccc21.NOP(=O)(c1ccccc1)c1ccccc1>>CC(=O)Nc1ccc2c(c1)c1ccccc1n2C,CC(=O)Nc1ccc2c(c1)c1ccccc1n2C,[CH3:1][C:2](=[O:3])[c:5]1[cH:6][cH:7][c:8]2[c:9]([cH:10]1)[c:11]1[cH:12][cH:13][cH:14][cH:15][c:16]1[n:17]2[CH2:18][CH3:19].[NH2:4][O:22][P:21](=[O:20])([c:23]1[cH:24][cH:25][cH:26][cH:27][cH:28]1)[c:29]1[cH:30][cH:31][cH:32][cH:33][cH:34]1>>[CH3:1][C:2](=[O:3])[NH:4][c:5]1[cH:6][cH:7][c:8]2[c:9]([cH:10]1)[c:11]1[cH:12][cH:13][cH:14][cH:15][c:16]1[n:17]2[CH3:18],"[['C:18 - C:19', 'C:2 - C:5'], ['N:4 - O:22', 'N:4 - H']]","[['C:2 - N:4', 'C:5 - N:4', 'C:18 - H']]",[],"[(0, '[#6&H2:1][#6&H3:2]', 'C:18 - C:19', 'C', 'SINGLE', 'C'), (0, '[#6][#6:1](=[#8])[#6:2]', 'C:2 - C:5', 'C', 'SINGLE', 'C'), (1, '[#7:2]', 'N:4 - H', 'N', 'SINGLE', 'H', '[#7]', '[H]')]","[(0, '[#6:1](=[#8])[#7:2]', 'C:2 - N:4', 'C', 'SINGLE', 'N'), (0, '[#7&X3&H1:1]([#6])[#6:2]', 'C:5 - N:4', 'C', 'SINGLE', 'N'), (0, '[#7&X3&H0]([#6])([#6:2])[#6]', 'C:18 - H', 'C', 'SINGLE', 'H', '[#7;X3H0]([#6])([#6])([#6])', '[H]')]","[(0, '[#7&X3&H0]([#6]-[#6])([#6])[#6]', 'C:18 - C:19', 'C', 'SINGLE', 'C', '[#7;X3H0]([#6])([#6])([#6])', '[#6]'), (0, 'c12c3cc(ccc3nc1cccc2)-[#6](=[#8])[#6&H3]', 'C:2 - C:5', 'C', 'SINGLE', 'C', '[c]1([c]([c][c][c][c]3)[c]3[n]2)[c]2[c][c][c][c]1', '[#6](=[#8])[#6;H3]'), (1, '[#8]=[#15]([#8]-[#7])(c)c', 'N:4 - O:22', 'O', 'SINGLE', 'N', '[#8]=[#15]([#8])([c])[c]', '[#7]')]","[(0, 'c1ccccc1[#7&!a;X4&H1&+,X4&H2&+,X4&H3&+,X3&H1&+0,X3&H0&+0,X3&H2&+0;!$([#7][!#6])]-[#6](=[#8])[#6&H3]', 'C:2 - N:4', 'N', 'SINGLE', 'C', '[c]1[c][c][c][c][c]1[#7;!a;X4H+,X4H2+,X4H3+,X3H+0,X3H0+0,X3H2+0;!$([#7][!#6])]', '[#6](=[#8])[#6;H3]'), (0, 'c12c3cc(ccc3nc1cccc2)-[#7][#6]=[#8]', 'C:5 - N:4', 'C', 'SINGLE', 'N', '[c]1([c]([c][c][c][c]3)[c]3[n]2)[c]2[c][c][c][c]1', '[#6](=[#8])[#7]')]"
c2,Clc1nc(Cl)c2ncn(Cc3ccccc3)c2n1.NOP(=O)(c1ccccc1)c1ccccc1>>Nc1nc(Cl)nc2c1ncn2Cc1ccccc1,Nc1nc(Cl)nc2c1ncn2Cc1ccccc1,[c:2]1([Cl:19])[n:3][c:4]([Cl:5])[n:6][c:7]2[c:8]1[n:9][cH:10][n:11]2[CH2:12][c:13]1[cH:14][cH:15][cH:16][cH:17][cH:18]1.[NH2:1][O:22][P:21](=[O:20])([c:23]1[cH:24][cH:25][cH:26][cH:27][cH:28]1)[c:29]1[cH:30][cH:31][cH:32][cH:33][cH:34]1>>[NH2:1][c:2]1[n:3][c:4]([Cl:5])[n:6][c:7]2[c:8]1[n:9][cH:10][n:11]2[CH2:12][c:13]1[cH:14][cH:15][cH:16][cH:17][cH:18]1,"[['C:2 - Cl:19'], ['N:1 - O:22']]",[['C:2 - N:1']],[],"[(0, '[c:1][#9,#17,#35,#53:2]', 'C:2 - Cl:19', 'C', 'SINGLE', 'Cl')]","[(0, '[#7&X3&H2:1][#6:2]', 'C:2 - N:1', 'C', 'SINGLE', 'N')]","[(0, 'c12ncnc1c(ncn2)-[#17&v1]', 'C:2 - Cl:19', 'C', 'SINGLE', 'Cl', '[c]1([n][c][n]2)[c]2[c][n][c][n]1', '[#17v1]'), (1, '[#8]=[#15]([#8]-[#7])(c)c', 'N:1 - O:22', 'O', 'SINGLE', 'N', '[#8]=[#15]([#8])([c])[c]', '[#7]')]","[(0, 'c12ncnc1c(ncn2)-[#7]', 'C:2 - N:1', 'C', 'SINGLE', 'N', '[c]1([n][c][n]2)[c]2[c][n][c][n]1', '[#7]')]"
c2,CC(C)[C@@H]1COC(=S)N1.NOP(=O)(c1ccccc1)c1ccccc1>>CC(C)[C@@H]1COC(=S)N1N,CC(C)[C@@H]1COC(=S)N1N,[CH3:1][CH:2]([CH3:3])[C@@H:4]1[CH2:5][O:6][C:7](=[S:8])[NH:9]1.[NH2:10][O:13][P:12](=[O:11])([c:14]1[cH:15][cH:16][cH:17][cH:18][cH:19]1)[c:20]1[cH:21][cH:22][cH:23][cH:24][cH:25]1>>[CH3:1][CH:2]([CH3:3])[C@@H:4]1[CH2:5][O:6][C:7](=[S:8])[N:9]1[NH2:10],"[['N:9 - H'], ['N:10 - O:13']]",[['N:9 - N:10']],[],"[(0, '[#6]1[#8][#6][#7:2][#6]1', 'N:9 - H', 'N', 'SINGLE', 'H', '[#6]1[#8][#6][#7][#6]1', '[H]')]","[(0, '[#7;X3&H1&+0,X3&H2&+0,X3&H0&+0:1][#7;X3&H1&+0,X3&H2&+0,X3&H0&+0:2]', 'N:9 - N:10', 'N', 'SINGLE', 'N')]","[(1, '[#8]=[#15]([#8]-[#7])(c)c', 'N:10 - O:13', 'O', 'SINGLE', 'N', '[#8]=[#15]([#8])([c])[c]', '[#7]')]","[(0, '[#6]1[#8][#6][#7]([#6]1)-[#7]', 'N:9 - N:10', 'N', 'SINGLE', 'N', '[#6]1[#8][#6][#7][#6]1', '[#7]')]"
c2,NOP(=O)(c1ccccc1)c1ccccc1.O=Cc1ccc2cccnc2c1>>NC(=O)c1ccc2cccnc2c1,NC(=O)c1ccc2cccnc2c1,[NH2:1][O:16][P:15](=[O:14])([c:17]1[cH:18][cH:19][cH:20][cH:21][cH:22]1)[c:23]1[cH:24][cH:25][cH:26][cH:27][cH:28]1.[CH:2](=[O:3])[c:4]1[cH:5][cH:6][c:7]2[cH:8][cH:9][cH:10][n:11][c:12]2[cH:13]1>>[NH2:1][C:2](=[O:3])[c:4]1[cH:5][cH:6][c:7]2[cH:8][cH:9][cH:10][n:11][c:12]2[cH:13]1,"[['N:1 - O:16'], ['C:2 - H']]",[['C:2 - N:1']],[],"[(1, '[#6&X3&H1:2]=[#8]', 'C:2 - H', 'C', 'SINGLE', 'H', '[#6X3;H1](=[#8])', '[H]')]","[(0, '[#6:1](=[#8])[#7:2]', 'C:2 - N:1', 'C', 'SINGLE', 'N')]","[(0, '[#8]=[#15]([#8]-[#7])(c)c', 'N:1 - O:16', 'O', 'SINGLE', 'N', '[#8]=[#15]([#8])([c])[c]', '[#7]')]","[(0, '[#6](=[#8])-[#7]', 'C:2 - N:1', 'C', 'SINGLE', 'N', '[#6]=[#8]', '[#7]')]"
c2,CC(C)(C)OC(=O)N1CC2(CC(=O)CO2)C1.NOP(=O)(c1ccccc1)c1ccccc1>>CC(C)(C)OC(=O)N1CC2(CNC(=O)CO2)C1,CC(C)(C)OC(=O)N1CC2(CNC(=O)CO2)C1,[CH3:1][C:2]([CH3:3])([CH3:4])[O:5][C:6](=[O:7])[N:8]1[CH2:9][C:10]2([CH2:11][C:13](=[O:14])[CH2:15][O:16]2)[CH2:17]1.[NH2:12][O:20][P:19](=[O:18])([c:21]1[cH:22][cH:23][cH:24][cH:25][cH:26]1)[c:27]1[cH:28][cH:29][cH:30][cH:31][cH:32]1>>[CH3:1][C:2]([CH3:3])([CH3:4])[O:5][C:6](=[O:7])[N:8]1[CH2:9][C:10]2([CH2:11][NH:12][C:13](=[O:14])[CH2:15][O:16]2)[CH2:17]1,"[['C:11 - C:13'], ['N:12 - O:20', 'N:12 - H']]","[['C:13 - N:12', 'C:11 - N:12']]",[],"[(0, '[#6]1[#7][#6][#6]12[#8][#6][#6:1][#6:2]2', 'C:11 - C:13', 'C', 'SINGLE', 'C'), (1, '[#7:2]', 'N:12 - H', 'N', 'SINGLE', 'H', '[#7]', '[H]')]","[(0, '[#6:1](=[#8])[#7:2]', 'C:13 - N:12', 'C', 'SINGLE', 'N'), (0, '[#7&X3&H1:1]([#6:2])[#6]', 'C:11 - N:12', 'C', 'SINGLE', 'N')]","[(0, '[#6](=[#8])-[#6]', 'C:11 - C:13', 'C', 'SINGLE', 'C', '[#6]=[#8]', '[#6]'), (1, '[#8]=[#15]([#8]-[#7])(c)c', 'N:12 - O:20', 'O', 'SINGLE', 'N', '[#8]=[#15]([#8])([c])[c]', '[#7]')]","[(0, '[#6](=[#8])-[#7]', 'C:13 - N:12', 'C', 'SINGLE', 'N', '[#6]=[#8]', '[#7]'), (0, '[#6](=[#8])[#7]-[#6]', 'C:11 - N:12', 'N', 'SINGLE', 'C', '[#6](=[#8])[#7]', '[#6]')]"
c2,NOP(=O)(c1ccccc1)c1ccccc1.O=C1CCCCN1c1ccc(N2CCC=C(N3CCOCC3)C2=O)cc1>>N[N+]1(C2=CCCN(c3ccc(N4CCCCC4=O)cc3)C2=O)CCOCC1,N[N+]1(C2=CCCN(c3ccc(N4CCCCC4=O)cc3)C2=O)CCOCC1,[NH2:1][O:30][P:29](=[O:28])([c:31]1[cH:32][cH:33][cH:34][cH:35][cH:36]1)[c:37]1[cH:38][cH:39][cH:40][cH:41][cH:42]1.[N:2]1([C:3]2=[CH:4][CH2:5][CH2:6][N:7]([c:8]3[cH:9][cH:10][c:11]([N:12]4[CH2:13][CH2:14][CH2:15][CH2:16][C:17]4=[O:18])[cH:19][cH:20]3)[C:21]2=[O:22])[CH2:23][CH2:24][O:25][CH2:26][CH2:27]1>>[NH2:1][N+:2]1([C:3]2=[CH:4][CH2:5][CH2:6][N:7]([c:8]3[cH:9][cH:10][c:11]([N:12]4[CH2:13][CH2:14][CH2:15][CH2:16][C:17]4=[O:18])[cH:19][cH:20]3)[C:21]2=[O:22])[CH2:23][CH2:24][O:25][CH2:26][CH2:27]1,"[['N:1 - O:30'], None]",[['N:1 - N:2']],[],[],"[(0, '[#6][#7&+:1]([#7:2])([#6])[#6]', 'N:1 - N:2', 'N', 'SINGLE', 'N')]","[(0, '[#8]=[#15]([#8]-[#7])(c)c', 'N:1 - O:30', 'O', 'SINGLE', 'N', '[#8]=[#15]([#8])([c])[c]', '[#7]')]","[(0, '[#7]1([#6][#6][#8][#6][#6]1)-[#7]', 'N:1 - N:2', 'N', 'SINGLE', 'N', '[#7]1[#6][#6][#8][#6][#6]1', '[#7]')]"
c2,NOP(=O)(c1ccccc1)c1ccccc1.O=Cc1ccc2c(c1)c1ccccc1n2Cc1ccccc1>>NC(=O)c1ccc2c(c1)c1ccccc1n2Cc1ccccc1,NC(=O)c1ccc2c(c1)c1ccccc1n2Cc1ccccc1,[NH2:1][O:26][P:25](=[O:24])([c:27]1[cH:28][cH:29][cH:30][cH:31][cH:32]1)[c:33]1[cH:34][cH:35][cH:36][cH:37][cH:38]1.[CH:2](=[O:3])[c:4]1[cH:5][cH:6][c:7]2[c:8]([cH:9]1)[c:10]1[cH:11][cH:12][cH:13][cH:14][c:15]1[n:16]2[CH2:17][c:18]1[cH:19][cH:20][cH:21][cH:22][cH:23]1>>[NH2:1][C:2](=[O:3])[c:4]1[cH:5][cH:6][c:7]2[c:8]([cH:9]1)[c:10]1[cH:11][cH:12][cH:13][cH:14][c:15]1[n:16]2[CH2:17][c:18]1[cH:19][cH:20][cH:21][cH:22][cH:23]1,"[['N:1 - O:26'], ['C:2 - H']]",[['C:2 - N:1']],[],"[(1, '[#6&X3&H1:2]=[#8]', 'C:2 - H', 'C', 'SINGLE', 'H', '[#6X3;H1](=[#8])', '[H]')]","[(0, '[#6:1](=[#8])[#7:2]', 'C:2 - N:1', 'C', 'SINGLE', 'N')]","[(0, '[#8]=[#15]([#8]-[#7])(c)c', 'N:1 - O:26', 'O', 'SINGLE', 'N', '[#8]=[#15]([#8])([c])[c]', '[#7]')]","[(0, '[#6](=[#8])-[#7]', 'C:2 - N:1', 'C', 'SINGLE', 'N', '[#6]=[#8]', '[#7]')]"
c2,Cn1cnnc1.NOP(=O)(c1ccccc1)c1ccccc1>>Cn1cn[n+](N)c1,Cn1cn[n+](N)c1,[CH3:1][n:2]1[cH:3][n:4][n:5][cH:7]1.[NH2:6][O:10][P:9](=[O:8])([c:11]1[cH:12][cH:13][cH:14][cH:15][cH:16]1)[c:17]1[cH:18][cH:19][cH:20][cH:21][cH:22]1>>[CH3:1][n:2]1[cH:3][n:4][n+:5]([NH2:6])[cH:7]1,"[None, ['N:6 - O:10']]",[['N:5 - N:6']],[],[],[],"[(1, '[#8]=[#15]([#8]-[#7])(c)c', 'N:6 - O:10', 'O', 'SINGLE', 'N', '[#8]=[#15]([#8])([c])[c]', '[#7]')]","[(0, '[#7]-[#7]', 'N:5 - N:6', 'N', 'SINGLE', 'N', '[#7]', '[#7]')]"
c2,NOP(=O)(c1ccccc1)c1ccccc1.OB(O)c1cccc2c1Sc1ccccc1S2>>Nc1cccc2c1Sc1ccccc1S2,Nc1cccc2c1Sc1ccccc1S2,[NH2:1][O:18][P:17](=[O:16])([c:19]1[cH:20][cH:21][cH:22][cH:23][cH:24]1)[c:25]1[cH:26][cH:27][cH:28][cH:29][cH:30]1.[c:2]1([B:32]([OH:31])[OH:33])[cH:3][cH:4][cH:5][c:6]2[c:7]1[S:8][c:9]1[cH:10][cH:11][cH:12][cH:13][c:14]1[S:15]2>>[NH2:1][c:2]1[cH:3][cH:4][cH:5][c:6]2[c:7]1[S:8][c:9]1[cH:10][cH:11][cH:12][cH:13][c:14]1[S:15]2,"[['N:1 - O:18'], ['B:32 - C:2']]",[['C:2 - N:1']],[],"[(1, '[#5&X3:1]([#8&H1])([#8&H1])[#6:2]', 'B:32 - C:2', 'B', 'SINGLE', 'C')]","[(0, '[#7&X3&H2:1][#6:2]', 'C:2 - N:1', 'C', 'SINGLE', 'N')]","[(0, '[#8]=[#15]([#8]-[#7])(c)c', 'N:1 - O:18', 'O', 'SINGLE', 'N', '[#8]=[#15]([#8])([c])[c]', '[#7]'), (1, 'c1(ccccc1)-[#5]', 'B:32 - C:2', 'C', 'SINGLE', 'B', '[c]1[c][c][c][c][c]1', '[#5]')]","[(0, 'c1(ccccc1)-[#7]', 'C:2 - N:1', 'C', 'SINGLE', 'N', '[c]1[c][c][c][c][c]1', '[#7]')]"
c2,NOP(=O)(c1ccccc1)c1ccccc1.O=c1cc[nH]cn1>>Nn1ccc(=O)nc1,Nn1ccc(=O)nc1,[NH2:1][O:11][P:10](=[O:9])([c:12]1[cH:13][cH:14][cH:15][cH:16][cH:17]1)[c:18]1[cH:19][cH:20][cH:21][cH:22][cH:23]1.[nH:2]1[cH:3][cH:4][c:5](=[O:6])[n:7][cH:8]1>>[NH2:1][n:2]1[cH:3][cH:4][c:5](=[O:6])[n:7][cH:8]1,"[['N:1 - O:11'], ['N:2 - H']]",[['N:1 - N:2']],[],"[(1, '[#8]=c1cc[n:2]cn1', 'N:2 - H', 'N', 'SINGLE', 'H', '[#8]=c1ccncn1', '[H]')]","[(0, '[#7;X3&H1&+0,X3&H2&+0,X3&H0&+0:1][#7;X3&H1&+0,X3&H2&+0,X3&H0&+0:2]', 'N:1 - N:2', 'N', 'SINGLE', 'N')]","[(0, '[#8]=[#15]([#8]-[#7])(c)c', 'N:1 - O:11', 'O', 'SINGLE', 'N', '[#8]=[#15]([#8])([c])[c]', '[#7]')]","[(0, '[#7]-[#7]', 'N:1 - N:2', 'N', 'SINGLE', 'N', '[#7]', '[#7]')]"
c2,Cc1ccc(S(=O)(=O)N2CC(=O)C2)cc1.NOP(=O)(c1ccccc1)c1ccccc1>>Cc1ccc(S(=O)(=O)[N+]2(N)CC(=O)C2)cc1,Cc1ccc(S(=O)(=O)[N+]2(N)CC(=O)C2)cc1,[CH3:1][c:2]1[cH:3][cH:4][c:5]([S:6](=[O:7])(=[O:8])[N:9]2[CH2:11][C:12](=[O:13])[CH2:14]2)[cH:15][cH:16]1.[NH2:10][O:19][P:18](=[O:17])([c:20]1[cH:21][cH:22][cH:23][cH:24][cH:25]1)[c:26]1[cH:27][cH:28][cH:29][cH:30][cH:31]1>>[CH3:1][c:2]1[cH:3][cH:4][c:5]([S:6](=[O:7])(=[O:8])[N+:9]2([NH2:10])[CH2:11][C:12](=[O:13])[CH2:14]2)[cH:15][cH:16]1,"[None, ['N:10 - O:19']]",[['N:9 - N:10']],[],[],"[(0, '[#16&v6](=[#8])(=[#8])[#7;H1,H0:1][#7;X3&H1&+0,X3&H2&+0,X3&H0&+0:2]', 'N:9 - N:10', 'N', 'SINGLE', 'N')]","[(1, '[#8]=[#15]([#8]-[#7])(c)c', 'N:10 - O:19', 'O', 'SINGLE', 'N', '[#8]=[#15]([#8])([c])[c]', '[#7]')]","[(0, '[#6]1[#6][#7]([#6]1)-[#7]', 'N:9 - N:10', 'N', 'SINGLE', 'N', '[#6]1[#6][#7][#6]1', '[#7]')]"
c2,NOP(=O)(c1ccccc1)c1ccccc1.O=C1C=CCCN1>>NN1CCC=CC1=O,NN1CCC=CC1=O,[NH2:1][O:11][P:10](=[O:9])([c:12]1[cH:13][cH:14][cH:15][cH:16][cH:17]1)[c:18]1[cH:19][cH:20][cH:21][cH:22][cH:23]1.[NH:2]1[CH2:3][CH2:4][CH:5]=[CH:6][C:7]1=[O:8]>>[NH2:1][N:2]1[CH2:3][CH2:4][CH:5]=[CH:6][C:7]1=[O:8],"[['N:1 - O:11'], ['N:2 - H']]",[['N:1 - N:2']],[],"[(1, '[#6]1=[#6][#6][#7:2][#6][#6]1', 'N:2 - H', 'N', 'SINGLE', 'H', '[#6]1=[#6][#6][#7][#6][#6]1', '[H]')]","[(0, '[#6&X3](=[#8])[#7;H1,H0:1][#7;X3&H1&+0,X3&H2&+0,X3&H0&+0:2]', 'N:1 - N:2', 'N', 'SINGLE', 'N')]","[(0, '[#8]=[#15]([#8]-[#7])(c)c', 'N:1 - O:11', 'O', 'SINGLE', 'N', '[#8]=[#15]([#8])([c])[c]', '[#7]')]","[(0, '[#6]1=[#6][#6][#7]([#6][#6]1)-[#7]', 'N:1 - N:2', 'N', 'SINGLE', 'N', '[#6]1=[#6][#6][#7][#6][#6]1', '[#7]')]"
c2,NOP(=O)(c1ccccc1)c1ccccc1.O=C1CCCn2nccc21>>N[N+]12CCCC(=O)C1=CC=N2,N[N+]12CCCC(=O)C1=CC=N2,[NH2:1][O:14][P:13](=[O:12])([c:15]1[cH:16][cH:17][cH:18][cH:19][cH:20]1)[c:21]1[cH:22][cH:23][cH:24][cH:25][cH:26]1.[n:2]12[c:8]([cH:9][cH:10][n:11]1)[C:6](=[O:7])[CH2:5][CH2:4][CH2:3]2>>[NH2:1][N+:2]12[CH2:3][CH2:4][CH2:5][C:6](=[O:7])[C:8]1=[CH:9][CH:10]=[N:11]2,"[['N:1 - O:14'], None]",[['N:1 - N:2']],"['N:2 aromatic N:11 -> N:2 - N:11', 'C:8 aromatic N:2 -> C:8 - N:2', 'C:8 aromatic C:9 -> C:8 = C:9', 'C:10 aromatic N:11 -> C:10 = N:11', 'C:9 aromatic C:10 -> C:9 - C:10']",[],[],"[(0, '[#8]=[#15]([#8]-[#7])(c)c', 'N:1 - O:14', 'O', 'SINGLE', 'N', '[#8]=[#15]([#8])([c])[c]', '[#7]')]","[(0, '[#6]1[#6][#6][#7]([#6][#6]1)-[#7]', 'N:1 - N:2', 'N', 'SINGLE', 'N', '[#6]1[#6][#6][#7][#6][#6]1', '[#7]')]"
c2,NOP(=O)(c1ccccc1)c1ccccc1.O=C1NC(=O)C2CC12>>NN1C(=O)C2CC2C1=O,NN1C(=O)C2CC2C1=O,[NH2:1][O:12][P:11](=[O:10])([c:13]1[cH:14][cH:15][cH:16][cH:17][cH:18]1)[c:19]1[cH:20][cH:21][cH:22][cH:23][cH:24]1.[NH:2]1[C:3](=[O:4])[CH:5]2[CH2:6][CH:7]2[C:8]1=[O:9]>>[NH2:1][N:2]1[C:3](=[O:4])[CH:5]2[CH2:6][CH:7]2[C:8]1=[O:9],"[['N:1 - O:12'], ['N:2 - H']]",[['N:1 - N:2']],[],"[(1, '[#6]1(=[#8])[#7:2][#6](=[#8])[#6][#6][#6]1', 'N:2 - H', 'N', 'SINGLE', 'H', '[#6]1(=[#8])[#7][#6](=[#8])[#6][#6][#6]1', '[H]')]","[(0, '[#6&X3](=[#8])[#7;H1,H0:1][#7;X3&H1&+0,X3&H2&+0,X3&H0&+0:2]', 'N:1 - N:2', 'N', 'SINGLE', 'N')]","[(0, '[#8]=[#15]([#8]-[#7])(c)c', 'N:1 - O:12', 'O', 'SINGLE', 'N', '[#8]=[#15]([#8])([c])[c]', '[#7]')]","[(0, '[#6]1(=[#8])[#7]([#6](=[#8])[#6][#6][#6]1)-[#7]', 'N:1 - N:2', 'N', 'SINGLE', 'N', '[#6]1(=[#8])[#7][#6](=[#8])[#6][#6][#6]1', '[#7]')]"
c2,NOP(=O)(c1ccccc1)c1ccccc1.O=c1[nH]cnc2ccncc12>>Nn1cnc2ccncc2c1=O,Nn1cnc2ccncc2c1=O,[NH2:1]OP(c1ccccc1)(c2ccccc2)=O.[O:12]=[C:11]3[C:10]4=[C:5]([CH:6]=[CH:7][N:8]=[CH:9]4)[N:4]=[CH:3][NH:2]3>>[NH2:1][N:2]5[CH:3]=[N:4][C:5]6=[C:10]([C:11]5=[O:12])[CH:9]=[N:8][CH:7]=[CH:6]6,"[['N:1 - O:15'], ['N:2 - H']]",[['N:1 - N:2']],[],"[(1, 'c12ccncc1c[n:2]cn2', 'N:2 - H', 'N', 'SINGLE', 'H', '[c]1([c][c][n][c]2)[c]2[c][n][c][n]1', '[H]')]","[(0, '[#6&X3](=[#8])[#7;H1,H0:1][#7;X3&H1&+0,X3&H2&+0,X3&H0&+0:2]', 'N:1 - N:2', 'N', 'SINGLE', 'N')]",[],"[(0, '[#6](=[#8])[#7]-[#7]', 'N:1 - N:2', 'N', 'SINGLE', 'N', '[#6](=[#8])[#7]', '[#7]')]"
c2,NOP(=O)(c1ccccc1)c1ccccc1.O=c1[nH]cnc2cccnc12>>Nn1cnc2cccnc2c1=O,Nn1cnc2cccnc2c1=O,[NH2:1]OP(c1ccccc1)(c2ccccc2)=O.[O:12]=[C:11]3[C:10]4=[C:5]([CH:6]=[CH:7][CH:8]=[N:9]4)[N:4]=[CH:3][NH:2]3>>[NH2:1][N:2]5[CH:3]=[N:4][C:5]6=[C:10]([C:11]5=[O:12])[N:9]=[CH:8][CH:7]=[CH:6]6,"[['N:1 - O:15'], ['N:2 - H']]",[['N:1 - N:2']],[],"[(1, 'c12cccnc1c[n:2]cn2', 'N:2 - H', 'N', 'SINGLE', 'H', '[c]1([c][c][c][n]2)[c]2[c][n][c][n]1', '[H]')]","[(0, '[#6&X3](=[#8])[#7;H1,H0:1][#7;X3&H1&+0,X3&H2&+0,X3&H0&+0:2]', 'N:1 - N:2', 'N', 'SINGLE', 'N')]",[],"[(0, '[#6](=[#8])[#7]-[#7]', 'N:1 - N:2', 'N', 'SINGLE', 'N', '[#6](=[#8])[#7]', '[#7]')]"
c2,NOP(=O)(c1ccccc1)c1ccccc1.c1ccc2c(c1)[nH]c1c3ccccc3[nH]c21>>Nn1c2ccccc2c2[nH]c3ccccc3c21,Nn1c2ccccc2c2[nH]c3ccccc3c21,[NH2:1][O:20][P:19](=[O:18])([c:21]1[cH:22][cH:23][cH:24][cH:25][cH:26]1)[c:27]1[cH:28][cH:29][cH:30][cH:31][cH:32]1.[nH:2]1[c:3]2[cH:4][cH:5][cH:6][cH:7][c:8]2[c:9]2[nH:10][c:11]3[cH:12][cH:13][cH:14][cH:15][c:16]3[c:17]12>>[NH2:1][n:2]1[c:3]2[cH:4][cH:5][cH:6][cH:7][c:8]2[c:9]2[nH:10][c:11]3[cH:12][cH:13][cH:14][cH:15][c:16]3[c:17]12,"[['N:1 - O:20'], ['N:2 - H']]",[['N:1 - N:2']],[],"[(1, 'c12[n:2]ccc1cccc2', 'N:2 - H', 'N', 'SINGLE', 'H', '[c]1([n][c][c]2)[c]2[c][c][c][c]1', '[H]')]","[(0, '[#7;X3&H1&+0,X3&H2&+0,X3&H0&+0:1][#7;X3&H1&+0,X3&H2&+0,X3&H0&+0:2]', 'N:1 - N:2', 'N', 'SINGLE', 'N')]","[(0, '[#8]=[#15]([#8]-[#7])(c)c', 'N:1 - O:20', 'O', 'SINGLE', 'N', '[#8]=[#15]([#8])([c])[c]', '[#7]')]","[(0, 'c12c([#7]([#6][#6]1)-[#7])cccc2', 'N:1 - N:2', 'N', 'SINGLE', 'N', '[c]12[c]([#7][#6][#6]1)[c][c][c][c]2', '[#7]')]"
c2,NOP(=O)(c1ccccc1)c1ccccc1.OB(O)c1ccncc1>>N[n+]1ccc(B(O)O)cc1,N[n+]1ccc(B(O)O)cc1,[NH2:1][O:13][P:12](=[O:11])([c:14]1[cH:15][cH:16][cH:17][cH:18][cH:19]1)[c:20]1[cH:21][cH:22][cH:23][cH:24][cH:25]1.[n:2]1[cH:3][cH:4][c:5]([B:6]([OH:7])[OH:8])[cH:9][cH:10]1>>[NH2:1][n+:2]1[cH:3][cH:4][c:5]([B:6]([OH:7])[OH:8])[cH:9][cH:10]1,"[['N:1 - O:13'], None]",[['N:1 - N:2']],[],[],"[(0, '[N:1][n&+:2]1ccccc1', 'N:1 - N:2', 'N', 'SINGLE', 'N')]","[(0, '[#8]=[#15]([#8]-[#7])(c)c', 'N:1 - O:13', 'O', 'SINGLE', 'N', '[#8]=[#15]([#8])([c])[c]', '[#7]')]","[(0, '[#6]1[#6][#6][#7]([#6][#6]1)-[#7]', 'N:1 - N:2', 'N', 'SINGLE', 'N', '[#6]1[#6][#6][#7][#6][#6]1', '[#7]')]"
c2,NOP(=O)(c1ccccc1)c1ccccc1.O=C1CC2=C(NCC(Br)=C2)N1>>NN1C(=O)CC2=C1NCC(Br)=C2,NN1C(=O)CC2=C1NCC(Br)=C2,[NH2:1][O:15][P:14](=[O:13])([c:16]1[cH:17][cH:18][cH:19][cH:20][cH:21]1)[c:22]1[cH:23][cH:24][cH:25][cH:26][cH:27]1.[NH:2]1[C:3](=[O:4])[CH2:5][C:6]2=[C:7]1[NH:8][CH2:9][C:10]([Br:11])=[CH:12]2>>[NH2:1][N:2]1[C:3](=[O:4])[CH2:5][C:6]2=[C:7]1[NH:8][CH2:9][C:10]([Br:11])=[CH:12]2,"[['N:1 - O:15'], ['N:2 - H']]",[['N:1 - N:2']],[],"[(1, '[#6]1=[#6][#7:2][#6][#6]1', 'N:2 - H', 'N', 'SINGLE', 'H', '[#6]1=[#6][#7][#6][#6]1', '[H]')]","[(0, '[#6&X3](=[#8])[#7;H1,H0:1][#7;X3&H1&+0,X3&H2&+0,X3&H0&+0:2]', 'N:1 - N:2', 'N', 'SINGLE', 'N')]","[(0, '[#8]=[#15]([#8]-[#7])(c)c', 'N:1 - O:15', 'O', 'SINGLE', 'N', '[#8]=[#15]([#8])([c])[c]', '[#7]')]","[(0, '[#6]1=[#6][#7]([#6][#6]1)-[#7]', 'N:1 - N:2', 'N', 'SINGLE', 'N', '[#6]1=[#6][#7][#6][#6]1', '[#7]')]"
c2,NOP(=O)(c1ccccc1)c1ccccc1.OB1c2ccccc2Oc2ccccc21>>Nc1ccccc1Oc1ccccc1B(O)O,Nc1ccccc1Oc1ccccc1B(O)O,[H][O:17][H].[NH2:1]OP(c1ccccc1)(c2ccccc2)=O.[OH:16][B:15]([c:2]3[c:7]([O:8]4)[cH:6][cH:5][cH:4][cH:3]3)[c:14]5[c:9]4[cH:10][cH:11][cH:12][cH:13]5>>[NH2:1][c:2]6[c:7]([O:8][c:9]7[c:14]([B:15]([OH:16])[OH:17])[cH:13][cH:12][cH:11][cH:10]7)[cH:6][cH:5][cH:4][cH:3]6,"[['O:17 - P:19', 'N:1 - O:17'], ['B:15 - C:2']]","[['O:17 - H', 'C:2 - N:1', 'B:15 - O:17']]",[],[],"[(0, '[#8:2][#5][#6]', 'O:17 - H', 'O', 'SINGLE', 'H', '[#8][#5][#6]', '[H]'), (0, '[#7&X3&H2:1][#6:2]', 'C:2 - N:1', 'C', 'SINGLE', 'N'), (0, '[#5&X3:1]([#8&H1])([#8&H1:2])[#6]', 'B:15 - O:17', 'B', 'SINGLE', 'O')]",[],"[(0, 'c1(ccccc1)-[#7]', 'C:2 - N:1', 'C', 'SINGLE', 'N', '[c]1[c][c][c][c][c]1', '[#7]'), (0, '[#8][#5]([#6])-[#8&X2&H1]', 'B:15 - O:17', 'B', 'SINGLE', 'O', '[#8][#5][#6]', '[#8X2H]')]"
c2,CC(C)(C)OC(=O)N1CC2(CCC(=O)CC2)C1.NOP(=O)(c1ccccc1)c1ccccc1>>CC(C)(C)OC(=O)N1CC2(CCNC(=O)CC2)C1,CC(C)(C)OC(=O)N1CC2(CCNC(=O)CC2)C1,[CH3:1][C:2]([CH3:3])([CH3:4])[O:5][C:6](=[O:7])[N:8]1[CH2:9][C:10]2([CH2:11][CH2:12][C:14](=[O:15])[CH2:16][CH2:17]2)[CH2:18]1.[NH2:13][O:21][P:20](=[O:19])([c:22]1[cH:23][cH:24][cH:25][cH:26][cH:27]1)[c:28]1[cH:29][cH:30][cH:31][cH:32][cH:33]1>>[CH3:1][C:2]([CH3:3])([CH3:4])[O:5][C:6](=[O:7])[N:8]1[CH2:9][C:10]2([CH2:11][CH2:12][NH:13][C:14](=[O:15])[CH2:16][CH2:17]2)[CH2:18]1,"[['C:12 - C:14'], ['N:13 - O:21', 'N:13 - H']]","[['C:12 - N:13', 'C:14 - N:13']]",[],"[(0, '[#6]1[#6:1][#6:2][#6][#6][#6]12[#6][#7][#6]2', 'C:12 - C:14', 'C', 'SINGLE', 'C'), (1, '[#7:2]', 'N:13 - H', 'N', 'SINGLE', 'H', '[#7]', '[H]')]","[(0, '[#7&X3&H1:1]([#6:2])[#6]', 'C:12 - N:13', 'C', 'SINGLE', 'N'), (0, '[#6:1](=[#8])[#7:2]', 'C:14 - N:13', 'C', 'SINGLE', 'N')]","[(0, '[#6](=[#8])-[#6]', 'C:12 - C:14', 'C', 'SINGLE', 'C', '[#6]=[#8]', '[#6]'), (1, '[#8]=[#15]([#8]-[#7])(c)c', 'N:13 - O:21', 'O', 'SINGLE', 'N', '[#8]=[#15]([#8])([c])[c]', '[#7]')]","[(0, '[#6](=[#8])[#7]-[#6]', 'C:12 - N:13', 'N', 'SINGLE', 'C', '[#6](=[#8])[#7]', '[#6]'), (0, '[#6](=[#8])-[#7]', 'C:14 - N:13', 'C', 'SINGLE', 'N', '[#6]=[#8]', '[#7]')]"
c2,CN1CCN(C)C(C(=O)O)C1.NOP(=O)(c1ccccc1)c1ccccc1>>CN1CC[N+](C)(N)CC1C(=O)O,CN1CC[N+](C)(N)CC1C(=O)O,[CH3:1][N:2]1[CH2:3][CH2:4][N:5]([CH3:6])[CH2:8][CH:9]1[C:10](=[O:11])[OH:12].[NH2:7][O:15][P:14](=[O:13])([c:16]1[cH:17][cH:18][cH:19][cH:20][cH:21]1)[c:22]1[cH:23][cH:24][cH:25][cH:26][cH:27]1>>[CH3:1][N:2]1[CH2:3][CH2:4][N+:5]([CH3:6])([NH2:7])[CH2:8][CH:9]1[C:10](=[O:11])[OH:12],"[None, ['N:7 - O:15']]",[['N:5 - N:7']],[],[],"[(0, '[#6][#7&+:1]([#7:2])([#6])[#6]', 'N:5 - N:7', 'N', 'SINGLE', 'N')]","[(1, '[#8]=[#15]([#8]-[#7])(c)c', 'N:7 - O:15', 'O', 'SINGLE', 'N', '[#8]=[#15]([#8])([c])[c]', '[#7]')]","[(0, 'N1(CCNCC1)-[#7]', 'N:5 - N:7', 'N', 'SINGLE', 'N', '[N]1[C][C][N][C][C]1', '[#7]')]"
c2,NOP(=O)(c1ccccc1)c1ccccc1.O=[PH](c1cccc2ccccc12)c1cccc2ccccc12>>NP(=O)(c1cccc2ccccc12)c1cccc2ccccc12,NP(=O)(c1cccc2ccccc12)c1cccc2ccccc12,[NH2:1][O:26][P:25](=[O:24])([c:27]1[cH:28][cH:29][cH:30][cH:31][cH:32]1)[c:33]1[cH:34][cH:35][cH:36][cH:37][cH:38]1.[PH:2](=[O:3])([c:4]1[cH:5][cH:6][cH:7][c:8]2[cH:9][cH:10][cH:11][cH:12][c:13]12)[c:14]1[cH:15][cH:16][cH:17][c:18]2[cH:19][cH:20][cH:21][cH:22][c:23]12>>[NH2:1][P:2](=[O:3])([c:4]1[cH:5][cH:6][cH:7][c:8]2[cH:9][cH:10][cH:11][cH:12][c:13]12)[c:14]1[cH:15][cH:16][cH:17][c:18]2[cH:19][cH:20][cH:21][cH:22][c:23]12,"[['N:1 - O:26'], ['P:2 - H']]",[['N:1 - P:2']],[],"[(1, '[#8]=[#15:2]([#6])[#6]', 'P:2 - H', 'P', 'SINGLE', 'H', '[#8]=[#15]([#6])[#6]', '[H]')]","[(0, '[#8]=[#15:1]([#7:2])([#6])[#6]', 'N:1 - P:2', 'N', 'SINGLE', 'P')]","[(0, '[#8]=[#15]([#8]-[#7])(c)c', 'N:1 - O:26', 'O', 'SINGLE', 'N', '[#8]=[#15]([#8])([c])[c]', '[#7]')]","[(0, '[#8]=[#15]([#6])([#6])-[#7]', 'N:1 - P:2', 'P', 'SINGLE', 'N', '[#8]=[#15]([#6])[#6]', '[#7]')]"
c2,NOP(=O)(c1ccccc1)c1ccccc1.O=C1CCC2(CC1)COC2>>O=C1CCC2(CCN1)COC2,O=C1CCC2(CCN1)COC2,[NH2:8][O:14][P:13](=[O:12])([c:15]1[cH:16][cH:17][cH:18][cH:19][cH:20]1)[c:21]1[cH:22][cH:23][cH:24][cH:25][cH:26]1.[O:1]=[C:2]1[CH2:3][CH2:4][C:5]2([CH2:6][CH2:7]1)[CH2:9][O:10][CH2:11]2>>[O:1]=[C:2]1[CH2:3][CH2:4][C:5]2([CH2:6][CH2:7][NH:8]1)[CH2:9][O:10][CH2:11]2,"[['N:8 - O:14', 'N:8 - H'], ['C:2 - C:7']]","[['C:7 - N:8', 'C:2 - N:8']]",[],"[(0, '[#7:2]', 'N:8 - H', 'N', 'SINGLE', 'H', '[#7]', '[H]'), (1, '[#6]1[#6][#6:1][#6:2][#6][#6]12[#6][#8][#6]2', 'C:2 - C:7', 'C', 'SINGLE', 'C')]","[(0, '[#7&X3&H1:1]([#6:2])[#6]', 'C:7 - N:8', 'C', 'SINGLE', 'N'), (0, '[#6:1](=[#8])[#7:2]', 'C:2 - N:8', 'C', 'SINGLE', 'N')]","[(0, '[#8]=[#15]([#8]-[#7])(c)c', 'N:8 - O:14', 'O', 'SINGLE', 'N', '[#8]=[#15]([#8])([c])[c]', '[#7]'), (1, '[#6](=[#8])-[#6]', 'C:2 - C:7', 'C', 'SINGLE', 'C', '[#6]=[#8]', '[#6]')]","[(0, '[#6](=[#8])[#7]-[#6]', 'C:7 - N:8', 'N', 'SINGLE', 'C', '[#6](=[#8])[#7]', '[#6]'), (0, '[#6](=[#8])-[#7]', 'C:2 - N:8', 'C', 'SINGLE', 'N', '[#6]=[#8]', '[#7]')]"
c2,NOP(=O)(c1ccccc1)c1ccccc1.OB(O)c1ccnc2ccccc12>>N[n+]1ccc(B(O)O)c2ccccc21,N[n+]1ccc(B(O)O)c2ccccc21,[NH2:1][O:17][P:16](=[O:15])([c:18]1[cH:19][cH:20][cH:21][cH:22][cH:23]1)[c:24]1[cH:25][cH:26][cH:27][cH:28][cH:29]1.[n:2]1[cH:3][cH:4][c:5]([B:6]([OH:7])[OH:8])[c:9]2[cH:10][cH:11][cH:12][cH:13][c:14]12>>[NH2:1][n+:2]1[cH:3][cH:4][c:5]([B:6]([OH:7])[OH:8])[c:9]2[cH:10][cH:11][cH:12][cH:13][c:14]12,"[['N:1 - O:17'], None]",[['N:1 - N:2']],[],[],"[(0, '[N:1][n&+:2]1ccccc1', 'N:1 - N:2', 'N', 'SINGLE', 'N')]","[(0, '[#8]=[#15]([#8]-[#7])(c)c', 'N:1 - O:17', 'O', 'SINGLE', 'N', '[#8]=[#15]([#8])([c])[c]', '[#7]')]","[(0, '[#6]12[#6][#6][#6][#7]([#6]1[#6][#6][#6][#6]2)-[#7]', 'N:1 - N:2', 'N', 'SINGLE', 'N', '[#6]1([#6][#6][#6][#7]2)[#6]2[#6][#6][#6][#6]1', '[#7]')]"
c2,NOP(=O)(c1ccccc1)c1ccccc1.OB(O)c1ccc2c(c1)CC2>>c1cc2c(cc1Nc1ccc3c(c1)CC3)CC2,c1cc2c(cc1Nc1ccc3c(c1)CC3)CC2,[NH2:1][O:26][P:19](=[O:18])([c:20]1[cH:21][cH:22][cH:23][cH:24][cH:25]1)[c:27]1[cH:28][cH:29][cH:30][cH:31][cH:32]1.[c:10]1([B:34]([OH:33])[OH:35])[cH:11][cH:12][c:13]2[c:14]([cH:15]1)[CH2:16][CH2:17]2.[c:2]1([B:37]([OH:36])[OH:38])[cH:3][cH:4][c:5]2[c:6]([cH:7]1)[CH2:8][CH2:9]2>>[NH:1]([c:2]1[cH:3][cH:4][c:5]2[c:6]([cH:7]1)[CH2:8][CH2:9]2)[c:10]1[cH:11][cH:12][c:13]2[c:14]([cH:15]1)[CH2:16][CH2:17]2,"[['N:1 - H', 'N:1 - O:26'], ['B:34 - C:10'], ['B:37 - C:2']]","[['C:2 - N:1', 'C:10 - N:1']]",[],"[(0, '[#7:2]', 'N:1 - H', 'N', 'SINGLE', 'H', '[#7]', '[H]'), (1, '[#5&X3:1]([#8&H1])([#8&H1])[#6:2]', 'B:34 - C:10', 'B', 'SINGLE', 'C'), (2, '[#5&X3:1]([#8&H1])([#8&H1])[#6:2]', 'B:37 - C:2', 'B', 'SINGLE', 'C')]","[(0, '[#7&X3&H1:1]([#6:2])[#6]', 'C:2 - N:1', 'C', 'SINGLE', 'N'), (0, '[#7&X3&H1:1]([#6])[#6:2]', 'C:10 - N:1', 'C', 'SINGLE', 'N')]","[(0, '[#8]=[#15]([#8]-[#7])(c)c', 'N:1 - O:26', 'O', 'SINGLE', 'N', '[#8]=[#15]([#8])([c])[c]', '[#7]'), (1, '[#6]12[#6][#6][#6]1[#6][#6]([#6][#6]2)-[#5]', 'B:34 - C:10', 'C', 'SINGLE', 'B', '[#6]12[#6][#6][#6]1[#6][#6][#6][#6]2', '[#5]'), (2, '[#6]12[#6][#6][#6]1[#6][#6]([#6][#6]2)-[#5]', 'B:37 - C:2', 'C', 'SINGLE', 'B', '[#6]12[#6][#6][#6]1[#6][#6][#6][#6]2', '[#5]')]","[(0, '[#6]12[#6][#6][#6]1[#6][#6]([#6][#6]2)-[#7&!a;X4&H1&+,X4&H2&+,X4&H3&+,X3&H1&+0,X3&H0&+0,X3&H2&+0;!$([#7][!#6])]c1ccccc1', 'C:2 - N:1', 'C', 'SINGLE', 'N', '[#6]12[#6][#6][#6]1[#6][#6][#6][#6]2', '[c]1[c][c][c][c][c]1[#7;!a;X4H+,X4H2+,X4H3+,X3H+0,X3H0+0,X3H2+0;!$([#7][!#6])]'), (0, '[#6]12[#6][#6][#6]1[#6][#6]([#6][#6]2)-[#7&!a;X4&H1&+,X4&H2&+,X4&H3&+,X3&H1&+0,X3&H0&+0,X3&H2&+0;!$([#7][!#6])]c1ccccc1', 'C:10 - N:1', 'C', 'SINGLE', 'N', '[#6]12[#6][#6][#6]1[#6][#6][#6][#6]2', '[c]1[c][c][c][c][c]1[#7;!a;X4H+,X4H2+,X4H3+,X3H+0,X3H0+0,X3H2+0;!$([#7][!#6])]')]"
c2,Ic1ccccc1.NOP(=O)(c1ccccc1)c1ccccc1>>Nc1ccccc1,Nc1ccccc1,[c:2]1([I:8])[cH:3][cH:4][cH:5][cH:6][cH:7]1.[NH2:1][O:11][P:10](=[O:9])([c:12]1[cH:13][cH:14][cH:15][cH:16][cH:17]1)[c:18]1[cH:19][cH:20][cH:21][cH:22][cH:23]1>>[NH2:1][c:2]1[cH:3][cH:4][cH:5][cH:6][cH:7]1,"[['C:2 - I:8'], ['N:1 - O:11']]",[['C:2 - N:1']],[],"[(0, '[c:1][#9,#17,#35,#53:2]', 'C:2 - I:8', 'C', 'SINGLE', 'I')]","[(0, '[#7&X3&H2:1][#6:2]', 'C:2 - N:1', 'C', 'SINGLE', 'N')]","[(0, 'c1(ccccc1)-[#53&v1]', 'C:2 - I:8', 'C', 'SINGLE', 'I', '[c]1[c][c][c][c][c]1', '[#53v1]'), (1, '[#8]=[#15]([#8]-[#7])(c)c', 'N:1 - O:11', 'O', 'SINGLE', 'N', '[#8]=[#15]([#8])([c])[c]', '[#7]')]","[(0, 'c1(ccccc1)-[#7]', 'C:2 - N:1', 'C', 'SINGLE', 'N', '[c]1[c][c][c][c][c]1', '[#7]')]"
c2,NOP(=O)(c1ccccc1)c1ccccc1.O=[PH](c1ccc2ccccc2c1)c1ccc2ccccc2c1>>NP(=O)(c1ccc2ccccc2c1)c1ccc2ccccc2c1,NP(=O)(c1ccc2ccccc2c1)c1ccc2ccccc2c1,[NH2:1][O:26][P:25](=[O:24])([c:27]1[cH:28][cH:29][cH:30][cH:31][cH:32]1)[c:33]1[cH:34][cH:35][cH:36][cH:37][cH:38]1.[PH:2](=[O:3])([c:4]1[cH:5][cH:6][c:7]2[cH:8][cH:9][cH:10][cH:11][c:12]2[cH:13]1)[c:14]1[cH:15][cH:16][c:17]2[cH:18][cH:19][cH:20][cH:21][c:22]2[cH:23]1>>[NH2:1][P:2](=[O:3])([c:4]1[cH:5][cH:6][c:7]2[cH:8][cH:9][cH:10][cH:11][c:12]2[cH:13]1)[c:14]1[cH:15][cH:16][c:17]2[cH:18][cH:19][cH:20][cH:21][c:22]2[cH:23]1,"[['N:1 - O:26'], ['P:2 - H']]",[['N:1 - P:2']],[],"[(1, '[#8]=[#15:2]([#6])[#6]', 'P:2 - H', 'P', 'SINGLE', 'H', '[#8]=[#15]([#6])[#6]', '[H]')]","[(0, '[#8]=[#15:1]([#7:2])([#6])[#6]', 'N:1 - P:2', 'N', 'SINGLE', 'P')]","[(0, '[#8]=[#15]([#8]-[#7])(c)c', 'N:1 - O:26', 'O', 'SINGLE', 'N', '[#8]=[#15]([#8])([c])[c]', '[#7]')]","[(0, '[#8]=[#15]([#6])([#6])-[#7]', 'N:1 - P:2', 'P', 'SINGLE', 'N', '[#8]=[#15]([#6])[#6]', '[#7]')]"
c2,NOP(=O)(c1ccccc1)c1ccccc1.O=C1CCc2c1cccc2C(F)(F)F>>O/N=C1/CCc2c1cccc2C(F)(F)F,O/N=C1/CCc2c1cccc2C(F)(F)F,[H][O:15][H].[NH2:1]OP(c1ccccc1)(c2ccccc2)=O.O=[C:2]3[CH2:3][CH2:4][c:5]4[c:10]([C:11]([F:13])([F:14])[F:12])[cH:9][cH:8][cH:7][c:6]43>>[OH:15]/[N:1]=[C:2]5[CH2:3][CH2:4][c:5]6[c:10]([C:11]([F:13])([F:14])[F:12])[cH:9][cH:8][cH:7][c:6]6/5,"[['O:1 - P:17', 'N:2 - H'], ['C:3 = O:30']]","[['C:3 = N:2', 'O:1 - H']]",[],[],"[(0, '[#6:1]1[#6:2][#6][#6][#6]1', 'C:3 = N:2', 'C', 'DOUBLE', 'N'), (0, '[#7:2][#8&X2&H1]', 'O:1 - H', 'O', 'SINGLE', 'H', '[#7][#8X2H]', '[H]')]",[],[]
c2,CC1=Nc2ccc3ccccc3c2C1(C)C.NOP(=O)(c1ccccc1)c1ccccc1>>C=C(C)c1c(/N=C(/C)N)ccc2ccccc12,C=C(C)c1c(/N=C(/C)N)ccc2ccccc12,[CH3:1][C:2]1([CH3:3])[c:4]2[c:5]([cH:10][cH:11][c:12]3[cH:13][cH:14][cH:15][cH:16][c:17]23)[N:6]=[C:7]1[CH3:8].[NH2:9][O:20][P:19](=[O:18])([c:21]1[cH:22][cH:23][cH:24][cH:25][cH:26]1)[c:27]1[cH:28][cH:29][cH:30][cH:31][cH:32]1>>[CH2:1]=[C:2]([CH3:3])[c:4]1[c:5](/[N:6]=[C:7](/[CH3:8])[NH2:9])[cH:10][cH:11][c:12]2[cH:13][cH:14][cH:15][cH:16][c:17]12,"[['C:1 - H', 'C:2 - C:7'], ['N:9 - O:20']]",[['C:7 - N:9']],['C:1 - C:2 -> C:1 = C:2'],"[(0, '[#6:2]', 'C:1 - H', 'C', 'SINGLE', 'H', '[#6]', '[H]'), (0, '[#6:1]1[#6:2]=[#7]c2ccccc2-1', 'C:2 - C:7', 'C', 'SINGLE', 'C')]","[(0, '[#7&X3&H2:1][#6:2]', 'C:7 - N:9', 'C', 'SINGLE', 'N')]","[(0, 'c1ccccc1[#6&X4]-[#6&X3]=[#7&X2;H1,H0;!$([#7&X2][#7,#8,#9,#15,#16,#17,Br,I])]', 'C:2 - C:7', 'C', 'SINGLE', 'C', '[c]1[c][c][c][c][c]1[#6X4]', '[#7X2;H1,H0;!$([#7X2][#7,#8,#9,#15,#16,#17,Br,I])]=[#6X3]'), (1, '[#8]=[#15]([#8]-[#7])(c)c', 'N:9 - O:20', 'O', 'SINGLE', 'N', '[#8]=[#15]([#8])([c])[c]', '[#7]')]","[(0, '[#7&X2;H1,H0;!$([#7&X2][#7,#8,#9,#15,#16,#17,Br,I])]=[#6&X3]-[#7]', 'C:7 - N:9', 'C', 'SINGLE', 'N', '[#7X2;H1,H0;!$([#7X2][#7,#8,#9,#15,#16,#17,Br,I])]=[#6X3]', '[#7]')]"
c2,NOP(=O)(c1ccccc1)c1ccccc1.O=Cc1nc2ccccc2s1>>NC(=O)c1nc2ccccc2s1,NC(=O)c1nc2ccccc2s1,[NH2:1][O:15][P:14](=[O:13])([c:16]1[cH:17][cH:18][cH:19][cH:20][cH:21]1)[c:22]1[cH:23][cH:24][cH:25][cH:26][cH:27]1.[CH:2](=[O:3])[c:4]1[n:5][c:6]2[cH:7][cH:8][cH:9][cH:10][c:11]2[s:12]1>>[NH2:1][C:2](=[O:3])[c:4]1[n:5][c:6]2[cH:7][cH:8][cH:9][cH:10][c:11]2[s:12]1,"[['N:1 - O:15'], ['C:2 - H']]",[['C:2 - N:1']],[],"[(1, '[#6&X3&H1:2]=[#8]', 'C:2 - H', 'C', 'SINGLE', 'H', '[#6X3;H1](=[#8])', '[H]')]","[(0, '[#6:1](=[#8])[#7:2]', 'C:2 - N:1', 'C', 'SINGLE', 'N')]","[(0, '[#8]=[#15]([#8]-[#7])(c)c', 'N:1 - O:15', 'O', 'SINGLE', 'N', '[#8]=[#15]([#8])([c])[c]', '[#7]')]","[(0, '[#6](=[#8])-[#7]', 'C:2 - N:1', 'C', 'SINGLE', 'N', '[#6]=[#8]', '[#7]')]"
c2,NOP(=O)(c1ccccc1)c1ccccc1.O=C1CC(c2ccccc2)C1>>O=C1CC(c2ccccc2)CN1,O=C1CC(c2ccccc2)CN1,[NH2:12][O:15][P:14](=[O:13])([c:16]1[cH:17][cH:18][cH:19][cH:20][cH:21]1)[c:22]1[cH:23][cH:24][cH:25][cH:26][cH:27]1.[O:1]=[C:2]1[CH2:3][CH:4]([c:5]2[cH:6][cH:7][cH:8][cH:9][cH:10]2)[CH2:11]1>>[O:1]=[C:2]1[CH2:3][CH:4]([c:5]2[cH:6][cH:7][cH:8][cH:9][cH:10]2)[CH2:11][NH:12]1,"[['N:12 - H', 'N:12 - O:15'], ['C:2 - C:11']]","[['C:2 - N:12', 'C:11 - N:12']]",[],"[(0, '[#7:2]', 'N:12 - H', 'N', 'SINGLE', 'H', '[#7]', '[H]'), (1, '[#6:2]1[#6][#6][#6:1]1', 'C:2 - C:11', 'C', 'SINGLE', 'C')]","[(0, '[#6:1](=[#8])[#7:2]', 'C:2 - N:12', 'C', 'SINGLE', 'N'), (0, '[#6]1[#6][#7:1][#6:2][#6]1', 'C:11 - N:12', 'C', 'SINGLE', 'N')]","[(0, '[#8]=[#15]([#8]-[#7])(c)c', 'N:12 - O:15', 'O', 'SINGLE', 'N', '[#8]=[#15]([#8])([c])[c]', '[#7]'), (1, '[#6](=[#8])-[#6]', 'C:2 - C:11', 'C', 'SINGLE', 'C', '[#6]=[#8]', '[#6]')]","[(0, '[#6](=[#8])-[#7]', 'C:2 - N:12', 'C', 'SINGLE', 'N', '[#6]=[#8]', '[#7]'), (0, '[#6](=[#8])[#7]-[#6]', 'C:11 - N:12', 'N', 'SINGLE', 'C', '[#6](=[#8])[#7]', '[#6]')]"
c2,CC(C)S(=O)c1ccc(Br)cc1.NOP(=O)(c1ccccc1)c1ccccc1>>CC(C)S(=N)(=O)c1ccc(Br)cc1,CC(C)S(=N)(=O)c1ccc(Br)cc1,[CH3:1][CH:2]([CH3:3])[S:4](=[O:6])[c:7]1[cH:8][cH:9][c:10]([Br:11])[cH:12][cH:13]1.[NH2:5][O:16][P:15](=[O:14])([c:17]1[cH:18][cH:19][cH:20][cH:21][cH:22]1)[c:23]1[cH:24][cH:25][cH:26][cH:27][cH:28]1>>[CH3:1][CH:2]([CH3:3])[S:4](=[NH:5])(=[O:6])[c:7]1[cH:8][cH:9][c:10]([Br:11])[cH:12][cH:13]1,"[None, ['N:5 - H', 'N:5 - O:16']]",[['N:5 = S:4']],[],"[(1, '[#7:2]', 'N:5 - H', 'N', 'SINGLE', 'H', '[#7]', '[H]')]","[(0, '[#7:1]=[#16:2]([#6])[#6]', 'N:5 = S:4', 'N', 'DOUBLE', 'S')]","[(1, '[#8]=[#15]([#8]-[#7])(c)c', 'N:5 - O:16', 'O', 'SINGLE', 'N', '[#8]=[#15]([#8])([c])[c]', '[#7]')]","[(0, '[#7]=[#16]', 'N:5 = S:4', 'N', 'DOUBLE', 'S', '[#7]', '[#16]')]"
c2,C1CC(N2CCNCC2)C1.NOP(=O)(c1ccccc1)c1ccccc1>>NN1CCN(C2CCC2)CC1,NN1CCN(C2CCC2)CC1,[NH:2]1[CH2:3][CH2:4][N:5]([CH:6]2[CH2:7][CH2:8][CH2:9]2)[CH2:10][CH2:11]1.[NH2:1][O:14][P:13](=[O:12])([c:15]1[cH:16][cH:17][cH:18][cH:19][cH:20]1)[c:21]1[cH:22][cH:23][cH:24][cH:25][cH:26]1>>[NH2:1][N:2]1[CH2:3][CH2:4][N:5]([CH:6]2[CH2:7][CH2:8][CH2:9]2)[CH2:10][CH2:11]1,"[['N:2 - H'], ['N:1 - O:14']]",[['N:1 - N:2']],[],"[(0, '[N:2]1CCNCC1', 'N:2 - H', 'N', 'SINGLE', 'H', '[N]1[C][C][N][C][C]1', '[H]')]","[(0, '[#7;X3&H1&+0,X3&H2&+0,X3&H0&+0:1][#7;X3&H1&+0,X3&H2&+0,X3&H0&+0:2]', 'N:1 - N:2', 'N', 'SINGLE', 'N')]","[(1, '[#8]=[#15]([#8]-[#7])(c)c', 'N:1 - O:14', 'O', 'SINGLE', 'N', '[#8]=[#15]([#8])([c])[c]', '[#7]')]","[(0, 'N1(CCNCC1)-[#7]', 'N:1 - N:2', 'N', 'SINGLE', 'N', '[N]1[C][C][N][C][C]1', '[#7]')]"
c2,CCCN1CCNCC1.NOP(=O)(c1ccccc1)c1ccccc1>>CCCN1CCN(N)CC1,CCCN1CCN(N)CC1,[CH3:1][CH2:2][CH2:3][N:4]1[CH2:5][CH2:6][NH:7][CH2:9][CH2:10]1.[NH2:8][O:13][P:12](=[O:11])([c:14]1[cH:15][cH:16][cH:17][cH:18][cH:19]1)[c:20]1[cH:21][cH:22][cH:23][cH:24][cH:25]1>>[CH3:1][CH2:2][CH2:3][N:4]1[CH2:5][CH2:6][N:7]([NH2:8])[CH2:9][CH2:10]1,"[['N:7 - H'], ['N:8 - O:13']]",[['N:7 - N:8']],[],"[(0, 'N1CC[N:2]CC1', 'N:7 - H', 'N', 'SINGLE', 'H', '[N]1[C][C][N][C][C]1', '[H]')]","[(0, '[#7;X3&H1&+0,X3&H2&+0,X3&H0&+0:1][#7;X3&H1&+0,X3&H2&+0,X3&H0&+0:2]', 'N:7 - N:8', 'N', 'SINGLE', 'N')]","[(1, '[#8]=[#15]([#8]-[#7])(c)c', 'N:8 - O:13', 'O', 'SINGLE', 'N', '[#8]=[#15]([#8])([c])[c]', '[#7]')]","[(0, 'N1(CCNCC1)-[#7]', 'N:7 - N:8', 'N', 'SINGLE', 'N', '[N]1[C][C][N][C][C]1', '[#7]')]"
c2,Cc1ccc(C=O)cc1.NOP(=O)(c1ccccc1)c1ccccc1>>Cc1ccc(C(N)=O)cc1,Cc1ccc(C(N)=O)cc1,[CH3:1][c:2]1[cH:3][cH:4][c:5]([CH:6]=[O:8])[cH:9][cH:10]1.[NH2:7][O:13][P:12](=[O:11])([c:14]1[cH:15][cH:16][cH:17][cH:18][cH:19]1)[c:20]1[cH:21][cH:22][cH:23][cH:24][cH:25]1>>[CH3:1][c:2]1[cH:3][cH:4][c:5]([C:6]([NH2:7])=[O:8])[cH:9][cH:10]1,"[['C:6 - H'], ['N:7 - O:13']]",[['C:6 - N:7']],[],"[(0, '[#6&X3&H1:2]=[#8]', 'C:6 - H', 'C', 'SINGLE', 'H', '[#6X3;H1](=[#8])', '[H]')]","[(0, '[#6:1](=[#8])[#7:2]', 'C:6 - N:7', 'C', 'SINGLE', 'N')]","[(1, '[#8]=[#15]([#8]-[#7])(c)c', 'N:7 - O:13', 'O', 'SINGLE', 'N', '[#8]=[#15]([#8])([c])[c]', '[#7]')]","[(0, '[#6](=[#8])-[#7]', 'C:6 - N:7', 'C', 'SINGLE', 'N', '[#6]=[#8]', '[#7]')]"
c2,CC(=O)CC(C)(C)C.NOP(=O)(c1ccccc1)c1ccccc1>>CC(=O)NCC(C)(C)C,CC(=O)NCC(C)(C)C,[CH3:1][C:2](=[O:3])[CH2:5][C:6]([CH3:7])([CH3:8])[CH3:9].[NH2:4][O:12][P:11](=[O:10])([c:13]1[cH:14][cH:15][cH:16][cH:17][cH:18]1)[c:19]1[cH:20][cH:21][cH:22][cH:23][cH:24]1>>[CH3:1][C:2](=[O:3])[NH:4][CH2:5][C:6]([CH3:7])([CH3:8])[CH3:9],"[['C:2 - C:5'], ['N:4 - H', 'N:4 - O:12']]","[['C:2 - N:4', 'C:5 - N:4']]",[],"[(0, '[#6][#6:1](=[#8])[#6:2]', 'C:2 - C:5', 'C', 'SINGLE', 'C'), (1, '[#7:2]', 'N:4 - H', 'N', 'SINGLE', 'H', '[#7]', '[H]')]","[(0, '[#6:1](=[#8])[#7:2]', 'C:2 - N:4', 'C', 'SINGLE', 'N'), (0, '[#7&X3&H1:1]([#6])[#6:2]', 'C:5 - N:4', 'C', 'SINGLE', 'N')]","[(0, '[#6](=[#8])([#6&H3])-[C&X4&!R][C&X4&!R][C&X4&!R]', 'C:2 - C:5', 'C', 'SINGLE', 'C', '[#6](=[#8])[#6;H3]', '[CX4;!R][CX4;!R][CX4;!R]'), (1, '[#8]=[#15]([#8]-[#7])(c)c', 'N:4 - O:12', 'O', 'SINGLE', 'N', '[#8]=[#15]([#8])([c])[c]', '[#7]')]","[(0, '[#6](=[#8])([#6&H3])-[#7]', 'C:2 - N:4', 'C', 'SINGLE', 'N', '[#6](=[#8])[#6;H3]', '[#7]'), (0, '[#6](=[#8])[#7]-[C&X4&!R][C&X4&!R][C&X4&!R]', 'C:5 - N:4', 'N', 'SINGLE', 'C', '[#6](=[#8])[#7]', '[CX4;!R][CX4;!R][CX4;!R]')]"
c2,NOP(=O)(c1ccccc1)c1ccccc1.c1ccc([C@H]2CN3CCSC3=N2)cc1>>N[N+]1=C2SCCN2C[C@@H]1c1ccccc1,N[N+]1=C2SCCN2C[C@@H]1c1ccccc1,[NH2:1][O:18][P:17](=[O:16])([c:19]1[cH:20][cH:21][cH:22][cH:23][cH:24]1)[c:25]1[cH:26][cH:27][cH:28][cH:29][cH:30]1.[N:2]1=[C:3]2[S:4][CH2:5][CH2:6][N:7]2[CH2:8][C@@H:9]1[c:10]1[cH:11][cH:12][cH:13][cH:14][cH:15]1>>[NH2:1][N+:2]1=[C:3]2[S:4][CH2:5][CH2:6][N:7]2[CH2:8][C@@H:9]1[c:10]1[cH:11][cH:12][cH:13][cH:14][cH:15]1,"[['N:1 - O:18'], None]",[['N:1 - N:2']],[],[],[],"[(0, '[#8]=[#15]([#8]-[#7])(c)c', 'N:1 - O:18', 'O', 'SINGLE', 'N', '[#8]=[#15]([#8])([c])[c]', '[#7]')]","[(0, '[#7]-[#7]', 'N:1 - N:2', 'N', 'SINGLE', 'N', '[#7]', '[#7]')]"
c2,CC(=O)c1ccc2c(c1)Cc1ccccc1-2.NOP(=O)(c1ccccc1)c1ccccc1>>CC(=O)Nc1ccc2c(c1)Cc1ccccc1-2,CC(=O)Nc1ccc2c(c1)Cc1ccccc1-2,[CH3:1][C:2](=[O:3])[c:5]1[cH:6][cH:7][c:8]2[c:9]([cH:10]1)[CH2:11][c:12]1[cH:13][cH:14][cH:15][cH:16][c:17]1-2.[NH2:4][O:20][P:19](=[O:18])([c:21]1[cH:22][cH:23][cH:24][cH:25][cH:26]1)[c:27]1[cH:28][cH:29][cH:30][cH:31][cH:32]1>>[CH3:1][C:2](=[O:3])[NH:4][c:5]1[cH:6][cH:7][c:8]2[c:9]([cH:10]1)[CH2:11][c:12]1[cH:13][cH:14][cH:15][cH:16][c:17]1-2,"[['C:2 - C:5'], ['N:4 - H', 'N:4 - O:20']]","[['C:2 - N:4', 'C:5 - N:4']]",[],"[(0, '[#6][#6:1](=[#8])[#6:2]', 'C:2 - C:5', 'C', 'SINGLE', 'C'), (1, '[#7:2]', 'N:4 - H', 'N', 'SINGLE', 'H', '[#7]', '[H]')]","[(0, '[#6:1](=[#8])[#7:2]', 'C:2 - N:4', 'C', 'SINGLE', 'N'), (0, '[#7&X3&H1:1]([#6])[#6:2]', 'C:5 - N:4', 'C', 'SINGLE', 'N')]","[(0, 'C1-c2cc(ccc2-c2ccccc2-1)-[#6](=[#8])[#6&H3]', 'C:2 - C:5', 'C', 'SINGLE', 'C', '[C]1-[c]2[c][c][c][c][c]2-[c]2[c][c][c][c][c]2-1', '[#6](=[#8])[#6;H3]'), (1, '[#8]=[#15]([#8]-[#7])(c)c', 'N:4 - O:20', 'O', 'SINGLE', 'N', '[#8]=[#15]([#8])([c])[c]', '[#7]')]","[(0, 'c1ccccc1[#7&!a;X4&H1&+,X4&H2&+,X4&H3&+,X3&H1&+0,X3&H0&+0,X3&H2&+0;!$([#7][!#6])]-[#6](=[#8])[#6&H3]', 'C:2 - N:4', 'N', 'SINGLE', 'C', '[c]1[c][c][c][c][c]1[#7;!a;X4H+,X4H2+,X4H3+,X3H+0,X3H0+0,X3H2+0;!$([#7][!#6])]', '[#6](=[#8])[#6;H3]'), (0, 'C1-c2cc(ccc2-c2ccccc2-1)-[#7][#6]=[#8]', 'C:5 - N:4', 'C', 'SINGLE', 'N', '[C]1-[c]2[c][c][c][c][c]2-[c]2[c][c][c][c][c]2-1', '[#6](=[#8])[#7]')]"
c2,CC(=O)C1=NCCS1.NOP(=O)(c1ccccc1)c1ccccc1>>CC(=O)NC1=NCCS1,CC(=O)NC1=NCCS1,[CH3:1][C:2](=[O:3])[C:5]1=[N:6][CH2:7][CH2:8][S:9]1.[NH2:4][O:12][P:11](=[O:10])([c:13]1[cH:14][cH:15][cH:16][cH:17][cH:18]1)[c:19]1[cH:20][cH:21][cH:22][cH:23][cH:24]1>>[CH3:1][C:2](=[O:3])[NH:4][C:5]1=[N:6][CH2:7][CH2:8][S:9]1,"[['C:2 - C:5'], ['N:4 - H', 'N:4 - O:12']]","[['C:2 - N:4', 'C:5 - N:4']]",[],"[(0, '[#6][#6:1](=[#8])[#6:2]', 'C:2 - C:5', 'C', 'SINGLE', 'C'), (1, '[#7:2]', 'N:4 - H', 'N', 'SINGLE', 'H', '[#7]', '[H]')]","[(0, '[#6:1](=[#8])[#7:2]', 'C:2 - N:4', 'C', 'SINGLE', 'N'), (0, '[#7&X3&H1:1]([#6])[#6:2]', 'C:5 - N:4', 'C', 'SINGLE', 'N')]","[(0, '[#16]1[#6][#6][#7]=[#6]1-[#6](=[#8])[#6&H3]', 'C:2 - C:5', 'C', 'SINGLE', 'C', '[#16]1[#6][#6][#7]=[#6]1', '[#6](=[#8])[#6;H3]'), (1, '[#8]=[#15]([#8]-[#7])(c)c', 'N:4 - O:12', 'O', 'SINGLE', 'N', '[#8]=[#15]([#8])([c])[c]', '[#7]')]","[(0, '[#6](=[#8])([#6&H3])-[#7]', 'C:2 - N:4', 'C', 'SINGLE', 'N', '[#6](=[#8])[#6;H3]', '[#7]'), (0, '[#16]1[#6][#6][#7]=[#6]1-[#7][#6]=[#8]', 'C:5 - N:4', 'C', 'SINGLE', 'N', '[#16]1[#6][#6][#7]=[#6]1', '[#6](=[#8])[#7]')]"
c2,CC(C)C(=O)CC(=O)C(C)C.NOP(=O)(c1ccccc1)c1ccccc1>>CC(C)C(=O)C(N)C(=O)C(C)C,CC(C)C(=O)C(N)C(=O)C(C)C,[CH3:1][CH:2]([CH3:3])[C:4](=[O:5])[CH2:6][C:8](=[O:9])[CH:10]([CH3:11])[CH3:12].[NH2:7][O:15][P:14](=[O:13])([c:16]1[cH:17][cH:18][cH:19][cH:20][cH:21]1)[c:22]1[cH:23][cH:24][cH:25][cH:26][cH:27]1>>[CH3:1][CH:2]([CH3:3])[C:4](=[O:5])[CH:6]([NH2:7])[C:8](=[O:9])[CH:10]([CH3:11])[CH3:12],"[['C:6 - H'], ['N:7 - O:15']]",[['C:6 - N:7']],[],"[(0, '[#6:2][#6](=[#8])[#6]', 'C:6 - H', 'C', 'SINGLE', 'H', '[#6][#6](=[#8])[#6]', '[H]')]","[(0, '[#7&X3&H2:1][#6:2]', 'C:6 - N:7', 'C', 'SINGLE', 'N')]","[(1, '[#8]=[#15]([#8]-[#7])(c)c', 'N:7 - O:15', 'O', 'SINGLE', 'N', '[#8]=[#15]([#8])([c])[c]', '[#7]')]","[(0, '[#6]([#6](=[#8])[#6])-[#7]', 'C:6 - N:7', 'C', 'SINGLE', 'N', '[#6][#6](=[#8])[#6]', '[#7]')]"
c2,CC(=O)/C=C/CC(C)C.NOP(=O)(c1ccccc1)c1ccccc1>>CC(/C=C/CC(C)C)=N/O,CC(/C=C/CC(C)C)=N/O,[H][O:10][H].[CH3:1][C:2](/[CH:3]=[CH:4]/[CH2:5][CH:6]([CH3:8])[CH3:7])=O.[NH2:9]OP(c1ccccc1)(c2ccccc2)=O>>[CH3:1][C:2](/[CH:3]=[CH:4]/[CH2:5][CH:6]([CH3:8])[CH3:7])=[N:9]/[OH:10],"[['C:2 = O:11'], ['N:9 - H', 'O:10 - P:13']]","[['C:2 = N:9', 'O:10 - H']]",[],[],"[(0, '[#6&X3:1]=[#7:2][#8&X2&H1]', 'C:2 = N:9', 'C', 'DOUBLE', 'N'), (0, '[#7][#8&X2&H1:2]', 'O:10 - H', 'O', 'SINGLE', 'H', '[#7][#8X2H]', '[H]')]",[],"[(0, '[#7]([#8&X2&H1])=[#6]', 'C:2 = N:9', 'N', 'DOUBLE', 'C', '[#7][#8X2H]', '[#6]')]"
c2,CC1=C(C(=O)Nc2ccccc2)SCCO1.NOP(=O)(c1ccccc1)c1ccccc1>>CC1=C(C(=O)N(N)c2ccccc2)SCCO1,CC1=C(C(=O)N(N)c2ccccc2)SCCO1,[CH3:1][C:2]1=[C:3]([C:4](=[O:5])[NH:6][c:8]2[cH:9][cH:10][cH:11][cH:12][cH:13]2)[S:14][CH2:15][CH2:16][O:17]1.[NH2:7][O:20][P:19](=[O:18])([c:21]1[cH:22][cH:23][cH:24][cH:25][cH:26]1)[c:27]1[cH:28][cH:29][cH:30][cH:31][cH:32]1>>[CH3:1][C:2]1=[C:3]([C:4](=[O:5])[N:6]([NH2:7])[c:8]2[cH:9][cH:10][cH:11][cH:12][cH:13]2)[S:14][CH2:15][CH2:16][O:17]1,"[['N:6 - H'], ['N:7 - O:20']]",[['N:6 - N:7']],[],"[(0, 'c1ccccc1[#7&!a;X4&H1&+,X4&H2&+,X4&H3&+,X3&H1&+0,X3&H0&+0,X3&H2&+0;!$([#7][!#6]):2]', 'N:6 - H', 'N', 'SINGLE', 'H', '[c]1[c][c][c][c][c]1[#7;!a;X4H+,X4H2+,X4H3+,X3H+0,X3H0+0,X3H2+0;!$([#7][!#6])]', '[H]')]","[(0, '[#6&X3](=[#8])[#7;H1,H0:1][#7;X3&H1&+0,X3&H2&+0,X3&H0&+0:2]', 'N:6 - N:7', 'N', 'SINGLE', 'N')]","[(1, '[#8]=[#15]([#8]-[#7])(c)c', 'N:7 - O:20', 'O', 'SINGLE', 'N', '[#8]=[#15]([#8])([c])[c]', '[#7]')]","[(0, '[#6](=[#8])[#7]-[#7]', 'N:6 - N:7', 'N', 'SINGLE', 'N', '[#6](=[#8])[#7]', '[#7]')]"
c2,CCC/C=C/C=O.NOP(=O)(c1ccccc1)c1ccccc1>>CCC/C=C/C(N)=O,CCC/C=C/C(N)=O,[CH3:1][CH2:2][CH2:3]/[CH:4]=[CH:5]/[CH:6]=[O:8].[NH2:7][O:11][P:10](=[O:9])([c:12]1[cH:13][cH:14][cH:15][cH:16][cH:17]1)[c:18]1[cH:19][cH:20][cH:21][cH:22][cH:23]1>>[CH3:1][CH2:2][CH2:3]/[CH:4]=[CH:5]/[C:6]([NH2:7])=[O:8],"[['C:6 - H'], ['N:7 - O:11']]",[['C:6 - N:7']],[],"[(0, '[#6&X3&H1:2]=[#8]', 'C:6 - H', 'C', 'SINGLE', 'H', '[#6X3;H1](=[#8])', '[H]')]","[(0, '[#6:1](=[#8])[#7:2]', 'C:6 - N:7', 'C', 'SINGLE', 'N')]","[(1, '[#8]=[#15]([#8]-[#7])(c)c', 'N:7 - O:11', 'O', 'SINGLE', 'N', '[#8]=[#15]([#8])([c])[c]', '[#7]')]","[(0, '[#6](=[#8])-[#7]', 'C:6 - N:7', 'C', 'SINGLE', 'N', '[#6]=[#8]', '[#7]')]"
c2,NC1=NCCS1.NOP(=O)(c1ccccc1)c1ccccc1>>NC1=NNCCS1,NC1=NNCCS1,[NH2:1][C:2]1=[N:4][CH2:5][CH2:6][S:7]1.[NH2:3][O:10][P:9](=[O:8])([c:11]1[cH:12][cH:13][cH:14][cH:15][cH:16]1)[c:17]1[cH:18][cH:19][cH:20][cH:21][cH:22]1>>[NH2:1][C:2]1=[N:3][NH:4][CH2:5][CH2:6][S:7]1,"[['C:2 = N:4'], ['N:3 - O:10', 'N:3 - H']]","[['C:2 = N:3', 'N:4 - H', 'N:3 - N:4']]",[],"[(0, '[#16]1[#6][#6][#7:1]=[#6:2]1', 'C:2 = N:4', 'C', 'DOUBLE', 'N'), (1, '[#7:2]', 'N:3 - H', 'N', 'SINGLE', 'H', '[#7]', '[H]')]","[(0, '[#7]1[#6][#6][#16][#6:1]=[#7:2]1', 'C:2 = N:3', 'C', 'DOUBLE', 'N'), (0, '[#7:2]1[#6][#6][#16][#6]=[#7]1', 'N:4 - H', 'N', 'SINGLE', 'H', '[#7]1[#6][#6][#16][#6]=[#7]1', '[H]'), (0, '[#7:2]1[#6][#6][#16][#6]=[#7:1]1', 'N:3 - N:4', 'N', 'SINGLE', 'N')]","[(0, '[#6]([#16&v2][#6])=[#7]', 'C:2 = N:4', 'C', 'DOUBLE', 'N', '[#6][#16v2][#6]', '[#7]'), (1, '[#8]=[#15]([#8]-[#7])(c)c', 'N:3 - O:10', 'O', 'SINGLE', 'N', '[#8]=[#15]([#8])([c])[c]', '[#7]')]","[(0, '[#6]([#16&v2][#6])=[#7]', 'C:2 = N:3', 'C', 'DOUBLE', 'N', '[#6][#16v2][#6]', '[#7]'), (0, '[#7]-[#7]', 'N:3 - N:4', 'N', 'SINGLE', 'N', '[#7]', '[#7]')]"
c2,NOP(=O)(c1ccccc1)c1ccccc1.c1cncc(N2CCNCC2)c1>>NN1CCN(c2cccnc2)CC1,NN1CCN(c2cccnc2)CC1,[NH2:1][O:16][P:15](=[O:14])([c:17]1[cH:18][cH:19][cH:20][cH:21][cH:22]1)[c:23]1[cH:24][cH:25][cH:26][cH:27][cH:28]1.[NH:2]1[CH2:3][CH2:4][N:5]([c:6]2[cH:7][cH:8][cH:9][n:10][cH:11]2)[CH2:12][CH2:13]1>>[NH2:1][N:2]1[CH2:3][CH2:4][N:5]([c:6]2[cH:7][cH:8][cH:9][n:10][cH:11]2)[CH2:12][CH2:13]1,"[['N:1 - O:16'], ['N:2 - H']]",[['N:1 - N:2']],[],"[(1, '[N:2]1CCNCC1', 'N:2 - H', 'N', 'SINGLE', 'H', '[N]1[C][C][N][C][C]1', '[H]')]","[(0, '[#7;X3&H1&+0,X3&H2&+0,X3&H0&+0:1][#7;X3&H1&+0,X3&H2&+0,X3&H0&+0:2]', 'N:1 - N:2', 'N', 'SINGLE', 'N')]","[(0, '[#8]=[#15]([#8]-[#7])(c)c', 'N:1 - O:16', 'O', 'SINGLE', 'N', '[#8]=[#15]([#8])([c])[c]', '[#7]')]","[(0, 'N1(CCNCC1)-[#7]', 'N:1 - N:2', 'N', 'SINGLE', 'N', '[N]1[C][C][N][C][C]1', '[#7]')]"
c2,CC(C)(C)c1ncc[nH]1.NOP(=O)(c1ccccc1)c1ccccc1>>CC(C)(C)c1n(N)cc[n+]1N,CC(C)(C)c1n(N)cc[n+]1N,[NH2:1][O:12][P:13]([c:14]1[cH:15][cH:16][cH:17][cH:18][cH:19]1)([c:20]1[cH:21][cH:22][cH:23][cH:24][cH:25]1)=[O:26].[CH3:2][C:3]([CH3:4])([c:5]1[n:6][cH:7][cH:8][nH:9]1)[CH3:10].[NH2:11][O:27][P:28]([c:29]1[cH:30][cH:31][cH:32][cH:33][cH:34]1)([c:35]1[cH:36][cH:37][cH:38][cH:39][cH:40]1)=[O:41]>>[NH2:1][n:9]1[c:5]([C:3]([CH3:2])([CH3:4])[CH3:10])[n+:6]([NH2:11])[cH:7][cH:8]1,"[['N:1 - O:12'], ['N:9 - H'], ['N:11 - O:27']]","[['N:6 - N:11', 'N:1 - N:9']]",[],"[(1, '[#7]1[#6][#7:2][#6][#6]1', 'N:9 - H', 'N', 'SINGLE', 'H', '[#7]1[#6][#7][#6][#6]1', '[H]')]","[(0, '[#7;X3&H1&+0,X3&H2&+0,X3&H0&+0:1][#7;X3&H1&+0,X3&H2&+0,X3&H0&+0:2]', 'N:1 - N:9', 'N', 'SINGLE', 'N')]","[(0, '[#8]=[#15]([#8]-[#7])(c)c', 'N:1 - O:12', 'O', 'SINGLE', 'N', '[#8]=[#15]([#8])([c])[c]', '[#7]'), (2, '[#8]=[#15]([#8]-[#7])(c)c', 'N:11 - O:27', 'O', 'SINGLE', 'N', '[#8]=[#15]([#8])([c])[c]', '[#7]')]","[(0, '[#7]1([#6][#7][#6][#6]1)-[#7]', 'N:6 - N:11', 'N', 'SINGLE', 'N', '[#7]1[#6][#7][#6][#6]1', '[#7]'), (0, '[#7]1([#6][#7][#6][#6]1)-[#7]', 'N:1 - N:9', 'N', 'SINGLE', 'N', '[#7]1[#6][#7][#6][#6]1', '[#7]')]"
c2,NOP(=O)(c1ccccc1)c1ccccc1.SC1=NCCS1>>SC1=NNCCS1,SC1=NNCCS1,[NH2:3][O:10][P:9](=[O:8])([c:11]1[cH:12][cH:13][cH:14][cH:15][cH:16]1)[c:17]1[cH:18][cH:19][cH:20][cH:21][cH:22]1.[SH:1][C:2]1=[N:4][CH2:5][CH2:6][S:7]1>>[SH:1][C:2]1=[N:3][NH:4][CH2:5][CH2:6][S:7]1,"[['N:3 - O:10', 'N:3 - H'], ['C:2 = N:4']]","[['C:2 = N:3', 'N:4 - H', 'N:3 - N:4']]",[],"[(0, '[#7:2]', 'N:3 - H', 'N', 'SINGLE', 'H', '[#7]', '[H]'), (1, '[#16]1[#6][#6][#7:1]=[#6:2]1', 'C:2 = N:4', 'C', 'DOUBLE', 'N')]","[(0, '[#7]1[#6][#6][#16][#6:1]=[#7:2]1', 'C:2 = N:3', 'C', 'DOUBLE', 'N'), (0, '[#7:2]1[#6][#6][#16][#6]=[#7]1', 'N:4 - H', 'N', 'SINGLE', 'H', '[#7]1[#6][#6][#16][#6]=[#7]1', '[H]'), (0, '[#7:2]1[#6][#6][#16][#6]=[#7:1]1', 'N:3 - N:4', 'N', 'SINGLE', 'N')]","[(0, '[#8]=[#15]([#8]-[#7])(c)c', 'N:3 - O:10', 'O', 'SINGLE', 'N', '[#8]=[#15]([#8])([c])[c]', '[#7]'), (1, '[#6&!$(C#N)]([#16&v2&H1])=[#7]', 'C:2 = N:4', 'C', 'DOUBLE', 'N', '[#6&!$([C]#[N])][#16v2H1]', '[#7]')]","[(0, '[#6&!$(C#N)]([#16&v2&H1])=[#7]', 'C:2 = N:3', 'C', 'DOUBLE', 'N', '[#6&!$([C]#[N])][#16v2H1]', '[#7]'), (0, '[#7]-[#7]', 'N:3 - N:4', 'N', 'SINGLE', 'N', '[#7]', '[#7]')]"
c2,NOP(=O)(c1ccccc1)c1ccccc1.O=C1c2ccccc2-c2cccc(B(O)O)c21>>O/N=C1\c2ccccc2-c2cccc(B(O)O)c21,O/N=C1\c2ccccc2-c2cccc(B(O)O)c21,[H][O:18][H].[NH2:2][O:1]P(c1ccccc1)(c2ccccc2)=O.O=[C:3]3[c:4]4[c:9]([c:10]5[c:17]3[c:14]([B:15](O)[OH:16])[cH:13][cH:12][cH:11]5)[cH:8][cH:7][cH:6][cH:5]4>>[OH:1]/[N:2]=[C:3]6[c:4]7[c:9]([c:10]8[c:17]\6[c:14]([B:15]([OH:18])[OH:16])[cH:13][cH:12][cH:11]8)[cH:8][cH:7][cH:6][cH:5]7,"[['N:2 - H', 'O:1 - P:20'], ['C:3 = O:33']]","[['C:3 = N:2', 'O:1 - H']]",[],[],"[(0, '[#6&X3:1]=[#7:2][#8&X2&H1]', 'C:3 = N:2', 'C', 'DOUBLE', 'N'), (0, '[#7][#8&X2&H1:2]', 'O:1 - H', 'O', 'SINGLE', 'H', '[#7][#8X2H]', '[H]')]",[],"[(0, 'C1(-c2ccccc2-c2ccccc2-1)=[#7][#8&X2&H1]', 'C:3 = N:2', 'C', 'DOUBLE', 'N', '[C]1-[c]2[c][c][c][c][c]2-[c]2[c][c][c][c][c]2-1', '[#7][#8X2H]')]"
c2,NOP(=O)(c1ccccc1)c1ccccc1.O=C1NC(=O)C2=C1CCCC2>>NN1C(=O)C2=C(CCCC2)C1=O,NN1C(=O)C2=C(CCCC2)C1=O,[NH2:1][O:15][P:14](=[O:13])([c:16]1[cH:17][cH:18][cH:19][cH:20][cH:21]1)[c:22]1[cH:23][cH:24][cH:25][cH:26][cH:27]1.[NH:2]1[C:3](=[O:4])[C:5]2=[C:6]([CH2:7][CH2:8][CH2:9][CH2:10]2)[C:11]1=[O:12]>>[NH2:1][N:2]1[C:3](=[O:4])[C:5]2=[C:6]([CH2:7][CH2:8][CH2:9][CH2:10]2)[C:11]1=[O:12],"[['N:1 - O:15'], ['N:2 - H']]",[['N:1 - N:2']],[],"[(1, '[#6]1(=[#8])[#6]=[#6][#6](=[#8])[#7:2]1', 'N:2 - H', 'N', 'SINGLE', 'H', '[#6]1(=[#8])[#6]=[#6][#6](=[#8])[#7]1', '[H]')]","[(0, '[#6&X3](=[#8])[#7;H1,H0:1][#7;X3&H1&+0,X3&H2&+0,X3&H0&+0:2]', 'N:1 - N:2', 'N', 'SINGLE', 'N')]","[(0, '[#8]=[#15]([#8]-[#7])(c)c', 'N:1 - O:15', 'O', 'SINGLE', 'N', '[#8]=[#15]([#8])([c])[c]', '[#7]')]","[(0, '[#6]1(=[#8])[#6]=[#6][#6](=[#8])[#7]1-[#7]', 'N:1 - N:2', 'N', 'SINGLE', 'N', '[#6]1(=[#8])[#6]=[#6][#6](=[#8])[#7]1', '[#7]')]"
c3,NOP(=O)(c1ccccc1)c1ccccc1.c1ccc2[nH]ncc2c1>>Nn1ncc2ccccc21,Nn1ncc2ccccc21,[NH2:1][O:13][P:12](=[O:11])([c:14]1[cH:15][cH:16][cH:17][cH:18][cH:19]1)[c:20]1[cH:21][cH:22][cH:23][cH:24][cH:25]1.[nH:2]1[n:3][cH:4][c:5]2[cH:6][cH:7][cH:8][cH:9][c:10]12>>[NH2:1][n:2]1[n:3][cH:4][c:5]2[cH:6][cH:7][cH:8][cH:9][c:10]12,"[['N:1 - O:13'], ['N:2 - H']]",[['N:1 - N:2']],[],"[(1, 'c12[n:2]ncc1cccc2', 'N:2 - H', 'N', 'SINGLE', 'H', '[c]1([n][n][c]2)[c]2[c][c][c][c]1', '[H]')]","[(0, '[#7;X3&H1&+0,X3&H2&+0,X3&H0&+0:1][#7;X3&H1&+0,X3&H2&+0,X3&H0&+0:2]', 'N:1 - N:2', 'N', 'SINGLE', 'N')]","[(0, '[#8]=[#15]([#8]-[#7])(c)c', 'N:1 - O:13', 'O', 'SINGLE', 'N', '[#8]=[#15]([#8])([c])[c]', '[#7]')]","[(0, '[#6]1[#7]([#7][#6][#6]1)-[#7]', 'N:1 - N:2', 'N', 'SINGLE', 'N', '[#6]1[#7][#7][#6][#6]1', '[#7]')]"
c3,Cc1c[nH]cn1.NOP(=O)(c1ccccc1)c1ccccc1>>Cc1cn(N)c[n+]1N,Cc1cn(N)c[n+]1N,[NH2:8][O:9][P:10]([c:11]1[cH:12][cH:13][cH:14][cH:15][cH:16]1)([c:17]1[cH:18][cH:19][cH:20][cH:21][cH:22]1)=[O:23].[CH3:1][c:2]1[cH:3][nH:4][cH:5][n:6]1.[NH2:7][O:24][P:25]([c:26]1[cH:27][cH:28][cH:29][cH:30][cH:31]1)([c:32]1[cH:33][cH:34][cH:35][cH:36][cH:37]1)=[O:38]>>[CH3:1][c:2]1[cH:3][n:4]([NH2:7])[cH:5][n+:6]1[NH2:8],"[['N:8 - O:9'], ['N:4 - H'], ['N:7 - O:24']]","[['N:4 - N:7', 'N:6 - N:8']]",[],"[(1, '[#7:2]1[#6][#7][#6][#6]1', 'N:4 - H', 'N', 'SINGLE', 'H', '[#7]1[#6][#7][#6][#6]1', '[H]')]","[(0, '[#7;X3&H1&+0,X3&H2&+0,X3&H0&+0:1][#7;X3&H1&+0,X3&H2&+0,X3&H0&+0:2]', 'N:4 - N:7', 'N', 'SINGLE', 'N')]","[(0, '[#8]=[#15]([#8]-[#7])(c)c', 'N:8 - O:9', 'O', 'SINGLE', 'N', '[#8]=[#15]([#8])([c])[c]', '[#7]'), (2, '[#8]=[#15]([#8]-[#7])(c)c', 'N:7 - O:24', 'O', 'SINGLE', 'N', '[#8]=[#15]([#8])([c])[c]', '[#7]')]","[(0, '[#7]1([#6][#7][#6][#6]1)-[#7]', 'N:4 - N:7', 'N', 'SINGLE', 'N', '[#7]1[#6][#7][#6][#6]1', '[#7]'), (0, '[#7]1([#6][#7][#6][#6]1)-[#7]', 'N:6 - N:8', 'N', 'SINGLE', 'N', '[#7]1[#6][#7][#6][#6]1', '[#7]')]"
c3,C1=Cc2ccccc2CC1.NOP(=O)(c1ccccc1)c1ccccc1>>NC1c2ccccc2CCC1OP(=O)(c1ccccc1)c1ccccc1,NC1c2ccccc2CCC1OP(=O)(c1ccccc1)c1ccccc1,[CH:2]1=[CH:11][CH2:10][CH2:9][c:8]2[c:3]1[cH:4][cH:5][cH:6][cH:7]2.[NH2:1][O:12][P:13](=[O:14])([c:15]1[cH:16][cH:17][cH:18][cH:19][cH:20]1)[c:21]1[cH:22][cH:23][cH:24][cH:25][cH:26]1>>[NH2:1][CH:2]1[c:3]2[cH:4][cH:5][cH:6][cH:7][c:8]2[CH2:9][CH2:10][CH:11]1[O:12][P:13](=[O:14])([c:15]1[cH:16][cH:17][cH:18][cH:19][cH:20]1)[c:21]1[cH:22][cH:23][cH:24][cH:25][cH:26]1,"[None, ['N:1 - O:12']]","[['C:2 - N:1', 'C:11 - O:12']]",['C:2 = C:11 -> C:2 - C:11'],[],"[(0, '[#7&X3&H2:1][#6:2]', 'C:2 - N:1', 'C', 'SINGLE', 'N')]","[(1, '[#8]=[#15]([#8]-[#7])(c)c', 'N:1 - O:12', 'O', 'SINGLE', 'N', '[#8]=[#15]([#8])([c])[c]', '[#7]')]","[(0, 'c1ccccc1[#6&X4]-[#7]', 'C:2 - N:1', 'C', 'SINGLE', 'N', '[c]1[c][c][c][c][c]1[#6X4]', '[#7]'), (0, '[#8]=[#15]([#8]-[#6])(c)c', 'C:11 - O:12', 'O', 'SINGLE', 'C', '[#8]=[#15]([#8])([c])[c]', '[#6]')]"
c3,NOP(=O)(c1ccccc1)c1ccccc1.c1ccc2[nH]cnc2c1>>Nn1c[n+](N)c2ccccc21,Nn1c[n+](N)c2ccccc21,[NH2:1][O:12][P:13]([c:14]1[cH:15][cH:16][cH:17][cH:18][cH:19]1)([c:20]1[cH:21][cH:22][cH:23][cH:24][cH:25]1)=[O:26].[NH2:11][O:27][P:28]([c:29]1[cH:30][cH:31][cH:32][cH:33][cH:34]1)([c:35]1[cH:36][cH:37][cH:38][cH:39][cH:40]1)=[O:41].[n:2]1[cH:3][nH:4][c:5]2[c:6]1[cH:7][cH:8][cH:9][cH:10]2>>[NH2:1][n+:4]1[cH:3][n:2]([NH2:11])[c:6]2[c:5]1[cH:10][cH:9][cH:8][cH:7]2,"[['N:1 - O:12'], ['N:11 - O:27'], ['N:4 - H']]","[['N:1 - N:4', 'N:2 - N:11']]",[],"[(2, 'c12[n:2]cnc1cccc2', 'N:4 - H', 'N', 'SINGLE', 'H', '[c]1([n][c][n]2)[c]2[c][c][c][c]1', '[H]')]","[(0, '[#7;X3&H1&+0,X3&H2&+0,X3&H0&+0:1][#7;X3&H1&+0,X3&H2&+0,X3&H0&+0:2]', 'N:2 - N:11', 'N', 'SINGLE', 'N')]","[(0, '[#8]=[#15]([#8]-[#7])(c)c', 'N:1 - O:12', 'O', 'SINGLE', 'N', '[#8]=[#15]([#8])([c])[c]', '[#7]'), (1, '[#8]=[#15]([#8]-[#7])(c)c', 'N:11 - O:27', 'O', 'SINGLE', 'N', '[#8]=[#15]([#8])([c])[c]', '[#7]')]","[(0, '[#7]1([#6][#7][#6][#6]1)-[#7]', 'N:1 - N:4', 'N', 'SINGLE', 'N', '[#7]1[#6][#7][#6][#6]1', '[#7]'), (0, '[#7]1([#6][#7][#6][#6]1)-[#7]', 'N:2 - N:11', 'N', 'SINGLE', 'N', '[#7]1[#6][#7][#6][#6]1', '[#7]')]"
c3,CC1=CCCCC1.NOP(=O)(c1ccccc1)c1ccccc1>>CC1(N)CCCCC1OP(=O)(c1ccccc1)c1ccccc1,CC1(N)CCCCC1OP(=O)(c1ccccc1)c1ccccc1,[CH3:1][C:2]1=[CH:8][CH2:7][CH2:6][CH2:5][CH2:4]1.[NH2:3][O:9][P:10](=[O:11])([c:12]1[cH:13][cH:14][cH:15][cH:16][cH:17]1)[c:18]1[cH:19][cH:20][cH:21][cH:22][cH:23]1>>[CH3:1][C:2]1([NH2:3])[CH2:4][CH2:5][CH2:6][CH2:7][CH:8]1[O:9][P:10](=[O:11])([c:12]1[cH:13][cH:14][cH:15][cH:16][cH:17]1)[c:18]1[cH:19][cH:20][cH:21][cH:22][cH:23]1,"[None, ['N:3 - O:9']]","[['C:8 - O:9', 'C:2 - N:3']]",['C:2 = C:8 -> C:2 - C:8'],[],"[(0, '[#7&X3&H2:1][#6:2]', 'C:2 - N:3', 'C', 'SINGLE', 'N')]","[(1, '[#8]=[#15]([#8]-[#7])(c)c', 'N:3 - O:9', 'O', 'SINGLE', 'N', '[#8]=[#15]([#8])([c])[c]', '[#7]')]","[(0, '[#8]=[#15]([#8]-[#6])(c)c', 'C:8 - O:9', 'O', 'SINGLE', 'C', '[#8]=[#15]([#8])([c])[c]', '[#6]'), (0, '[#6]-[#7]', 'C:2 - N:3', 'C', 'SINGLE', 'N', '[#6]', '[#7]')]"
c3,Cc1ccc2[nH]cnc2c1.NOP(=O)(c1ccccc1)c1ccccc1>>Cc1ccc2c(c1)[n+](N)cn2N,Cc1ccc2c(c1)[n+](N)cn2N,[CH3:1][c:2]1[cH:3][cH:4][c:5]2[c:6]([cH:7]1)[n:8][cH:9][nH:10]2.[NH2:11][O:13][P:14]([c:15]1[cH:16][cH:17][cH:18][cH:19][cH:20]1)([c:21]1[cH:22][cH:23][cH:24][cH:25][cH:26]1)=[O:27].[NH2:12][O:28][P:29]([c:30]1[cH:31][cH:32][cH:33][cH:34][cH:35]1)([c:36]1[cH:37][cH:38][cH:39][cH:40][cH:41]1)=[O:42]>>[CH3:1][c:2]1[cH:3][cH:4][c:5]2[c:6]([cH:7]1)[n+:8]([NH2:12])[cH:9][n:10]2[NH2:11],"[['N:10 - H'], ['N:11 - O:13'], ['N:12 - O:28']]","[['N:8 - N:12', 'N:10 - N:11']]",[],"[(0, 'c12[n:2]cnc1cccc2', 'N:10 - H', 'N', 'SINGLE', 'H', '[c]1([n][c][n]2)[c]2[c][c][c][c]1', '[H]')]","[(0, '[#7;X3&H1&+0,X3&H2&+0,X3&H0&+0:1][#7;X3&H1&+0,X3&H2&+0,X3&H0&+0:2]', 'N:10 - N:11', 'N', 'SINGLE', 'N')]","[(1, '[#8]=[#15]([#8]-[#7])(c)c', 'N:11 - O:13', 'O', 'SINGLE', 'N', '[#8]=[#15]([#8])([c])[c]', '[#7]'), (2, '[#8]=[#15]([#8]-[#7])(c)c', 'N:12 - O:28', 'O', 'SINGLE', 'N', '[#8]=[#15]([#8])([c])[c]', '[#7]')]","[(0, '[#7]1([#6][#7][#6][#6]1)-[#7]', 'N:8 - N:12', 'N', 'SINGLE', 'N', '[#7]1[#6][#7][#6][#6]1', '[#7]'), (0, '[#7]1([#6][#7][#6][#6]1)-[#7]', 'N:10 - N:11', 'N', 'SINGLE', 'N', '[#7]1[#6][#7][#6][#6]1', '[#7]')]"
c3,CN1CCCc2ccccc21.NOP(=O)(c1ccccc1)c1ccccc1>>CN1CCCc2cccc(N)c21,CN1CCCc2cccc(N)c21,[CH3:1][N:2]1[CH2:3][CH2:4][CH2:5][c:6]2[cH:7][cH:8][cH:9][cH:10][c:12]21.[NH2:11][O:15][P:14](=[O:13])([c:16]1[cH:17][cH:18][cH:19][cH:20][cH:21]1)[c:22]1[cH:23][cH:24][cH:25][cH:26][cH:27]1>>[CH3:1][N:2]1[CH2:3][CH2:4][CH2:5][c:6]2[cH:7][cH:8][cH:9][c:10]([NH2:11])[c:12]21,"[['C:10 - H'], ['N:11 - O:15']]",[['C:10 - N:11']],[],"[(0, '[#6]12[#6][#6][#6][#7][#6]1[#6:2][#6][#6][#6]2', 'C:10 - H', 'C', 'SINGLE', 'H', '[#6]1([#6][#6][#6][#7]2)[#6]2[#6][#6][#6][#6]1', '[H]')]","[(0, '[#7&X3&H2:1][#6:2]', 'C:10 - N:11', 'C', 'SINGLE', 'N')]","[(1, '[#8]=[#15]([#8]-[#7])(c)c', 'N:11 - O:15', 'O', 'SINGLE', 'N', '[#8]=[#15]([#8])([c])[c]', '[#7]')]","[(0, '[#6]12[#6][#6][#6][#7][#6]1[#6]([#6][#6][#6]2)-[#7]', 'C:10 - N:11', 'C', 'SINGLE', 'N', '[#6]1([#6][#6][#6][#7]2)[#6]2[#6][#6][#6][#6]1', '[#7]')]"
c3,Brc1ccc2sccc2c1.NOP(=O)(c1ccccc1)c1ccccc1>>O=S1C=Cc2cc(Br)ccc21,O=S1C=Cc2cc(Br)ccc21,[H][O:11][H].[Br:7][c:6]1[cH:8][cH:9][c:10]([s:1][cH:2][cH:3]2)[c:4]2[cH:5]1.NOP(c3ccccc3)(c4ccccc4)=O>>[O:11]=[S:1]5[CH:2]=[CH:3][c:4]6[c:10]5[cH:9][cH:8][c:6]([Br:7])[cH:5]6,"[None, ['N:12 - O:1', 'O:1 - P:13']]",[['O:1 = S:2']],"['C:3 aromatic C:4 -> C:3 = C:4', 'C:11 aromatic S:2 -> C:11 - S:2', 'C:4 aromatic C:5 -> C:4 - C:5', 'C:3 aromatic S:2 -> C:3 - S:2']",[],"[(0, '[#6]1[#6]=[#6:1][#16:2][#6]1', 'O:1 = S:2', 'O', 'DOUBLE', 'S')]",[],[]
c3,C[PH](C)=O.NOP(=O)(c1ccccc1)c1ccccc1>>CP(C)(N)=O,CP(C)(N)=O,[CH3:1][PH:2]([CH3:3])=[O:5].[NH2:4][O:8][P:7](=[O:6])([c:9]1[cH:10][cH:11][cH:12][cH:13][cH:14]1)[c:15]1[cH:16][cH:17][cH:18][cH:19][cH:20]1>>[CH3:1][P:2]([CH3:3])([NH2:4])=[O:5],"[['P:2 - H'], ['N:4 - O:8']]",[['N:4 - P:2']],[],"[(0, '[#8]=[#15:2]([#6])[#6]', 'P:2 - H', 'P', 'SINGLE', 'H', '[#8]=[#15]([#6])[#6]', '[H]')]","[(0, '[#8]=[#15:1]([#7:2])([#6])[#6]', 'N:4 - P:2', 'N', 'SINGLE', 'P')]","[(1, '[#8]=[#15]([#8]-[#7])(c)c', 'N:4 - O:8', 'O', 'SINGLE', 'N', '[#8]=[#15]([#8])([c])[c]', '[#7]')]","[(0, '[#8]=[#15]([#6])([#6])-[#7]', 'N:4 - P:2', 'P', 'SINGLE', 'N', '[#8]=[#15]([#6])[#6]', '[#7]')]"
c3,Cn1cnc2ccccc21.NOP(=O)(c1ccccc1)c1ccccc1>>Cn1c[n+](N)c2ccccc21,Cn1c[n+](N)c2ccccc21,[CH3:1][n:2]1[cH:3][n:4][c:6]2[cH:7][cH:8][cH:9][cH:10][c:11]12.[NH2:5][O:14][P:13](=[O:12])([c:15]1[cH:16][cH:17][cH:18][cH:19][cH:20]1)[c:21]1[cH:22][cH:23][cH:24][cH:25][cH:26]1>>[CH3:1][n:2]1[cH:3][n+:4]([NH2:5])[c:6]2[cH:7][cH:8][cH:9][cH:10][c:11]12,"[None, ['N:5 - O:14']]",[['N:4 - N:5']],[],[],[],"[(1, '[#8]=[#15]([#8]-[#7])(c)c', 'N:5 - O:14', 'O', 'SINGLE', 'N', '[#8]=[#15]([#8])([c])[c]', '[#7]')]","[(0, '[#7]1([#6][#7][#6][#6]1)-[#7]', 'N:4 - N:5', 'N', 'SINGLE', 'N', '[#7]1[#6][#7][#6][#6]1', '[#7]')]"
c3,NOP(=O)(c1ccccc1)c1ccccc1.c1ccc(-c2ccncc2)cc1>>N[n+]1ccc(-c2ccccc2)cc1,N[n+]1ccc(-c2ccccc2)cc1,[NH2:1][O:16][P:15](=[O:14])([c:17]1[cH:18][cH:19][cH:20][cH:21][cH:22]1)[c:23]1[cH:24][cH:25][cH:26][cH:27][cH:28]1.[n:2]1[cH:3][cH:4][c:5](-[c:6]2[cH:7][cH:8][cH:9][cH:10][cH:11]2)[cH:12][cH:13]1>>[NH2:1][n+:2]1[cH:3][cH:4][c:5](-[c:6]2[cH:7][cH:8][cH:9][cH:10][cH:11]2)[cH:12][cH:13]1,"[['N:1 - O:16'], None]",[['N:1 - N:2']],[],[],"[(0, '[N:1][n&+:2]1ccccc1', 'N:1 - N:2', 'N', 'SINGLE', 'N')]","[(0, '[#8]=[#15]([#8]-[#7])(c)c', 'N:1 - O:16', 'O', 'SINGLE', 'N', '[#8]=[#15]([#8])([c])[c]', '[#7]')]","[(0, '[#6]1[#6][#6][#7]([#6][#6]1)-[#7]', 'N:1 - N:2', 'N', 'SINGLE', 'N', '[#6]1[#6][#6][#7][#6][#6]1', '[#7]')]"
c3,NOP(=O)(c1ccccc1)c1ccccc1.c1ccc(-c2ncc[nH]2)cc1>>Nn1cc[n+](N)c1-c1ccccc1,Nn1cc[n+](N)c1-c1ccccc1,[NH2:1][O:14][P:15]([c:16]1[cH:17][cH:18][cH:19][cH:20][cH:21]1)([c:22]1[cH:23][cH:24][cH:25][cH:26][cH:27]1)=[O:28].[NH2:2][O:29][P:30]([c:31]1[cH:32][cH:33][cH:34][cH:35][cH:36]1)([c:37]1[cH:38][cH:39][cH:40][cH:41][cH:42]1)=[O:43].[n:3]1[cH:4][cH:5][nH:6][c:7]1-[c:8]1[cH:9][cH:10][cH:11][cH:12][cH:13]1>>[NH2:1][n+:3]1[cH:4][cH:5][n:6]([NH2:2])[c:7]1-[c:8]1[cH:9][cH:10][cH:11][cH:12][cH:13]1,"[['N:1 - O:14'], ['N:2 - O:29'], ['N:6 - H']]","[['N:1 - N:3', 'N:2 - N:6']]",[],"[(2, '[#7]1[#6][#7:2][#6][#6]1', 'N:6 - H', 'N', 'SINGLE', 'H', '[#7]1[#6][#7][#6][#6]1', '[H]')]","[(0, '[#7;X3&H1&+0,X3&H2&+0,X3&H0&+0:1][#7;X3&H1&+0,X3&H2&+0,X3&H0&+0:2]', 'N:2 - N:6', 'N', 'SINGLE', 'N')]","[(0, '[#8]=[#15]([#8]-[#7])(c)c', 'N:1 - O:14', 'O', 'SINGLE', 'N', '[#8]=[#15]([#8])([c])[c]', '[#7]'), (1, '[#8]=[#15]([#8]-[#7])(c)c', 'N:2 - O:29', 'O', 'SINGLE', 'N', '[#8]=[#15]([#8])([c])[c]', '[#7]')]","[(0, '[#7]1([#6][#7][#6][#6]1)-[#7]', 'N:1 - N:3', 'N', 'SINGLE', 'N', '[#7]1[#6][#7][#6][#6]1', '[#7]'), (0, '[#7]1([#6][#7][#6][#6]1)-[#7]', 'N:2 - N:6', 'N', 'SINGLE', 'N', '[#7]1[#6][#7][#6][#6]1', '[#7]')]"
c3,NOP(=O)(c1ccccc1)c1ccccc1.c1ccc(-c2ncc[nH]2)cc1>>Nn1ccnc1-c1ccccc1,Nn1ccnc1-c1ccccc1,[NH2:1][O:15][P:14](=[O:13])([c:16]1[cH:17][cH:18][cH:19][cH:20][cH:21]1)[c:22]1[cH:23][cH:24][cH:25][cH:26][cH:27]1.[nH:2]1[cH:3][cH:4][n:5][c:6]1-[c:7]1[cH:8][cH:9][cH:10][cH:11][cH:12]1>>[NH2:1][n:2]1[cH:3][cH:4][n:5][c:6]1-[c:7]1[cH:8][cH:9][cH:10][cH:11][cH:12]1,"[['N:1 - O:15'], ['N:2 - H']]",[['N:1 - N:2']],[],"[(1, '[#7:2]1[#6][#7][#6][#6]1', 'N:2 - H', 'N', 'SINGLE', 'H', '[#7]1[#6][#7][#6][#6]1', '[H]')]","[(0, '[#7;X3&H1&+0,X3&H2&+0,X3&H0&+0:1][#7;X3&H1&+0,X3&H2&+0,X3&H0&+0:2]', 'N:1 - N:2', 'N', 'SINGLE', 'N')]","[(0, '[#8]=[#15]([#8]-[#7])(c)c', 'N:1 - O:15', 'O', 'SINGLE', 'N', '[#8]=[#15]([#8])([c])[c]', '[#7]')]","[(0, '[#7]1([#6][#7][#6][#6]1)-[#7]', 'N:1 - N:2', 'N', 'SINGLE', 'N', '[#7]1[#6][#7][#6][#6]1', '[#7]')]"
c3,Cc1c2ccccc2nc2ccccc12.NOP(=O)(c1ccccc1)c1ccccc1>>Cc1nn(-c2ccccc2)c2ccccc12,Cc1nn(-c2ccccc2)c2ccccc12,[CH3:1][c:2]1[c:10]2[c:5]([n:4][c:11]3[cH:12][cH:13][cH:14][cH:15][c:16]13)[cH:6][cH:7][cH:8][cH:9]2.[NH2:3][O:19][P:18](=[O:17])([c:20]1[cH:21][cH:22][cH:23][cH:24][cH:25]1)[c:26]1[cH:27][cH:28][cH:29][cH:30][cH:31]1>>[CH3:1][c:2]1[n:3][n:4](-[c:5]2[cH:6][cH:7][cH:8][cH:9][cH:10]2)[c:11]2[cH:12][cH:13][cH:14][cH:15][c:16]12,"[['C:2 aromatic C:10'], ['N:3 - O:19', 'N:3 - H']]","[['C:10 - H', 'N:3 aromatic N:4', 'C:2 aromatic N:3']]",['C:5 aromatic N:4 -> C:5 - N:4'],"[(0, '[#6:1]12[#6:2][#6][#6][#7][#6]1[#6][#6][#6][#6]2', 'C:2 aromatic C:10', 'C', 'AROMATIC', 'C'), (1, '[#7:2]', 'N:3 - H', 'N', 'SINGLE', 'H', '[#7]', '[H]')]","[(0, 'c1cccc[c:2]1', 'C:10 - H', 'C', 'SINGLE', 'H', '[c]1[c][c][c][c][c]1', '[H]'), (0, '[#6]1[#7:1][#7:2][#6][#6]1', 'N:3 aromatic N:4', 'N', 'AROMATIC', 'N'), (0, '[#6:1]1[#7:2][#7][#6][#6]1', 'C:2 aromatic N:3', 'C', 'AROMATIC', 'N')]","[(1, '[#8]=[#15]([#8]-[#7])(c)c', 'N:3 - O:19', 'O', 'SINGLE', 'N', '[#8]=[#15]([#8])([c])[c]', '[#7]')]",[]
c3,NOP(=O)(c1ccccc1)c1ccccc1.c1ccc2c(c1)NCCS2>>O=S1CCNc2ccccc21,O=S1CCNc2ccccc21,[H][O:11][H].NOP(c1ccccc1)(c2ccccc2)=O.[c:5]34[c:10]([S:1][CH2:2][CH2:3][NH:4]4)[cH:9][cH:8][cH:7][cH:6]3>>[O:11]=[S:1]5[CH2:2][CH2:3][NH:4][c:5]6[c:10]5[cH:9][cH:8][cH:7][cH:6]6,"[['N:12 - O:1', 'O:1 - P:13'], None]",[['O:1 = S:2']],[],[],"[(0, '[#7]1[#6][#6:1][#16:2][#6][#6]1', 'O:1 = S:2', 'O', 'DOUBLE', 'S')]",[],[]
c3,CN1CCCc2ccc([N+](=O)[O-])cc21.NOP(=O)(c1ccccc1)c1ccccc1>>C[N+]1(N)CCCc2ccc([N+](=O)[O-])cc21,C[N+]1(N)CCCc2ccc([N+](=O)[O-])cc21,[CH3:1][N:2]1[CH2:4][CH2:5][CH2:6][c:7]2[cH:8][cH:9][c:10]([N+:11](=[O:12])[O-:13])[cH:14][c:15]21.[NH2:3][O:18][P:17](=[O:16])([c:19]1[cH:20][cH:21][cH:22][cH:23][cH:24]1)[c:25]1[cH:26][cH:27][cH:28][cH:29][cH:30]1>>[CH3:1][N+:2]1([NH2:3])[CH2:4][CH2:5][CH2:6][c:7]2[cH:8][cH:9][c:10]([N+:11](=[O:12])[O-:13])[cH:14][c:15]21,"[None, ['N:3 - O:18']]",[['N:2 - N:3']],[],[],"[(0, '[#6][#7&+:1]([#7:2])([#6])[#6]', 'N:2 - N:3', 'N', 'SINGLE', 'N')]","[(1, '[#8]=[#15]([#8]-[#7])(c)c', 'N:3 - O:18', 'O', 'SINGLE', 'N', '[#8]=[#15]([#8])([c])[c]', '[#7]')]","[(0, '[#6]12[#6][#6][#6][#7]([#6]1[#6][#6][#6][#6]2)-[#7]', 'N:2 - N:3', 'N', 'SINGLE', 'N', '[#6]1([#6][#6][#6][#7]2)[#6]2[#6][#6][#6][#6]1', '[#7]')]"
c3,C1=NCCc2ccccc21.NOP(=O)(c1ccccc1)c1ccccc1>>c1ccc2c(c1)CCN1N=C3c4ccccc4CCN3N=C21,c1ccc2c(c1)CCN1N=C3c4ccccc4CCN3N=C21,[NH2:22][O:23][P:24]([c:25]1[cH:26][cH:27][cH:28][cH:29][cH:30]1)([c:31]1[cH:32][cH:33][cH:34][cH:35][cH:36]1)=[O:37].[NH2:21][O:38][P:39]([c:40]1[cH:41][cH:42][cH:43][cH:44][cH:45]1)([c:46]1[cH:47][cH:48][cH:49][cH:50][cH:51]1)=[O:52].[cH:1]1[cH:2][cH:3][c:4]2[c:5]([cH:6]1)[CH2:7][CH2:8][N:9]=[CH:10]2.[cH:11]1[cH:12][cH:13][c:14]2[c:15]([cH:16]1)[CH2:17][CH2:18][N:19]=[CH:20]2>>[cH:1]1[cH:2][cH:3][c:4]2[c:5]([cH:6]1)[CH2:7][CH2:8][N:9]1[C:10]2=[N:22][N:19]2[CH2:18][CH2:17][c:15]3[c:14]([cH:13][cH:12][cH:11][cH:16]3)[C:20]2=[N:21]1,"[['N:22 - H', 'N:22 - O:23'], ['N:21 - O:38', 'N:21 - H'], ['C:10 - H'], ['C:20 - H']]","[['C:10 = N:22', 'N:9 - N:21', 'C:20 = N:21', 'N:19 - N:22']]","['C:10 = N:9 -> C:10 - N:9', 'C:20 = N:19 -> C:20 - N:19']","[(0, '[#7:2]', 'N:22 - H', 'N', 'SINGLE', 'H', '[#7]', '[H]'), (1, '[#7:2]', 'N:21 - H', 'N', 'SINGLE', 'H', '[#7]', '[H]'), (2, '[#7]1=[#6:2][#6][#6][#6][#6]1', 'C:10 - H', 'C', 'SINGLE', 'H', '[#7]1=[#6][#6][#6][#6][#6]1', '[H]'), (3, '[#7]1=[#6:2][#6][#6][#6][#6]1', 'C:20 - H', 'C', 'SINGLE', 'H', '[#7]1=[#6][#6][#6][#6][#6]1', '[H]')]","[(0, '[#7][#7&X2:1]=[#6&X3:2]', 'C:10 = N:22', 'C', 'DOUBLE', 'N'), (0, '[#7:1][#7&X2:2]=[#6&X3]', 'N:9 - N:21', 'N', 'SINGLE', 'N'), (0, '[#7][#7&X2:1]=[#6&X3:2]', 'C:20 = N:21', 'C', 'DOUBLE', 'N'), (0, '[#7:1][#7&X2:2]=[#6&X3]', 'N:19 - N:22', 'N', 'SINGLE', 'N')]","[(0, '[#8]=[#15]([#8]-[#7])(c)c', 'N:22 - O:23', 'O', 'SINGLE', 'N', '[#8]=[#15]([#8])([c])[c]', '[#7]'), (1, '[#8]=[#15]([#8]-[#7])(c)c', 'N:21 - O:38', 'O', 'SINGLE', 'N', '[#8]=[#15]([#8])([c])[c]', '[#7]')]","[(0, '[#6]12[#6][#6][#7][#6]([#6]1[#6][#6][#6][#6]2)=[#7]', 'C:10 = N:22', 'C', 'DOUBLE', 'N', '[#6]1([#6][#6][#7][#6]2)[#6]2[#6][#6][#6][#6]1', '[#7]'), (0, '[#6]12[#6][#6][#7]([#6][#6]1[#6][#6][#6][#6]2)-[#7]', 'N:9 - N:21', 'N', 'SINGLE', 'N', '[#6]1([#6][#6][#7][#6]2)[#6]2[#6][#6][#6][#6]1', '[#7]'), (0, '[#6]12[#6][#6][#7][#6]([#6]1[#6][#6][#6][#6]2)=[#7]', 'C:20 = N:21', 'C', 'DOUBLE', 'N', '[#6]1([#6][#6][#7][#6]2)[#6]2[#6][#6][#6][#6]1', '[#7]'), (0, '[#6]12[#6][#6][#7]([#6][#6]1[#6][#6][#6][#6]2)-[#7]', 'N:19 - N:22', 'N', 'SINGLE', 'N', '[#6]1([#6][#6][#7][#6]2)[#6]2[#6][#6][#6][#6]1', '[#7]')]"
c3,NOP(=O)(c1ccccc1)c1ccccc1.c1cnc2[nH]ccc2c1>>N[n+]1cccc2cc[nH]c21,N[n+]1cccc2cc[nH]c21,[NH2:1][O:13][P:12](=[O:11])([c:14]1[cH:15][cH:16][cH:17][cH:18][cH:19]1)[c:20]1[cH:21][cH:22][cH:23][cH:24][cH:25]1.[n:2]1[cH:3][cH:4][cH:5][c:6]2[cH:7][cH:8][nH:9][c:10]12>>[NH2:1][n+:2]1[cH:3][cH:4][cH:5][c:6]2[cH:7][cH:8][nH:9][c:10]12,"[['N:1 - O:13'], None]",[['N:1 - N:2']],[],[],"[(0, '[N:1][n&+:2]1ccccc1', 'N:1 - N:2', 'N', 'SINGLE', 'N')]","[(0, '[#8]=[#15]([#8]-[#7])(c)c', 'N:1 - O:13', 'O', 'SINGLE', 'N', '[#8]=[#15]([#8])([c])[c]', '[#7]')]","[(0, '[#6]1[#6][#6][#7]([#6][#6]1)-[#7]', 'N:1 - N:2', 'N', 'SINGLE', 'N', '[#6]1[#6][#6][#7][#6][#6]1', '[#7]')]"
c3,NOP(=O)(c1ccccc1)c1ccccc1.c1ccc(Cn2ccnc2)cc1>>N[n+]1ccn(Cc2ccccc2)c1,N[n+]1ccn(Cc2ccccc2)c1,[NH2:1][O:16][P:15](=[O:14])([c:17]1[cH:18][cH:19][cH:20][cH:21][cH:22]1)[c:23]1[cH:24][cH:25][cH:26][cH:27][cH:28]1.[n:2]1[cH:3][cH:4][n:5]([CH2:6][c:7]2[cH:8][cH:9][cH:10][cH:11][cH:12]2)[cH:13]1>>[NH2:1][n+:2]1[cH:3][cH:4][n:5]([CH2:6][c:7]2[cH:8][cH:9][cH:10][cH:11][cH:12]2)[cH:13]1,"[['N:1 - O:16'], None]",[['N:1 - N:2']],[],[],[],"[(0, '[#8]=[#15]([#8]-[#7])(c)c', 'N:1 - O:16', 'O', 'SINGLE', 'N', '[#8]=[#15]([#8])([c])[c]', '[#7]')]","[(0, '[#7]1([#6][#7][#6][#6]1)-[#7]', 'N:1 - N:2', 'N', 'SINGLE', 'N', '[#7]1[#6][#7][#6][#6]1', '[#7]')]"
c3,NOP(=O)(c1ccccc1)c1ccccc1.c1cc(N2CCCCC2)ccn1>>N[n+]1ccc(N2CCCCC2)cc1,N[n+]1ccc(N2CCCCC2)cc1,[NH2:1][O:16][P:15](=[O:14])([c:17]1[cH:18][cH:19][cH:20][cH:21][cH:22]1)[c:23]1[cH:24][cH:25][cH:26][cH:27][cH:28]1.[n:2]1[cH:3][cH:4][c:5]([N:6]2[CH2:7][CH2:8][CH2:9][CH2:10][CH2:11]2)[cH:12][cH:13]1>>[NH2:1][n+:2]1[cH:3][cH:4][c:5]([N:6]2[CH2:7][CH2:8][CH2:9][CH2:10][CH2:11]2)[cH:12][cH:13]1,"[['N:1 - O:16'], None]",[['N:1 - N:2']],[],[],"[(0, '[N:1][n&+:2]1ccccc1', 'N:1 - N:2', 'N', 'SINGLE', 'N')]","[(0, '[#8]=[#15]([#8]-[#7])(c)c', 'N:1 - O:16', 'O', 'SINGLE', 'N', '[#8]=[#15]([#8])([c])[c]', '[#7]')]","[(0, '[#6]1[#6][#6][#7]([#6][#6]1)-[#7]', 'N:1 - N:2', 'N', 'SINGLE', 'N', '[#6]1[#6][#6][#7][#6][#6]1', '[#7]')]"
c3,NOP(=O)(c1ccccc1)c1ccccc1.O=S(=O)(c1ccccc1)n1cccc1>>N[N+]1(S(=O)(=O)c2ccccc2)C=CC=C1,N[N+]1(S(=O)(=O)c2ccccc2)C=CC=C1,[NH2:1][O:18][P:17](=[O:16])([c:19]1[cH:20][cH:21][cH:22][cH:23][cH:24]1)[c:25]1[cH:26][cH:27][cH:28][cH:29][cH:30]1.[n:2]1([S:3](=[O:4])(=[O:5])[c:6]2[cH:7][cH:8][cH:9][cH:10][cH:11]2)[cH:12][cH:13][cH:14][cH:15]1>>[NH2:1][N+:2]1([S:3](=[O:4])(=[O:5])[c:6]2[cH:7][cH:8][cH:9][cH:10][cH:11]2)[CH:12]=[CH:13][CH:14]=[CH:15]1,"[['N:1 - O:18'], None]",[['N:1 - N:2']],"['C:15 aromatic N:2 -> C:15 - N:2', 'C:12 aromatic C:13 -> C:12 = C:13', 'C:12 aromatic N:2 -> C:12 - N:2', 'C:14 aromatic C:15 -> C:14 = C:15', 'C:13 aromatic C:14 -> C:13 - C:14']",[],"[(0, '[#16&v6](=[#8])(=[#8])[#7;H1,H0:1][#7;X3&H1&+0,X3&H2&+0,X3&H0&+0:2]', 'N:1 - N:2', 'N', 'SINGLE', 'N')]","[(0, '[#8]=[#15]([#8]-[#7])(c)c', 'N:1 - O:18', 'O', 'SINGLE', 'N', '[#8]=[#15]([#8])([c])[c]', '[#7]')]","[(0, '[#16&v6](=[#8])(=[#8])[#7]-[#7]', 'N:1 - N:2', 'N', 'SINGLE', 'N', '[#16v6](=[#8])(=[#8])[#7]', '[#7]')]"
c3,CCCCn1sc2ccccc2c1=O.NOP(=O)(c1ccccc1)c1ccccc1>>CCCC[N+]1(N)Sc2ccccc2C1=O,CCCC[N+]1(N)Sc2ccccc2C1=O,[CH3:1][CH2:2][CH2:3][CH2:4][N:5]1[S:6][C:7]2=[C:12]([C:13]1=[O:14])[CH:11]=[CH:10][CH:9]=[CH:8]2.[NH2:15]OP(c3ccccc3)(c4ccccc4)=O>>[CH3:1][CH2:2][CH2:3][CH2:4][N+:5]5([S:6][c:7]6[c:12]([C:13]5=[O:14])[cH:11][cH:10][cH:9][cH:8]6)[NH2:15],"[None, ['N:6 - O:18']]",[['N:5 - N:6']],"['C:13 aromatic C:14 -> C:13 - C:14', 'N:5 aromatic S:7 -> N:5 - S:7', 'C:14 aromatic N:5 -> C:14 - N:5', 'C:8 aromatic S:7 -> C:8 - S:7']",[],"[(0, '[#16:2]1[#6][#6][#6][#7:1]1', 'N:5 - N:6', 'N', 'SINGLE', 'N')]",[],"[(0, '[#16]-[#7;H1,H0]([#6&X3]=[#8])[#7;X3&H1&+0,X3&H2&+0,X3&H0&+0]', 'N:5 - N:6', 'S', 'SINGLE', 'N', '[#16]', '[#6X3](=[#8])[#7;H1,H0][#7;X3H1+0,X3H2+0,X3H0+0]')]"
c3,NOP(=O)(c1ccccc1)c1ccccc1.O=C1CCCCCCCCCCCCCC1>>ON=C1CCCCCCCCCCCCCC1,ON=C1CCCCCCCCCCCCCC1,[H][O:17][H].[NH2:1]OP(c1ccccc1)(c2ccccc2)=O.O=[C:2]3[CH2:3][CH2:4][CH2:5][CH2:6][CH2:7][CH2:8][CH2:9][CH2:10][CH2:11][CH2:12][CH2:13][CH2:14][CH2:15][CH2:16]3>>[OH:17]/[N:1]=[C:2]4[CH2:3][CH2:4][CH2:5][CH2:6][CH2:7][CH2:8][CH2:9][CH2:10][CH2:11][CH2:12][CH2:13][CH2:14][CH2:15][CH2:16]\4,"[['O:1 - P:19', 'N:2 - H'], ['C:3 = O:32']]","[['C:3 = N:2', 'O:1 - H']]",[],[],"[(0, '[#7:2][#8&X2&H1]', 'O:1 - H', 'O', 'SINGLE', 'H', '[#7][#8X2H]', '[H]')]",[],[]
c3,CC1=NCCS1.NOP(=O)(c1ccccc1)c1ccccc1>>CC1=NNCCS1,CC1=NNCCS1,[CH3:1][C:2]1=[N:4][CH2:5][CH2:6][S:7]1.[NH2:3][O:10][P:9](=[O:8])([c:11]1[cH:12][cH:13][cH:14][cH:15][cH:16]1)[c:17]1[cH:18][cH:19][cH:20][cH:21][cH:22]1>>[CH3:1][C:2]1=[N:3][NH:4][CH2:5][CH2:6][S:7]1,"[['C:2 = N:4'], ['N:3 - O:10', 'N:3 - H']]","[['C:2 = N:3', 'N:4 - H', 'N:3 - N:4']]",[],"[(0, '[#16]1[#6][#6][#7:1]=[#6:2]1', 'C:2 = N:4', 'C', 'DOUBLE', 'N'), (1, '[#7:2]', 'N:3 - H', 'N', 'SINGLE', 'H', '[#7]', '[H]')]","[(0, '[#7]1[#6][#6][#16][#6:1]=[#7:2]1', 'C:2 = N:3', 'C', 'DOUBLE', 'N'), (0, '[#7:2]1[#6][#6][#16][#6]=[#7]1', 'N:4 - H', 'N', 'SINGLE', 'H', '[#7]1[#6][#6][#16][#6]=[#7]1', '[H]'), (0, '[#7:2]1[#6][#6][#16][#6]=[#7:1]1', 'N:3 - N:4', 'N', 'SINGLE', 'N')]","[(0, '[#6]([#16&v2][#6])=[#7]', 'C:2 = N:4', 'C', 'DOUBLE', 'N', '[#6][#16v2][#6]', '[#7]'), (1, '[#8]=[#15]([#8]-[#7])(c)c', 'N:3 - O:10', 'O', 'SINGLE', 'N', '[#8]=[#15]([#8])([c])[c]', '[#7]')]","[(0, '[#6]([#16&v2][#6])=[#7]', 'C:2 = N:3', 'C', 'DOUBLE', 'N', '[#6][#16v2][#6]', '[#7]'), (0, '[#7]-[#7]', 'N:3 - N:4', 'N', 'SINGLE', 'N', '[#7]', '[#7]')]"
c3,NOP(=O)(c1ccccc1)c1ccccc1.c1ccc(-c2nc3ccccc3o2)nc1>>N[n+]1ccccc1-c1nc2ccccc2o1,N[n+]1ccccc1-c1nc2ccccc2o1,[NH2:1][O:19][P:18](=[O:17])([c:20]1[cH:21][cH:22][cH:23][cH:24][cH:25]1)[c:26]1[cH:27][cH:28][cH:29][cH:30][cH:31]1.[n:2]1[cH:3][cH:4][cH:5][cH:6][c:7]1-[c:8]1[n:9][c:10]2[cH:11][cH:12][cH:13][cH:14][c:15]2[o:16]1>>[NH2:1][n+:2]1[cH:3][cH:4][cH:5][cH:6][c:7]1-[c:8]1[n:9][c:10]2[cH:11][cH:12][cH:13][cH:14][c:15]2[o:16]1,"[['N:1 - O:19'], None]",[['N:1 - N:2']],[],[],"[(0, '[N:1][n&+:2]1ccccc1', 'N:1 - N:2', 'N', 'SINGLE', 'N')]","[(0, '[#8]=[#15]([#8]-[#7])(c)c', 'N:1 - O:19', 'O', 'SINGLE', 'N', '[#8]=[#15]([#8])([c])[c]', '[#7]')]","[(0, '[#6]1[#6][#6][#7]([#6][#6]1)-[#7]', 'N:1 - N:2', 'N', 'SINGLE', 'N', '[#6]1[#6][#6][#7][#6][#6]1', '[#7]')]"
c3,Cc1ccccc1-n1cccn1.NOP(=O)(c1ccccc1)c1ccccc1>>Cc1ccccc1-n1ccc[n+]1N,Cc1ccccc1-n1ccc[n+]1N,[CH3:1][c:2]1[cH:3][cH:4][cH:5][cH:6][c:7]1-[n:8]1[cH:9][cH:10][cH:11][n:12]1.[NH2:13][O:16][P:15](=[O:14])([c:17]1[cH:18][cH:19][cH:20][cH:21][cH:22]1)[c:23]1[cH:24][cH:25][cH:26][cH:27][cH:28]1>>[CH3:1][c:2]1[cH:3][cH:4][cH:5][cH:6][c:7]1-[n:8]1[cH:9][cH:10][cH:11][n+:12]1[NH2:13],"[None, ['N:13 - O:16']]",[['N:12 - N:13']],[],[],[],"[(1, '[#8]=[#15]([#8]-[#7])(c)c', 'N:13 - O:16', 'O', 'SINGLE', 'N', '[#8]=[#15]([#8])([c])[c]', '[#7]')]","[(0, '[#6]1[#7]([#7][#6][#6]1)-[#7]', 'N:12 - N:13', 'N', 'SINGLE', 'N', '[#6]1[#7][#7][#6][#6]1', '[#7]')]"
c3,NOP(=O)(c1ccccc1)c1ccccc1.c1ccc(-c2cccs2)nc1>>N[n+]1ccccc1-c1cccs1,N[n+]1ccccc1-c1cccs1,[NH2:1][O:15][P:14](=[O:13])([c:16]1[cH:17][cH:18][cH:19][cH:20][cH:21]1)[c:22]1[cH:23][cH:24][cH:25][cH:26][cH:27]1.[n:2]1[cH:3][cH:4][cH:5][cH:6][c:7]1-[c:8]1[cH:9][cH:10][cH:11][s:12]1>>[NH2:1][n+:2]1[cH:3][cH:4][cH:5][cH:6][c:7]1-[c:8]1[cH:9][cH:10][cH:11][s:12]1,"[['N:1 - O:15'], None]",[['N:1 - N:2']],[],[],"[(0, '[N:1][n&+:2]1ccccc1', 'N:1 - N:2', 'N', 'SINGLE', 'N')]","[(0, '[#8]=[#15]([#8]-[#7])(c)c', 'N:1 - O:15', 'O', 'SINGLE', 'N', '[#8]=[#15]([#8])([c])[c]', '[#7]')]","[(0, '[#6]1[#6][#6][#7]([#6][#6]1)-[#7]', 'N:1 - N:2', 'N', 'SINGLE', 'N', '[#6]1[#6][#6][#7][#6][#6]1', '[#7]')]"
c3,NOP(=O)(c1ccccc1)c1ccccc1.O=Cc1csc2ccccc12>>O=CC1=CS(=O)c2ccccc21,O=CC1=CS(=O)c2ccccc21, [H][O:12][H].NOP(c1ccccc1)(c2ccccc2)=O.[O:1]=[CH:2][c:3]([cH:4][s:5]3)[c:11]4[c:6]3[cH:7][cH:8][cH:9][cH:10]4>>[O:1]=[CH:2][C:3]5=[CH:4][S:5]([c:6]6[c:11]5[cH:10][cH:9][cH:8][cH:7]6)=[O:12],"[['N:13 - O:6', 'O:6 - P:14'], None]",[['O:6 = S:5']],"['C:3 aromatic C:4 -> C:3 = C:4', 'C:4 aromatic S:5 -> C:4 - S:5', 'C:7 aromatic S:5 -> C:7 - S:5', 'C:3 aromatic C:12 -> C:3 - C:12']",[],"[(0, '[#6]1[#6]=[#6][#16:1][#6:2]1', 'O:6 = S:5', 'O', 'DOUBLE', 'S')]",[],[]
c3,ClCC1CN(Cc2ccccc2)CCO1.NOP(=O)(c1ccccc1)c1ccccc1>>N[N+]1(Cc2ccccc2)CCOC(CCl)C1,N[N+]1(Cc2ccccc2)CCOC(CCl)C1,[N:2]1([CH2:3][c:4]2[cH:5][cH:6][cH:7][cH:8][cH:9]2)[CH2:10][CH2:11][O:12][CH:13]([CH2:14][Cl:15])[CH2:16]1.[NH2:1][O:19][P:18](=[O:17])([c:20]1[cH:21][cH:22][cH:23][cH:24][cH:25]1)[c:26]1[cH:27][cH:28][cH:29][cH:30][cH:31]1>>[NH2:1][N+:2]1([CH2:3][c:4]2[cH:5][cH:6][cH:7][cH:8][cH:9]2)[CH2:10][CH2:11][O:12][CH:13]([CH2:14][Cl:15])[CH2:16]1,"[None, ['N:1 - O:19']]",[['N:1 - N:2']],[],[],"[(0, '[#6][#7&+:1]([#7:2])([#6])[#6]', 'N:1 - N:2', 'N', 'SINGLE', 'N')]","[(1, '[#8]=[#15]([#8]-[#7])(c)c', 'N:1 - O:19', 'O', 'SINGLE', 'N', '[#8]=[#15]([#8])([c])[c]', '[#7]')]","[(0, '[#7]1([#6][#6][#8][#6][#6]1)-[#7]', 'N:1 - N:2', 'N', 'SINGLE', 'N', '[#7]1[#6][#6][#8][#6][#6]1', '[#7]')]"
c3,C1=CCN(Cc2ccccc2)CC1.NOP(=O)(c1ccccc1)c1ccccc1>>N[N+]1(Cc2ccccc2)CC=CCC1,N[N+]1(Cc2ccccc2)CC=CCC1,[N:2]1([CH2:3][c:4]2[cH:5][cH:6][cH:7][cH:8][cH:9]2)[CH2:10][CH:11]=[CH:12][CH2:13][CH2:14]1.[NH2:1][O:17][P:16](=[O:15])([c:18]1[cH:19][cH:20][cH:21][cH:22][cH:23]1)[c:24]1[cH:25][cH:26][cH:27][cH:28][cH:29]1>>[NH2:1][N+:2]1([CH2:3][c:4]2[cH:5][cH:6][cH:7][cH:8][cH:9]2)[CH2:10][CH:11]=[CH:12][CH2:13][CH2:14]1,"[None, ['N:1 - O:17']]",[['N:1 - N:2']],[],[],"[(0, '[#6][#7&+:1]([#7:2])([#6])[#6]', 'N:1 - N:2', 'N', 'SINGLE', 'N')]","[(1, '[#8]=[#15]([#8]-[#7])(c)c', 'N:1 - O:17', 'O', 'SINGLE', 'N', '[#8]=[#15]([#8])([c])[c]', '[#7]')]","[(0, '[#6]1=[#6][#6][#7]([#6][#6]1)-[#7]', 'N:1 - N:2', 'N', 'SINGLE', 'N', '[#6]1=[#6][#6][#7][#6][#6]1', '[#7]')]"
c3,NOP(=O)(c1ccccc1)c1ccccc1.c1cc2c(cn1)CCCC2>>N[n+]1ccc2c(c1)CCCC2,N[n+]1ccc2c(c1)CCCC2,[NH2:1][O:14][P:13](=[O:12])([c:15]1[cH:16][cH:17][cH:18][cH:19][cH:20]1)[c:21]1[cH:22][cH:23][cH:24][cH:25][cH:26]1.[n:2]1[cH:3][cH:4][c:5]2[c:6]([cH:7]1)[CH2:8][CH2:9][CH2:10][CH2:11]2>>[NH2:1][n+:2]1[cH:3][cH:4][c:5]2[c:6]([cH:7]1)[CH2:8][CH2:9][CH2:10][CH2:11]2,"[['N:1 - O:14'], None]",[['N:1 - N:2']],[],[],"[(0, '[N:1][n&+:2]1ccccc1', 'N:1 - N:2', 'N', 'SINGLE', 'N')]","[(0, '[#8]=[#15]([#8]-[#7])(c)c', 'N:1 - O:14', 'O', 'SINGLE', 'N', '[#8]=[#15]([#8])([c])[c]', '[#7]')]","[(0, '[#6]12[#6][#6][#7]([#6][#6]1[#6][#6][#6][#6]2)-[#7]', 'N:1 - N:2', 'N', 'SINGLE', 'N', '[#6]1([#6][#6][#7][#6]2)[#6]2[#6][#6][#6][#6]1', '[#7]')]"
c3,CS(=O)c1ccccc1.NOP(=O)(c1ccccc1)c1ccccc1>>CS(=N)(=O)c1ccccc1,CS(=N)(=O)c1ccccc1,[CH3:1][S:2](=[O:4])[c:5]1[cH:6][cH:7][cH:8][cH:9][cH:10]1.[NH2:3][O:13][P:12](=[O:11])([c:14]1[cH:15][cH:16][cH:17][cH:18][cH:19]1)[c:20]1[cH:21][cH:22][cH:23][cH:24][cH:25]1>>[CH3:1][S:2](=[NH:3])(=[O:4])[c:5]1[cH:6][cH:7][cH:8][cH:9][cH:10]1,"[None, ['N:3 - O:13', 'N:3 - H']]",[['N:3 = S:2']],[],"[(1, '[#7:2]', 'N:3 - H', 'N', 'SINGLE', 'H', '[#7]', '[H]')]","[(0, '[#7:1]=[#16:2]([#6])[#6]', 'N:3 = S:2', 'N', 'DOUBLE', 'S')]","[(1, '[#8]=[#15]([#8]-[#7])(c)c', 'N:3 - O:13', 'O', 'SINGLE', 'N', '[#8]=[#15]([#8])([c])[c]', '[#7]')]","[(0, '[#7]=[#16]', 'N:3 = S:2', 'N', 'DOUBLE', 'S', '[#7]', '[#16]')]"
c3,CN1c2ccccc2Sc2ccccc21.NOP(=O)(c1ccccc1)c1ccccc1>>CN1c2ccccc2S(=N)c2ccccc21,CN1c2ccccc2S(=N)c2ccccc21,[CH3:1][N:2]1[c:3]2[cH:4][cH:5][cH:6][cH:7][c:8]2[S:9][c:11]2[cH:12][cH:13][cH:14][cH:15][c:16]21.[NH2:10][O:19][P:18](=[O:17])([c:20]1[cH:21][cH:22][cH:23][cH:24][cH:25]1)[c:26]1[cH:27][cH:28][cH:29][cH:30][cH:31]1>>[CH3:1][N:2]1[c:3]2[cH:4][cH:5][cH:6][cH:7][c:8]2[S:9](=[NH:10])[c:11]2[cH:12][cH:13][cH:14][cH:15][c:16]21,"[None, ['N:10 - H', 'N:10 - O:19']]",[['N:10 = S:9']],[],"[(1, '[#7:2]', 'N:10 - H', 'N', 'SINGLE', 'H', '[#7]', '[H]')]","[(0, '[#7:1]=[#16:2]([#6])[#6]', 'N:10 = S:9', 'N', 'DOUBLE', 'S')]","[(1, '[#8]=[#15]([#8]-[#7])(c)c', 'N:10 - O:19', 'O', 'SINGLE', 'N', '[#8]=[#15]([#8])([c])[c]', '[#7]')]","[(0, 'c12ccccc1[#7]c1c(cccc1)[#16]2=[#7]', 'N:10 = S:9', 'S', 'DOUBLE', 'N', '[c]12[c][c][c][c][c]1[#7][c]1[c]([c][c][c][c]1)[#16]2', '[#7]')]"
c3,CN1c2ccccc2Sc2ccccc21.NOP(=O)(c1ccccc1)c1ccccc1>>CN1c2ccccc2S(=O)c2ccccc21,CN1c2ccccc2S(=O)c2ccccc21,[H][O:16][H].[CH3:1][N:2]1[c:3]2[c:8]([S:9][c:10]3[c:15]1[cH:14][cH:13][cH:12][cH:11]3)[cH:7][cH:6][cH:5][cH:4]2.NOP(c4ccccc4)(c5ccccc5)=O>>[CH3:1][N:2]6[c:3]7[c:8]([S:9]([c:10]8[c:15]6[cH:14][cH:13][cH:12][cH:11]8)=[O:16])[cH:7][cH:6][cH:5][cH:4]7,"[None, ['O:10 - P:18', 'N:17 - O:10']]",[['O:10 = S:9']],[],[],"[(0, '[#7]1[#6][#6][#16:1][#6:2][#6]1', 'O:10 = S:9', 'O', 'DOUBLE', 'S')]",[],[]
c3,NOP(=O)(c1ccccc1)c1ccccc1.O=C1CC(COCc2ccccc2)C1>>O=C1CC(COCc2ccccc2)CN1,O=C1CC(COCc2ccccc2)CN1,[NH2:15][O:18][P:17](=[O:16])([c:19]1[cH:20][cH:21][cH:22][cH:23][cH:24]1)[c:25]1[cH:26][cH:27][cH:28][cH:29][cH:30]1.[O:1]=[C:2]1[CH2:3][CH:4]([CH2:5][O:6][CH2:7][c:8]2[cH:9][cH:10][cH:11][cH:12][cH:13]2)[CH2:14]1>>[O:1]=[C:2]1[CH2:3][CH:4]([CH2:5][O:6][CH2:7][c:8]2[cH:9][cH:10][cH:11][cH:12][cH:13]2)[CH2:14][NH:15]1,"[['N:15 - H', 'N:15 - O:18'], ['C:2 - C:14']]","[['C:14 - N:15', 'C:2 - N:15']]",[],"[(0, '[#7:2]', 'N:15 - H', 'N', 'SINGLE', 'H', '[#7]', '[H]'), (1, '[#6:2]1[#6][#6][#6:1]1', 'C:2 - C:14', 'C', 'SINGLE', 'C')]","[(0, '[#6]1[#6][#7:1][#6:2][#6]1', 'C:14 - N:15', 'C', 'SINGLE', 'N'), (0, '[#6:1](=[#8])[#7:2]', 'C:2 - N:15', 'C', 'SINGLE', 'N')]","[(0, '[#8]=[#15]([#8]-[#7])(c)c', 'N:15 - O:18', 'O', 'SINGLE', 'N', '[#8]=[#15]([#8])([c])[c]', '[#7]'), (1, '[#6](=[#8])-[#6]', 'C:2 - C:14', 'C', 'SINGLE', 'C', '[#6]=[#8]', '[#6]')]","[(0, '[#6](=[#8])[#7]-[#6]', 'C:14 - N:15', 'N', 'SINGLE', 'C', '[#6](=[#8])[#7]', '[#6]'), (0, '[#6](=[#8])-[#7]', 'C:2 - N:15', 'C', 'SINGLE', 'N', '[#6]=[#8]', '[#7]')]"
c3,NOP(=O)(c1ccccc1)c1ccccc1.c1cnc2ccnn2c1>>N[n+]1ccc2ncccn21,N[n+]1ccc2ncccn21,[NH2:1][O:13][P:12](=[O:11])([c:14]1[cH:15][cH:16][cH:17][cH:18][cH:19]1)[c:20]1[cH:21][cH:22][cH:23][cH:24][cH:25]1.[n:2]1[cH:3][cH:4][c:5]2[n:6][cH:7][cH:8][cH:9][n:10]12>>[NH2:1][n+:2]1[cH:3][cH:4][c:5]2[n:6][cH:7][cH:8][cH:9][n:10]12,"[['N:1 - O:13'], None]",[['N:1 - N:2']],[],[],[],"[(0, '[#8]=[#15]([#8]-[#7])(c)c', 'N:1 - O:13', 'O', 'SINGLE', 'N', '[#8]=[#15]([#8])([c])[c]', '[#7]')]","[(0, '[#7]12[#7]([#6][#6][#6]1[#7][#6][#6][#6]2)-[#7]', 'N:1 - N:2', 'N', 'SINGLE', 'N', '[#7]1([#7][#6][#6]2)[#6]2[#7][#6][#6][#6]1', '[#7]')]"
c3,NOP(=O)(c1ccccc1)c1ccccc1.O=C1CCCCCCCCCCC1>>O=C1CCCCCCCCCCCN1,O=C1CCCCCCCCCCCN1,[NH2:14][O:17][P:16](=[O:15])([c:18]1[cH:19][cH:20][cH:21][cH:22][cH:23]1)[c:24]1[cH:25][cH:26][cH:27][cH:28][cH:29]1.[O:1]=[C:2]1[CH2:3][CH2:4][CH2:5][CH2:6][CH2:7][CH2:8][CH2:9][CH2:10][CH2:11][CH2:12][CH2:13]1>>[O:1]=[C:2]1[CH2:3][CH2:4][CH2:5][CH2:6][CH2:7][CH2:8][CH2:9][CH2:10][CH2:11][CH2:12][CH2:13][NH:14]1,"[['N:14 - O:17', 'N:14 - H'], ['C:2 - C:13']]","[['C:13 - N:14', 'C:2 - N:14']]",[],"[(0, '[#7:2]', 'N:14 - H', 'N', 'SINGLE', 'H', '[#7]', '[H]'), (1, '[#6][#6:1](=[#8])[#6:2]', 'C:2 - C:13', 'C', 'SINGLE', 'C')]","[(0, '[#7&X3&H1:1]([#6:2])[#6]', 'C:13 - N:14', 'C', 'SINGLE', 'N'), (0, '[#6:1](=[#8])[#7:2]', 'C:2 - N:14', 'C', 'SINGLE', 'N')]","[(0, '[#8]=[#15]([#8]-[#7])(c)c', 'N:14 - O:17', 'O', 'SINGLE', 'N', '[#8]=[#15]([#8])([c])[c]', '[#7]'), (1, '[#6](=[#8])-[#6]', 'C:2 - C:13', 'C', 'SINGLE', 'C', '[#6]=[#8]', '[#6]')]","[(0, '[#6](=[#8])[#7]-[#6]', 'C:13 - N:14', 'N', 'SINGLE', 'C', '[#6](=[#8])[#7]', '[#6]'), (0, '[#6](=[#8])-[#7]', 'C:2 - N:14', 'C', 'SINGLE', 'N', '[#6]=[#8]', '[#7]')]"
c3,Cc1cccc2ncccc12.NOP(=O)(c1ccccc1)c1ccccc1>>Cc1cccc2c1ccc[n+]2N,Cc1cccc2c1ccc[n+]2N,[CH3:1][c:2]1[cH:3][cH:4][cH:5][c:6]2[c:7]1[cH:8][cH:9][cH:10][n:11]2.[NH2:12][O:15][P:14](=[O:13])([c:16]1[cH:17][cH:18][cH:19][cH:20][cH:21]1)[c:22]1[cH:23][cH:24][cH:25][cH:26][cH:27]1>>[CH3:1][c:2]1[cH:3][cH:4][cH:5][c:6]2[c:7]1[cH:8][cH:9][cH:10][n+:11]2[NH2:12],"[None, ['N:12 - O:15']]",[['N:11 - N:12']],[],[],"[(0, '[N:1][n&+:2]1ccccc1', 'N:11 - N:12', 'N', 'SINGLE', 'N')]","[(1, '[#8]=[#15]([#8]-[#7])(c)c', 'N:12 - O:15', 'O', 'SINGLE', 'N', '[#8]=[#15]([#8])([c])[c]', '[#7]')]","[(0, '[#6]12[#6][#6][#6][#7]([#6]1[#6][#6][#6][#6]2)-[#7]', 'N:11 - N:12', 'N', 'SINGLE', 'N', '[#6]1([#6][#6][#6][#7]2)[#6]2[#6][#6][#6][#6]1', '[#7]')]"
c3,CC(=O)c1cnn(C)c1.NOP(=O)(c1ccccc1)c1ccccc1>>CC(=O)Nc1cnn(C)c1,CC(=O)Nc1cnn(C)c1,[CH3:1][C:2](=[O:3])[c:5]1[cH:6][n:7][n:8]([CH3:9])[cH:10]1.[NH2:4][O:13][P:12](=[O:11])([c:14]1[cH:15][cH:16][cH:17][cH:18][cH:19]1)[c:20]1[cH:21][cH:22][cH:23][cH:24][cH:25]1>>[CH3:1][C:2](=[O:3])[NH:4][c:5]1[cH:6][n:7][n:8]([CH3:9])[cH:10]1,"[['C:2 - C:5'], ['N:4 - H', 'N:4 - O:13']]","[['C:2 - N:4', 'C:5 - N:4']]",[],"[(0, '[#6][#6:1](=[#8])[#6:2]', 'C:2 - C:5', 'C', 'SINGLE', 'C'), (1, '[#7:2]', 'N:4 - H', 'N', 'SINGLE', 'H', '[#7]', '[H]')]","[(0, '[#6:1](=[#8])[#7:2]', 'C:2 - N:4', 'C', 'SINGLE', 'N'), (0, '[#7&X3&H1:1]([#6])[#6:2]', 'C:5 - N:4', 'C', 'SINGLE', 'N')]","[(0, '[#6]1[#7][#7][#6][#6]1-[#6](=[#8])[#6&H3]', 'C:2 - C:5', 'C', 'SINGLE', 'C', '[#6]1[#7][#7][#6][#6]1', '[#6](=[#8])[#6;H3]'), (1, '[#8]=[#15]([#8]-[#7])(c)c', 'N:4 - O:13', 'O', 'SINGLE', 'N', '[#8]=[#15]([#8])([c])[c]', '[#7]')]","[(0, '[#6](=[#8])([#6&H3])-[#7]', 'C:2 - N:4', 'C', 'SINGLE', 'N', '[#6](=[#8])[#6;H3]', '[#7]'), (0, '[#6]1[#7][#7][#6][#6]1-[#7][#6]=[#8]', 'C:5 - N:4', 'C', 'SINGLE', 'N', '[#6]1[#7][#7][#6][#6]1', '[#6](=[#8])[#7]')]"
c3,CCCCCCCCCCCCS(C)=O.NOP(=O)(c1ccccc1)c1ccccc1>>CCCCCCCCCCCCS(C)(=N)=O,CCCCCCCCCCCCS(C)(=N)=O,[CH3:1][CH2:2][CH2:3][CH2:4][CH2:5][CH2:6][CH2:7][CH2:8][CH2:9][CH2:10][CH2:11][CH2:12][S:13]([CH3:14])=[O:16].[NH2:15][O:19][P:18](=[O:17])([c:20]1[cH:21][cH:22][cH:23][cH:24][cH:25]1)[c:26]1[cH:27][cH:28][cH:29][cH:30][cH:31]1>>[CH3:1][CH2:2][CH2:3][CH2:4][CH2:5][CH2:6][CH2:7][CH2:8][CH2:9][CH2:10][CH2:11][CH2:12][S:13]([CH3:14])(=[NH:15])=[O:16],"[None, ['N:15 - H', 'N:15 - O:19']]",[['N:15 = S:13']],[],"[(1, '[#7:2]', 'N:15 - H', 'N', 'SINGLE', 'H', '[#7]', '[H]')]","[(0, '[#7:1]=[#16:2]([#6])[#6]', 'N:15 = S:13', 'N', 'DOUBLE', 'S')]","[(1, '[#8]=[#15]([#8]-[#7])(c)c', 'N:15 - O:19', 'O', 'SINGLE', 'N', '[#8]=[#15]([#8])([c])[c]', '[#7]')]","[(0, '[#7]=[#16]', 'N:15 = S:13', 'N', 'DOUBLE', 'S', '[#7]', '[#16]')]"
c3,NOP(=O)(c1ccccc1)c1ccccc1.c1cncc(C2=NCCC2)c1>>c1cncc(C2=NNCCC2)c1,c1cncc(C2=NNCCC2)c1,[NH2:7][O:15][P:14](=[O:13])([c:16]1[cH:17][cH:18][cH:19][cH:20][cH:21]1)[c:22]1[cH:23][cH:24][cH:25][cH:26][cH:27]1.[cH:1]1[cH:2][n:3][cH:4][c:5]([C:6]2=[N:8][CH2:9][CH2:10][CH2:11]2)[cH:12]1>>[cH:1]1[cH:2][n:3][cH:4][c:5]([C:6]2=[N:7][NH:8][CH2:9][CH2:10][CH2:11]2)[cH:12]1,"[['N:7 - O:15', 'N:7 - H'], ['C:6 = N:8']]","[['N:8 - H', 'C:6 = N:7', 'N:7 - N:8']]",[],"[(0, '[#7:2]', 'N:7 - H', 'N', 'SINGLE', 'H', '[#7]', '[H]'), (1, '[#7&X2;H1,H0;!$([#7&X2][#7,#8,#9,#15,#16,#17,Br,I]):1]=[#6&X3:2]', 'C:6 = N:8', 'C', 'DOUBLE', 'N')]","[(0, '[#7:2]1[#7]=[#6][#6][#6][#6]1', 'N:8 - H', 'N', 'SINGLE', 'H', '[#7]1[#7]=[#6][#6][#6][#6]1', '[H]'), (0, '[#7]1[#7:1]=[#6:2][#6][#6][#6]1', 'C:6 = N:7', 'C', 'DOUBLE', 'N'), (0, '[#7:1]1[#7:2]=[#6][#6][#6][#6]1', 'N:7 - N:8', 'N', 'SINGLE', 'N')]","[(0, '[#8]=[#15]([#8]-[#7])(c)c', 'N:7 - O:15', 'O', 'SINGLE', 'N', '[#8]=[#15]([#8])([c])[c]', '[#7]'), (1, '[#6]=[#7]', 'C:6 = N:8', 'C', 'DOUBLE', 'N', '[#6]', '[#7]')]","[(0, '[#6]=[#7]', 'C:6 = N:7', 'C', 'DOUBLE', 'N', '[#6]', '[#7]'), (0, '[#7]-[#7]', 'N:7 - N:8', 'N', 'SINGLE', 'N', '[#7]', '[#7]')]"
c3,NOP(=O)(c1ccccc1)c1ccccc1.c1cnc2ncccc2c1>>N[n+]1cccc2cccnc21,N[n+]1cccc2cccnc21,[NH2:1][O:14][P:13](=[O:12])([c:15]1[cH:16][cH:17][cH:18][cH:19][cH:20]1)[c:21]1[cH:22][cH:23][cH:24][cH:25][cH:26]1.[n:2]1[cH:3][cH:4][cH:5][c:6]2[cH:7][cH:8][cH:9][n:10][c:11]12>>[NH2:1][n+:2]1[cH:3][cH:4][cH:5][c:6]2[cH:7][cH:8][cH:9][n:10][c:11]12,"[['N:1 - O:14'], None]",[['N:1 - N:2']],[],[],"[(0, '[N:1][n&+:2]1ccccc1', 'N:1 - N:2', 'N', 'SINGLE', 'N')]","[(0, '[#8]=[#15]([#8]-[#7])(c)c', 'N:1 - O:14', 'O', 'SINGLE', 'N', '[#8]=[#15]([#8])([c])[c]', '[#7]')]","[(0, '[#6]1[#6][#6][#7]([#6][#6]1)-[#7]', 'N:1 - N:2', 'N', 'SINGLE', 'N', '[#6]1[#6][#6][#7][#6][#6]1', '[#7]')]"
c3,NOP(=O)(c1ccccc1)c1ccccc1.c1scc2c1SCCS2>>O=S1C=C2SCCSC2=C1,O=S1C=C2SCCSC2=C1,[H][O:10][H].NOP(c1ccccc1)(c2ccccc2)=O.[c:3]34[c:4]([S:6][CH2:7][CH2:8][S:9]4)[cH:5][s:1][cH:2]3>>[O:10]=[S:1]5[CH:2]=[C:3]6[S:9][CH2:8][CH2:7][S:6][C:4]6=[CH:5]5,"[['N:11 - O:1', 'O:1 - P:12'], None]",[['O:1 = S:2']],"['C:3 aromatic C:4 -> C:3 = C:4', 'C:3 aromatic S:2 -> C:3 - S:2', 'C:10 aromatic S:2 -> C:10 - S:2', 'C:4 aromatic C:9 -> C:4 - C:9', 'C:9 aromatic C:10 -> C:9 = C:10']",[],[],[],[]
c3,NOP(=O)(c1ccccc1)c1ccccc1.O=C1C=CN(C(=O)OCc2ccccc2)CC1>>N[N+]1(C(=O)OCc2ccccc2)C=CC(=O)CC1,N[N+]1(C(=O)OCc2ccccc2)C=CC(=O)CC1,[NH2:1][O:21][P:20](=[O:19])([c:22]1[cH:23][cH:24][cH:25][cH:26][cH:27]1)[c:28]1[cH:29][cH:30][cH:31][cH:32][cH:33]1.[N:2]1([C:3](=[O:4])[O:5][CH2:6][c:7]2[cH:8][cH:9][cH:10][cH:11][cH:12]2)[CH:13]=[CH:14][C:15](=[O:16])[CH2:17][CH2:18]1>>[NH2:1][N+:2]1([C:3](=[O:4])[O:5][CH2:6][c:7]2[cH:8][cH:9][cH:10][cH:11][cH:12]2)[CH:13]=[CH:14][C:15](=[O:16])[CH2:17][CH2:18]1,"[['N:1 - O:21'], None]",[['N:1 - N:2']],[],[],"[(0, '[#6&X3](=[#8])[#7;H1,H0:1][#7;X3&H1&+0,X3&H2&+0,X3&H0&+0:2]', 'N:1 - N:2', 'N', 'SINGLE', 'N')]","[(0, '[#8]=[#15]([#8]-[#7])(c)c', 'N:1 - O:21', 'O', 'SINGLE', 'N', '[#8]=[#15]([#8])([c])[c]', '[#7]')]","[(0, '[#6]1[#7]([#6]=[#6][#6][#6]1)-[#7]', 'N:1 - N:2', 'N', 'SINGLE', 'N', '[#6]1[#7][#6]=[#6][#6][#6]1', '[#7]')]"
c3,NOP(=O)(c1ccccc1)c1ccccc1.c1cnc2[nH]ncc2c1>>Nn1ncc2cccnc21,Nn1ncc2cccnc21,[NH2:1][O:13][P:12](=[O:11])([c:14]1[cH:15][cH:16][cH:17][cH:18][cH:19]1)[c:20]1[cH:21][cH:22][cH:23][cH:24][cH:25]1.[nH:2]1[n:3][cH:4][c:5]2[cH:6][cH:7][cH:8][n:9][c:10]12>>[NH2:1][n:2]1[n:3][cH:4][c:5]2[cH:6][cH:7][cH:8][n:9][c:10]12,"[['N:1 - O:13'], ['N:2 - H']]",[['N:1 - N:2']],[],"[(1, 'c12cn[n:2]c1nccc2', 'N:2 - H', 'N', 'SINGLE', 'H', '[c]1([c][n][n]2)[c]2[n][c][c][c]1', '[H]')]","[(0, '[#7;X3&H1&+0,X3&H2&+0,X3&H0&+0:1][#7;X3&H1&+0,X3&H2&+0,X3&H0&+0:2]', 'N:1 - N:2', 'N', 'SINGLE', 'N')]","[(0, '[#8]=[#15]([#8]-[#7])(c)c', 'N:1 - O:13', 'O', 'SINGLE', 'N', '[#8]=[#15]([#8])([c])[c]', '[#7]')]","[(0, '[#6]1[#7]([#7][#6][#6]1)-[#7]', 'N:1 - N:2', 'N', 'SINGLE', 'N', '[#6]1[#7][#7][#6][#6]1', '[#7]')]"
c3,NOP(=O)(c1ccccc1)c1ccccc1.c1ccc(C2=NCCN2)cc1>>NN1CCN=C1c1ccccc1,NN1CCN=C1c1ccccc1,[NH2:1][O:15][P:14](=[O:13])([c:16]1[cH:17][cH:18][cH:19][cH:20][cH:21]1)[c:22]1[cH:23][cH:24][cH:25][cH:26][cH:27]1.[NH:2]1[CH2:3][CH2:4][N:5]=[C:6]1[c:7]1[cH:8][cH:9][cH:10][cH:11][cH:12]1>>[NH2:1][N:2]1[CH2:3][CH2:4][N:5]=[C:6]1[c:7]1[cH:8][cH:9][cH:10][cH:11][cH:12]1,"[['N:1 - O:15'], ['N:2 - H']]",[['N:1 - N:2']],[],"[(1, '[N:2]1C=NCC1', 'N:2 - H', 'N', 'SINGLE', 'H', '[N]1[C]=[N][C][C]1', '[H]')]","[(0, '[#7;X3&H1&+0,X3&H2&+0,X3&H0&+0:1][#7;X3&H1&+0,X3&H2&+0,X3&H0&+0:2]', 'N:1 - N:2', 'N', 'SINGLE', 'N')]","[(0, '[#8]=[#15]([#8]-[#7])(c)c', 'N:1 - O:15', 'O', 'SINGLE', 'N', '[#8]=[#15]([#8])([c])[c]', '[#7]')]","[(0, 'N1(C=NCC1)-[#7]', 'N:1 - N:2', 'N', 'SINGLE', 'N', '[N]1[C]=[N][C][C]1', '[#7]')]"
c3,Fc1ccc(F)c(C2=NCCC2)c1.NOP(=O)(c1ccccc1)c1ccccc1>>Fc1ccc(F)c(C2=NNCCC2)c1,Fc1ccc(F)c(C2=NNCCC2)c1,[F:1][c:2]1[cH:13][c:7]([C:8]2=[N:9][CH2:10][CH2:11][CH2:12]2)[c:5]([F:6])[cH:4][cH:3]1.[NH2:14]OP(c3ccccc3)(c4ccccc4)=O>>[F:1][c:2]5[cH:13][c:7]([C:8]6=[N:14][NH:9][CH2:10][CH2:11][CH2:12]6)[c:5]([F:6])[cH:4][cH:3]5,"[['C:11 - N:9'], ['N:10 - H', 'N:10 - O:17']]","[['C:11 - N:10', 'N:9 - N:10']]",[],[],"[(0, '[#7]1[#7]=[#6][#6][#6:1][#6:2]1', 'C:11 - N:10', 'C', 'SINGLE', 'N'), (0, '[#7:2]1[#7]=[#6][#6][#6][#6:1]1', 'N:9 - N:10', 'N', 'SINGLE', 'N')]",[],"[(0, '[#6]-[#6]', 'C:11 - N:10', 'C', 'SINGLE', 'C', '[#6]', '[#6]'), (0, '[#6]-[#7][#7&X2]=[#6&X3]', 'N:9 - N:10', 'C', 'SINGLE', 'N', '[#6]', '[#7][#7X2]=[#6X3]')]"
c3,CC(=O)c1ccc2c(c1)CCC2.NOP(=O)(c1ccccc1)c1ccccc1>>CC(=O)Nc1ccc2c(c1)CCC2,CC(=O)Nc1ccc2c(c1)CCC2,[CH3:1][C:2](=[O:3])[c:5]1[cH:6][cH:7][c:8]2[c:9]([cH:10]1)[CH2:11][CH2:12][CH2:13]2.[NH2:4][O:16][P:15](=[O:14])([c:17]1[cH:18][cH:19][cH:20][cH:21][cH:22]1)[c:23]1[cH:24][cH:25][cH:26][cH:27][cH:28]1>>[CH3:1][C:2](=[O:3])[NH:4][c:5]1[cH:6][cH:7][c:8]2[c:9]([cH:10]1)[CH2:11][CH2:12][CH2:13]2,"[['C:2 - C:5'], ['N:4 - H', 'N:4 - O:16']]","[['C:2 - N:4', 'C:5 - N:4']]",[],"[(0, '[#6][#6:1](=[#8])[#6:2]', 'C:2 - C:5', 'C', 'SINGLE', 'C'), (1, '[#7:2]', 'N:4 - H', 'N', 'SINGLE', 'H', '[#7]', '[H]')]","[(0, '[#6:1](=[#8])[#7:2]', 'C:2 - N:4', 'C', 'SINGLE', 'N'), (0, '[#7&X3&H1:1]([#6])[#6:2]', 'C:5 - N:4', 'C', 'SINGLE', 'N')]","[(0, '[#6]1[#6]c2:cc(ccc2[#6]1)-[#6](=[#8])[#6&H3]', 'C:2 - C:5', 'C', 'SINGLE', 'C', '[#6]1[#6][c]2:[c][c][c][c][c]2[#6]1', '[#6](=[#8])[#6;H3]'), (1, '[#8]=[#15]([#8]-[#7])(c)c', 'N:4 - O:16', 'O', 'SINGLE', 'N', '[#8]=[#15]([#8])([c])[c]', '[#7]')]","[(0, 'c1ccccc1[#7&!a;X4&H1&+,X4&H2&+,X4&H3&+,X3&H1&+0,X3&H0&+0,X3&H2&+0;!$([#7][!#6])]-[#6](=[#8])[#6&H3]', 'C:2 - N:4', 'N', 'SINGLE', 'C', '[c]1[c][c][c][c][c]1[#7;!a;X4H+,X4H2+,X4H3+,X3H+0,X3H0+0,X3H2+0;!$([#7][!#6])]', '[#6](=[#8])[#6;H3]'), (0, '[#6]1[#6]c2:cc(ccc2[#6]1)-[#7][#6]=[#8]', 'C:5 - N:4', 'C', 'SINGLE', 'N', '[#6]1[#6][c]2:[c][c][c][c][c]2[#6]1', '[#6](=[#8])[#7]')]"
c3,Brc1ccnc2ccccc12.NOP(=O)(c1ccccc1)c1ccccc1>>N[n+]1ccc(Br)c2ccccc21,N[n+]1ccc(Br)c2ccccc21,[n:2]1[cH:3][cH:4][c:5]([Br:6])[c:7]2[cH:8][cH:9][cH:10][cH:11][c:12]12.[NH2:1][O:15][P:14](=[O:13])([c:16]1[cH:17][cH:18][cH:19][cH:20][cH:21]1)[c:22]1[cH:23][cH:24][cH:25][cH:26][cH:27]1>>[NH2:1][n+:2]1[cH:3][cH:4][c:5]([Br:6])[c:7]2[cH:8][cH:9][cH:10][cH:11][c:12]12,"[None, ['N:1 - O:15']]",[['N:1 - N:2']],[],[],"[(0, '[N:1][n&+:2]1ccccc1', 'N:1 - N:2', 'N', 'SINGLE', 'N')]","[(1, '[#8]=[#15]([#8]-[#7])(c)c', 'N:1 - O:15', 'O', 'SINGLE', 'N', '[#8]=[#15]([#8])([c])[c]', '[#7]')]","[(0, '[#6]12[#6][#6][#6][#7]([#6]1[#6][#6][#6][#6]2)-[#7]', 'N:1 - N:2', 'N', 'SINGLE', 'N', '[#6]1([#6][#6][#6][#7]2)[#6]2[#6][#6][#6][#6]1', '[#7]')]"
c3,CCOC(=O)N1CCC(=C2c3ccc(Cl)cc3CCc3cccnc32)CC1.NOP(=O)(c1ccccc1)c1ccccc1>>CCOC(=O)N1CCC(=C2c3ccc(Cl)cc3CCc3ccc[n+](N)c32)CC1,CCOC(=O)N1CCC(=C2c3ccc(Cl)cc3CCc3ccc[n+](N)c32)CC1,[CH3:1][CH2:2][O:3][C:4](=[O:5])[N:6]1[CH2:7][CH2:8][C:9](=[C:10]2[c:11]3[cH:12][cH:13][c:14]([Cl:15])[cH:16][c:17]3[CH2:18][CH2:19][c:20]3[cH:21][cH:22][cH:23][n:24][c:26]32)[CH2:27][CH2:28]1.[NH2:25][O:31][P:30](=[O:29])([c:32]1[cH:33][cH:34][cH:35][cH:36][cH:37]1)[c:38]1[cH:39][cH:40][cH:41][cH:42][cH:43]1>>[CH3:1][CH2:2][O:3][C:4](=[O:5])[N:6]1[CH2:7][CH2:8][C:9](=[C:10]2[c:11]3[cH:12][cH:13][c:14]([Cl:15])[cH:16][c:17]3[CH2:18][CH2:19][c:20]3[cH:21][cH:22][cH:23][n+:24]([NH2:25])[c:26]32)[CH2:27][CH2:28]1,"[None, ['N:25 - O:31']]",[['N:24 - N:25']],[],[],"[(0, '[N:1][n&+:2]1ccccc1', 'N:24 - N:25', 'N', 'SINGLE', 'N')]","[(1, '[#8]=[#15]([#8]-[#7])(c)c', 'N:25 - O:31', 'O', 'SINGLE', 'N', '[#8]=[#15]([#8])([c])[c]', '[#7]')]","[(0, '[#6]1[#6][#6][#7]([#6][#6]1)-[#7]', 'N:24 - N:25', 'N', 'SINGLE', 'N', '[#6]1[#6][#6][#7][#6][#6]1', '[#7]')]"
c3,Cc1ccc2cccnc2n1.NOP(=O)(c1ccccc1)c1ccccc1>>Cc1ccc2cccnc2[n+]1N,Cc1ccc2cccnc2[n+]1N,[CH3:1][c:2]1[cH:3][cH:4][c:5]2[cH:6][cH:7][cH:8][n:9][c:10]2[n:11]1.[NH2:12][O:15][P:14](=[O:13])([c:16]1[cH:17][cH:18][cH:19][cH:20][cH:21]1)[c:22]1[cH:23][cH:24][cH:25][cH:26][cH:27]1>>[CH3:1][c:2]1[cH:3][cH:4][c:5]2[cH:6][cH:7][cH:8][n:9][c:10]2[n+:11]1[NH2:12],"[None, ['N:12 - O:15']]",[['N:11 - N:12']],[],[],"[(0, '[N:1][n&+:2]1ccccc1', 'N:11 - N:12', 'N', 'SINGLE', 'N')]","[(1, '[#8]=[#15]([#8]-[#7])(c)c', 'N:12 - O:15', 'O', 'SINGLE', 'N', '[#8]=[#15]([#8])([c])[c]', '[#7]')]","[(0, '[#6]1[#6][#6][#7]([#6][#6]1)-[#7]', 'N:11 - N:12', 'N', 'SINGLE', 'N', '[#6]1[#6][#6][#7][#6][#6]1', '[#7]')]"
c3,CC1=Nc2ccc(Cl)cc2C1(C)C.NOP(=O)(c1ccccc1)c1ccccc1>>C=C(C)c1cc(Cl)ccc1/N=C(\C)N,C=C(C)c1cc(Cl)ccc1/N=C(\C)N,[CH3:1][C:2]1([CH3:3])[c:4]2[cH:5][c:6]([Cl:7])[cH:8][cH:9][c:10]2[N:11]=[C:12]1[CH3:13].[NH2:14][O:17][P:16](=[O:15])([c:18]1[cH:19][cH:20][cH:21][cH:22][cH:23]1)[c:24]1[cH:25][cH:26][cH:27][cH:28][cH:29]1>>[CH2:1]=[C:2]([CH3:3])[c:4]1[cH:5][c:6]([Cl:7])[cH:8][cH:9][c:10]1/[N:11]=[C:12](\[CH3:13])[NH2:14],"[['C:1 - H', 'C:2 - C:12'], ['N:14 - O:17']]",[['C:12 - N:14']],['C:1 - C:2 -> C:1 = C:2'],"[(0, '[#6:2]', 'C:1 - H', 'C', 'SINGLE', 'H', '[#6]', '[H]'), (0, '[#6:1]1[#6:2]=[#7]c2ccccc2-1', 'C:2 - C:12', 'C', 'SINGLE', 'C')]","[(0, '[#7&X3&H2:1][#6:2]', 'C:12 - N:14', 'C', 'SINGLE', 'N')]","[(0, 'c1ccccc1[#6&X4]-[#6&X3]=[#7&X2;H1,H0;!$([#7&X2][#7,#8,#9,#15,#16,#17,Br,I])]', 'C:2 - C:12', 'C', 'SINGLE', 'C', '[c]1[c][c][c][c][c]1[#6X4]', '[#7X2;H1,H0;!$([#7X2][#7,#8,#9,#15,#16,#17,Br,I])]=[#6X3]'), (1, '[#8]=[#15]([#8]-[#7])(c)c', 'N:14 - O:17', 'O', 'SINGLE', 'N', '[#8]=[#15]([#8])([c])[c]', '[#7]')]","[(0, '[#7&X2;H1,H0;!$([#7&X2][#7,#8,#9,#15,#16,#17,Br,I])]=[#6&X3]-[#7]', 'C:12 - N:14', 'C', 'SINGLE', 'N', '[#7X2;H1,H0;!$([#7X2][#7,#8,#9,#15,#16,#17,Br,I])]=[#6X3]', '[#7]')]"
c3,CC1=Nc2ccc(Cl)cc2C1(C)C.NOP(=O)(c1ccccc1)c1ccccc1>>CC1=NNc2ccc(Cl)cc2C1(C)C,CC1=NNc2ccc(Cl)cc2C1(C)C,[CH3:1][C:2]1=[N:4][c:5]2[cH:6][cH:7][c:8]([Cl:9])[cH:10][c:11]2[C:12]1([CH3:13])[CH3:14].[NH2:3][O:17][P:16](=[O:15])([c:18]1[cH:19][cH:20][cH:21][cH:22][cH:23]1)[c:24]1[cH:25][cH:26][cH:27][cH:28][cH:29]1>>[CH3:1][C:2]1=[N:3][NH:4][c:5]2[cH:6][cH:7][c:8]([Cl:9])[cH:10][c:11]2[C:12]1([CH3:13])[CH3:14],"[['C:2 = N:4'], ['N:3 - H', 'N:3 - O:17']]","[['C:2 = N:3', 'N:4 - H', 'N:3 - N:4']]",[],"[(0, '[#6]1[#6:1]=[#7:2]c2ccccc2-1', 'C:2 = N:4', 'C', 'DOUBLE', 'N'), (1, '[#7:2]', 'N:3 - H', 'N', 'SINGLE', 'H', '[#7]', '[H]')]","[(0, '[#7]1[#7:1]=[#6:2][#6][#6][#6]1', 'C:2 = N:3', 'C', 'DOUBLE', 'N'), (0, '[#7:2]1[#7]=[#6][#6][#6][#6]1', 'N:4 - H', 'N', 'SINGLE', 'H', '[#7]1[#7]=[#6][#6][#6][#6]1', '[H]'), (0, '[#7:1]1[#7:2]=[#6][#6][#6][#6]1', 'N:3 - N:4', 'N', 'SINGLE', 'N')]","[(0, '[#6]=[#7]', 'C:2 = N:4', 'C', 'DOUBLE', 'N', '[#6]', '[#7]'), (1, '[#8]=[#15]([#8]-[#7])(c)c', 'N:3 - O:17', 'O', 'SINGLE', 'N', '[#8]=[#15]([#8])([c])[c]', '[#7]')]","[(0, '[#6]=[#7]', 'C:2 = N:3', 'C', 'DOUBLE', 'N', '[#6]', '[#7]'), (0, '[#7]-[#7]', 'N:3 - N:4', 'N', 'SINGLE', 'N', '[#7]', '[#7]')]"
c3,COC(=O)C1CC2(CC(=O)C2)C1.NOP(=O)(c1ccccc1)c1ccccc1>>COC(=O)C1CC2(CNC(=O)C2)C1,COC(=O)C1CC2(CNC(=O)C2)C1,[CH3:1][O:2][C:3](=[O:4])[CH:5]1[CH2:6][C:7]2([CH2:8][C:10](=[O:11])[CH2:12]2)[CH2:13]1.[NH2:9][O:16][P:15](=[O:14])([c:17]1[cH:18][cH:19][cH:20][cH:21][cH:22]1)[c:23]1[cH:24][cH:25][cH:26][cH:27][cH:28]1>>[CH3:1][O:2][C:3](=[O:4])[CH:5]1[CH2:6][C:7]2([CH2:8][NH:9][C:10](=[O:11])[CH2:12]2)[CH2:13]1,"[['C:8 - C:10'], ['N:9 - H', 'N:9 - O:16']]","[['C:8 - N:9', 'C:10 - N:9']]",[],"[(0, '[#6]1[#6:1][#6:2][#6]1', 'C:8 - C:10', 'C', 'SINGLE', 'C'), (1, '[#7:2]', 'N:9 - H', 'N', 'SINGLE', 'H', '[#7]', '[H]')]","[(0, '[#6]1[#6][#6][#6]12[#6:1][#7:2][#6][#6]2', 'C:8 - N:9', 'C', 'SINGLE', 'N'), (0, '[#6:1](=[#8])[#7:2]', 'C:10 - N:9', 'C', 'SINGLE', 'N')]","[(0, '[#6](=[#8])-[#6]', 'C:8 - C:10', 'C', 'SINGLE', 'C', '[#6]=[#8]', '[#6]'), (1, '[#8]=[#15]([#8]-[#7])(c)c', 'N:9 - O:16', 'O', 'SINGLE', 'N', '[#8]=[#15]([#8])([c])[c]', '[#7]')]","[(0, '[#6](=[#8])[#7]-[#6]', 'C:8 - N:9', 'N', 'SINGLE', 'C', '[#6](=[#8])[#7]', '[#6]'), (0, '[#6](=[#8])-[#7]', 'C:10 - N:9', 'C', 'SINGLE', 'N', '[#6]=[#8]', '[#7]')]"
c3,NOP(=O)(c1ccccc1)c1ccccc1.c1ccc(C2=NCCc3ccccc32)cc1>>c1ccc(C2=NNCCc3ccccc32)cc1,c1ccc(C2=NNCCc3ccccc32)cc1,[NH2:6][O:20][P:19](=[O:18])([c:21]1[cH:22][cH:23][cH:24][cH:25][cH:26]1)[c:27]1[cH:28][cH:29][cH:30][cH:31][cH:32]1.[cH:1]1[cH:2][cH:3][c:4]([C:5]2=[N:7][CH2:8][CH2:9][c:10]3[cH:11][cH:12][cH:13][cH:14][c:15]32)[cH:16][cH:17]1>>[cH:1]1[cH:2][cH:3][c:4]([C:5]2=[N:6][NH:7][CH2:8][CH2:9][c:10]3[cH:11][cH:12][cH:13][cH:14][c:15]32)[cH:16][cH:17]1,"[['N:6 - H', 'N:6 - O:20'], ['C:5 = N:7']]","[['C:5 = N:6', 'N:6 - N:7', 'N:7 - H']]",[],"[(0, '[#7:2]', 'N:6 - H', 'N', 'SINGLE', 'H', '[#7]', '[H]'), (1, '[#7&X2;H1,H0;!$([#7&X2][#7,#8,#9,#15,#16,#17,Br,I]):1]=[#6&X3:2]', 'C:5 = N:7', 'C', 'DOUBLE', 'N')]","[(0, '[#7][#7&X2:1]=[#6&X3:2]', 'C:5 = N:6', 'C', 'DOUBLE', 'N'), (0, '[#7:1][#7&X2:2]=[#6&X3]', 'N:6 - N:7', 'N', 'SINGLE', 'N'), (0, '[#7:2][#7&X2]=[#6&X3]', 'N:7 - H', 'N', 'SINGLE', 'H', '[#7][#7X2]=[#6X3]', '[H]')]","[(0, '[#8]=[#15]([#8]-[#7])(c)c', 'N:6 - O:20', 'O', 'SINGLE', 'N', '[#8]=[#15]([#8])([c])[c]', '[#7]'), (1, '[#6]=[#7]', 'C:5 = N:7', 'C', 'DOUBLE', 'N', '[#6]', '[#7]')]","[(0, '[#6]=[#7]', 'C:5 = N:6', 'C', 'DOUBLE', 'N', '[#6]', '[#7]'), (0, '[#7]-[#7]', 'N:6 - N:7', 'N', 'SINGLE', 'N', '[#7]', '[#7]')]"
c3,CCc1cccc2cccnc12.NOP(=O)(c1ccccc1)c1ccccc1>>CCc1cccc2ccc[n+](N)c12,CCc1cccc2ccc[n+](N)c12,[CH3:1][CH2:2][c:3]1[cH:4][cH:5][cH:6][c:7]2[cH:8][cH:9][cH:10][n:11][c:13]12.[NH2:12][O:16][P:15](=[O:14])([c:17]1[cH:18][cH:19][cH:20][cH:21][cH:22]1)[c:23]1[cH:24][cH:25][cH:26][cH:27][cH:28]1>>[CH3:1][CH2:2][c:3]1[cH:4][cH:5][cH:6][c:7]2[cH:8][cH:9][cH:10][n+:11]([NH2:12])[c:13]12,"[None, ['N:12 - O:16']]",[['N:11 - N:12']],[],[],"[(0, '[N:1][n&+:2]1ccccc1', 'N:11 - N:12', 'N', 'SINGLE', 'N')]","[(1, '[#8]=[#15]([#8]-[#7])(c)c', 'N:12 - O:16', 'O', 'SINGLE', 'N', '[#8]=[#15]([#8])([c])[c]', '[#7]')]","[(0, '[#6]12[#6][#6][#6][#7]([#6]1[#6][#6][#6][#6]2)-[#7]', 'N:11 - N:12', 'N', 'SINGLE', 'N', '[#6]1([#6][#6][#6][#7]2)[#6]2[#6][#6][#6][#6]1', '[#7]')]"
c3,NOP(=O)(c1ccccc1)c1ccccc1.c1ccc(Cn2ccc3cccnc32)cc1>>N[n+]1cccc2ccn(Cc3ccccc3)c21,N[n+]1cccc2ccn(Cc3ccccc3)c21,[NH2:1][O:20][P:19](=[O:18])([c:21]1[cH:22][cH:23][cH:24][cH:25][cH:26]1)[c:27]1[cH:28][cH:29][cH:30][cH:31][cH:32]1.[n:2]1[cH:3][cH:4][cH:5][c:6]2[cH:7][cH:8][n:9]([CH2:10][c:11]3[cH:12][cH:13][cH:14][cH:15][cH:16]3)[c:17]12>>[NH2:1][n+:2]1[cH:3][cH:4][cH:5][c:6]2[cH:7][cH:8][n:9]([CH2:10][c:11]3[cH:12][cH:13][cH:14][cH:15][cH:16]3)[c:17]12,"[['N:1 - O:20'], None]",[['N:1 - N:2']],[],[],"[(0, '[N:1][n&+:2]1ccccc1', 'N:1 - N:2', 'N', 'SINGLE', 'N')]","[(0, '[#8]=[#15]([#8]-[#7])(c)c', 'N:1 - O:20', 'O', 'SINGLE', 'N', '[#8]=[#15]([#8])([c])[c]', '[#7]')]","[(0, '[#6]1[#6][#6][#7]([#6][#6]1)-[#7]', 'N:1 - N:2', 'N', 'SINGLE', 'N', '[#6]1[#6][#6][#7][#6][#6]1', '[#7]')]"
c3,Cc1ccc(-c2nc3ccccc3s2)cc1.NOP(=O)(c1ccccc1)c1ccccc1>>Cc1ccc(-c2sc3ccccc3[n+]2N)cc1,Cc1ccc(-c2sc3ccccc3[n+]2N)cc1,[CH3:1][c:2]1[cH:3][cH:4][c:5](-[c:6]2[s:7][c:8]3[cH:9][cH:10][cH:11][cH:12][c:13]3[n:14]2)[cH:16][cH:17]1.[NH2:15][O:20][P:19](=[O:18])([c:21]1[cH:22][cH:23][cH:24][cH:25][cH:26]1)[c:27]1[cH:28][cH:29][cH:30][cH:31][cH:32]1>>[CH3:1][c:2]1[cH:3][cH:4][c:5](-[c:6]2[s:7][c:8]3[cH:9][cH:10][cH:11][cH:12][c:13]3[n+:14]2[NH2:15])[cH:16][cH:17]1,"[None, ['N:15 - O:20']]",[['N:14 - N:15']],[],[],[],"[(1, '[#8]=[#15]([#8]-[#7])(c)c', 'N:15 - O:20', 'O', 'SINGLE', 'N', '[#8]=[#15]([#8])([c])[c]', '[#7]')]","[(0, '[#6]1[#7]([#6][#6][#16]1)-[#7]', 'N:14 - N:15', 'N', 'SINGLE', 'N', '[#6]1[#7][#6][#6][#16]1', '[#7]')]"
c3,CC(=O)n1ccc2cccnc21.NOP(=O)(c1ccccc1)c1ccccc1>>CC(=O)n1ccc2ccc[n+](N)c21,CC(=O)n1ccc2ccc[n+](N)c21,[CH3:1][C:2](=[O:3])[n:4]1[cH:5][cH:6][c:7]2[cH:8][cH:9][cH:10][n:11][c:13]12.[NH2:12][O:16][P:15](=[O:14])([c:17]1[cH:18][cH:19][cH:20][cH:21][cH:22]1)[c:23]1[cH:24][cH:25][cH:26][cH:27][cH:28]1>>[CH3:1][C:2](=[O:3])[n:4]1[cH:5][cH:6][c:7]2[cH:8][cH:9][cH:10][n+:11]([NH2:12])[c:13]12,"[None, ['N:12 - O:16']]",[['N:11 - N:12']],[],[],"[(0, '[N:1][n&+:2]1ccccc1', 'N:11 - N:12', 'N', 'SINGLE', 'N')]","[(1, '[#8]=[#15]([#8]-[#7])(c)c', 'N:12 - O:16', 'O', 'SINGLE', 'N', '[#8]=[#15]([#8])([c])[c]', '[#7]')]","[(0, '[#6]1[#6][#6][#7]([#6][#6]1)-[#7]', 'N:11 - N:12', 'N', 'SINGLE', 'N', '[#6]1[#6][#6][#7][#6][#6]1', '[#7]')]"
c3,CCn1c2ccccc2c2cc(C(C)=O)ccc21.NOP(=O)(c1ccccc1)c1ccccc1>>CC(=O)Nc1ccc2c(c1)c1ccccc1n2C,CC(=O)Nc1ccc2c(c1)c1ccccc1n2C,[CH3:1][C:2](=[O:3])[c:5]1[cH:6][cH:7][c:8]2[c:9]([cH:10]1)[c:11]1[cH:12][cH:13][cH:14][cH:15][c:16]1[n:17]2[CH2:18][CH3:19].[NH2:4][O:22][P:21](=[O:20])([c:23]1[cH:24][cH:25][cH:26][cH:27][cH:28]1)[c:29]1[cH:30][cH:31][cH:32][cH:33][cH:34]1>>[CH3:1][C:2](=[O:3])[NH:4][c:5]1[cH:6][cH:7][c:8]2[c:9]([cH:10]1)[c:11]1[cH:12][cH:13][cH:14][cH:15][c:16]1[n:17]2[CH3:18],"[['C:18 - C:19', 'C:2 - C:5'], ['N:4 - O:22', 'N:4 - H']]","[['C:2 - N:4', 'C:5 - N:4', 'C:18 - H']]",[],"[(0, '[#6&H2:1][#6&H3:2]', 'C:18 - C:19', 'C', 'SINGLE', 'C'), (0, '[#6][#6:1](=[#8])[#6:2]', 'C:2 - C:5', 'C', 'SINGLE', 'C'), (1, '[#7:2]', 'N:4 - H', 'N', 'SINGLE', 'H', '[#7]', '[H]')]","[(0, '[#6:1](=[#8])[#7:2]', 'C:2 - N:4', 'C', 'SINGLE', 'N'), (0, '[#7&X3&H1:1]([#6])[#6:2]', 'C:5 - N:4', 'C', 'SINGLE', 'N'), (0, '[#7&X3&H0]([#6])([#6:2])[#6]', 'C:18 - H', 'C', 'SINGLE', 'H', '[#7;X3H0]([#6])([#6])([#6])', '[H]')]","[(0, '[#7&X3&H0]([#6]-[#6])([#6])[#6]', 'C:18 - C:19', 'C', 'SINGLE', 'C', '[#7;X3H0]([#6])([#6])([#6])', '[#6]'), (0, 'c12c3cc(ccc3nc1cccc2)-[#6](=[#8])[#6&H3]', 'C:2 - C:5', 'C', 'SINGLE', 'C', '[c]1([c]([c][c][c][c]3)[c]3[n]2)[c]2[c][c][c][c]1', '[#6](=[#8])[#6;H3]'), (1, '[#8]=[#15]([#8]-[#7])(c)c', 'N:4 - O:22', 'O', 'SINGLE', 'N', '[#8]=[#15]([#8])([c])[c]', '[#7]')]","[(0, 'c1ccccc1[#7&!a;X4&H1&+,X4&H2&+,X4&H3&+,X3&H1&+0,X3&H0&+0,X3&H2&+0;!$([#7][!#6])]-[#6](=[#8])[#6&H3]', 'C:2 - N:4', 'N', 'SINGLE', 'C', '[c]1[c][c][c][c][c]1[#7;!a;X4H+,X4H2+,X4H3+,X3H+0,X3H0+0,X3H2+0;!$([#7][!#6])]', '[#6](=[#8])[#6;H3]'), (0, 'c12c3cc(ccc3nc1cccc2)-[#7][#6]=[#8]', 'C:5 - N:4', 'C', 'SINGLE', 'N', '[c]1([c]([c][c][c][c]3)[c]3[n]2)[c]2[c][c][c][c]1', '[#6](=[#8])[#7]')]"
c3,Cn1c2ccccc2c2ccncc21.NOP(=O)(c1ccccc1)c1ccccc1>>Cn1c2ccccc2c2cc[n+](N)cc21,Cn1c2ccccc2c2cc[n+](N)cc21,[CH3:1][n:2]1[c:3]2[cH:4][cH:5][cH:6][cH:7][c:8]2[c:9]2[cH:10][cH:11][n:12][cH:14][c:15]12.[NH2:13][O:18][P:17](=[O:16])([c:19]1[cH:20][cH:21][cH:22][cH:23][cH:24]1)[c:25]1[cH:26][cH:27][cH:28][cH:29][cH:30]1>>[CH3:1][n:2]1[c:3]2[cH:4][cH:5][cH:6][cH:7][c:8]2[c:9]2[cH:10][cH:11][n+:12]([NH2:13])[cH:14][c:15]12,"[None, ['N:13 - O:18']]",[['N:12 - N:13']],[],[],"[(0, '[N:1][n&+:2]1ccccc1', 'N:12 - N:13', 'N', 'SINGLE', 'N')]","[(1, '[#8]=[#15]([#8]-[#7])(c)c', 'N:13 - O:18', 'O', 'SINGLE', 'N', '[#8]=[#15]([#8])([c])[c]', '[#7]')]","[(0, '[#6]1[#6][#6][#7]([#6][#6]1)-[#7]', 'N:12 - N:13', 'N', 'SINGLE', 'N', '[#6]1[#6][#6][#7][#6][#6]1', '[#7]')]"
c3,CC(C)(C)OC(=O)N1CCn2ccnc2C1.NOP(=O)(c1ccccc1)c1ccccc1>>CC(C)(C)OC(=O)N1CCn2cc[n+](N)c2C1,CC(C)(C)OC(=O)N1CCn2cc[n+](N)c2C1,[CH3:1][C:2]([CH3:3])([CH3:4])[O:5][C:6](=[O:7])[N:8]1[CH2:9][CH2:10][n:11]2[cH:12][cH:13][n:14][c:16]2[CH2:17]1.[NH2:15][O:20][P:19](=[O:18])([c:21]1[cH:22][cH:23][cH:24][cH:25][cH:26]1)[c:27]1[cH:28][cH:29][cH:30][cH:31][cH:32]1>>[CH3:1][C:2]([CH3:3])([CH3:4])[O:5][C:6](=[O:7])[N:8]1[CH2:9][CH2:10][n:11]2[cH:12][cH:13][n+:14]([NH2:15])[c:16]2[CH2:17]1,"[None, ['N:15 - O:20']]",[['N:14 - N:15']],[],[],[],"[(1, '[#8]=[#15]([#8]-[#7])(c)c', 'N:15 - O:20', 'O', 'SINGLE', 'N', '[#8]=[#15]([#8])([c])[c]', '[#7]')]","[(0, '[#7]1([#6][#7][#6][#6]1)-[#7]', 'N:14 - N:15', 'N', 'SINGLE', 'N', '[#7]1[#6][#7][#6][#6]1', '[#7]')]"
c3,Fc1ccc(Br)cc1Cc1cc2ccccc2s1.NOP(=O)(c1ccccc1)c1ccccc1>>O=S1C(Cc2cc(Br)ccc2F)=Cc2ccccc21,O=S1C(Cc2cc(Br)ccc2F)=Cc2ccccc21,[H][O:19][H].[Br:7][c:6]1[cH:8][cH:9][c:10]([F:11])[c:4]([CH2:3][c:2]2[cH:12][c:13]([cH:14][cH:15][cH:16][cH:17]3)[c:18]3[s:1]2)[cH:5]1.NOP(c4ccccc4)(c5ccccc5)=O>>[O:19]=[S:1]6[C:2]([CH2:3][c:4]7[c:10]([F:11])[cH:9][cH:8][c:6]([Br:7])[cH:5]7)=[CH:12][c:13]8[c:18]6[cH:17][cH:16][cH:15][cH:14]8,"[None, ['N:20 - O:1', 'O:1 - P:21']]",[['O:1 = S:2']],"['C:13 aromatic C:14 -> C:13 - C:14', 'C:3 aromatic C:13 -> C:3 = C:13', 'C:3 aromatic S:2 -> C:3 - S:2', 'C:19 aromatic S:2 -> C:19 - S:2']",[],"[(0, '[#6]1[#6]=[#6:1][#16:2][#6]1', 'O:1 = S:2', 'O', 'DOUBLE', 'S')]",[],[]
c3,COc1ccc(Cc2nccc3ccccc23)cc1.NOP(=O)(c1ccccc1)c1ccccc1>>COc1ccc(Cc2c3ccccc3cc[n+]2N)cc1,COc1ccc(Cc2c3ccccc3cc[n+]2N)cc1,[CH3:1][O:2][c:3]1[cH:4][cH:5][c:6]([CH2:7][c:8]2[c:9]3[cH:10][cH:11][cH:12][cH:13][c:14]3[cH:15][cH:16][n:17]2)[cH:19][cH:20]1.[NH2:18][O:23][P:22](=[O:21])([c:24]1[cH:25][cH:26][cH:27][cH:28][cH:29]1)[c:30]1[cH:31][cH:32][cH:33][cH:34][cH:35]1>>[CH3:1][O:2][c:3]1[cH:4][cH:5][c:6]([CH2:7][c:8]2[c:9]3[cH:10][cH:11][cH:12][cH:13][c:14]3[cH:15][cH:16][n+:17]2[NH2:18])[cH:19][cH:20]1,"[None, ['N:18 - O:23']]",[['N:17 - N:18']],[],[],"[(0, '[N:1][n&+:2]1ccccc1', 'N:17 - N:18', 'N', 'SINGLE', 'N')]","[(1, '[#8]=[#15]([#8]-[#7])(c)c', 'N:18 - O:23', 'O', 'SINGLE', 'N', '[#8]=[#15]([#8])([c])[c]', '[#7]')]","[(0, '[#6]12[#6][#6][#7]([#6][#6]1[#6][#6][#6][#6]2)-[#7]', 'N:17 - N:18', 'N', 'SINGLE', 'N', '[#6]1([#6][#6][#7][#6]2)[#6]2[#6][#6][#6][#6]1', '[#7]')]"
c3,NOP(=O)(c1ccccc1)c1ccccc1.O=C1CCCCN1c1ccc(N2CCC=C(N3CCOCC3)C2=O)cc1>>N[N+]1(C2=CCCN(c3ccc(N4CCCCC4=O)cc3)C2=O)CCOCC1,N[N+]1(C2=CCCN(c3ccc(N4CCCCC4=O)cc3)C2=O)CCOCC1,[NH2:1][O:30][P:29](=[O:28])([c:31]1[cH:32][cH:33][cH:34][cH:35][cH:36]1)[c:37]1[cH:38][cH:39][cH:40][cH:41][cH:42]1.[N:2]1([C:3]2=[CH:4][CH2:5][CH2:6][N:7]([c:8]3[cH:9][cH:10][c:11]([N:12]4[CH2:13][CH2:14][CH2:15][CH2:16][C:17]4=[O:18])[cH:19][cH:20]3)[C:21]2=[O:22])[CH2:23][CH2:24][O:25][CH2:26][CH2:27]1>>[NH2:1][N+:2]1([C:3]2=[CH:4][CH2:5][CH2:6][N:7]([c:8]3[cH:9][cH:10][c:11]([N:12]4[CH2:13][CH2:14][CH2:15][CH2:16][C:17]4=[O:18])[cH:19][cH:20]3)[C:21]2=[O:22])[CH2:23][CH2:24][O:25][CH2:26][CH2:27]1,"[['N:1 - O:30'], None]",[['N:1 - N:2']],[],[],"[(0, '[#6][#7&+:1]([#7:2])([#6])[#6]', 'N:1 - N:2', 'N', 'SINGLE', 'N')]","[(0, '[#8]=[#15]([#8]-[#7])(c)c', 'N:1 - O:30', 'O', 'SINGLE', 'N', '[#8]=[#15]([#8])([c])[c]', '[#7]')]","[(0, '[#7]1([#6][#6][#8][#6][#6]1)-[#7]', 'N:1 - N:2', 'N', 'SINGLE', 'N', '[#7]1[#6][#6][#8][#6][#6]1', '[#7]')]"
c3,NOP(=O)(c1ccccc1)c1ccccc1.c1ccc(Cc2ncc[nH]2)cc1>>Nn1cc[n+](N)c1Cc1ccccc1,Nn1cc[n+](N)c1Cc1ccccc1,[NH2:1][O:15][P:16]([c:17]1[cH:18][cH:19][cH:20][cH:21][cH:22]1)([c:23]1[cH:24][cH:25][cH:26][cH:27][cH:28]1)=[O:29].[NH2:2][O:30][P:31]([c:32]1[cH:33][cH:34][cH:35][cH:36][cH:37]1)([c:38]1[cH:39][cH:40][cH:41][cH:42][cH:43]1)=[O:44].[n:3]1[cH:4][cH:5][nH:6][c:7]1[CH2:8][c:9]1[cH:10][cH:11][cH:12][cH:13][cH:14]1>>[NH2:1][n+:3]1[cH:4][cH:5][n:6]([NH2:2])[c:7]1[CH2:8][c:9]1[cH:10][cH:11][cH:12][cH:13][cH:14]1,"[['N:1 - O:15'], ['N:2 - O:30'], ['N:6 - H']]","[['N:1 - N:3', 'N:2 - N:6']]",[],"[(2, '[#7]1[#6][#7:2][#6][#6]1', 'N:6 - H', 'N', 'SINGLE', 'H', '[#7]1[#6][#7][#6][#6]1', '[H]')]","[(0, '[#7;X3&H1&+0,X3&H2&+0,X3&H0&+0:1][#7;X3&H1&+0,X3&H2&+0,X3&H0&+0:2]', 'N:2 - N:6', 'N', 'SINGLE', 'N')]","[(0, '[#8]=[#15]([#8]-[#7])(c)c', 'N:1 - O:15', 'O', 'SINGLE', 'N', '[#8]=[#15]([#8])([c])[c]', '[#7]'), (1, '[#8]=[#15]([#8]-[#7])(c)c', 'N:2 - O:30', 'O', 'SINGLE', 'N', '[#8]=[#15]([#8])([c])[c]', '[#7]')]","[(0, '[#7]1([#6][#7][#6][#6]1)-[#7]', 'N:1 - N:3', 'N', 'SINGLE', 'N', '[#7]1[#6][#7][#6][#6]1', '[#7]'), (0, '[#7]1([#6][#7][#6][#6]1)-[#7]', 'N:2 - N:6', 'N', 'SINGLE', 'N', '[#7]1[#6][#7][#6][#6]1', '[#7]')]"
c3,NOP(=O)(c1ccccc1)c1ccccc1.O=Cc1ccc2c(c1)c1ccccc1n2Cc1ccccc1>>NC(=O)c1ccc2c(c1)c1ccccc1n2Cc1ccccc1,NC(=O)c1ccc2c(c1)c1ccccc1n2Cc1ccccc1,[NH2:1][O:26][P:25](=[O:24])([c:27]1[cH:28][cH:29][cH:30][cH:31][cH:32]1)[c:33]1[cH:34][cH:35][cH:36][cH:37][cH:38]1.[CH:2](=[O:3])[c:4]1[cH:5][cH:6][c:7]2[c:8]([cH:9]1)[c:10]1[cH:11][cH:12][cH:13][cH:14][c:15]1[n:16]2[CH2:17][c:18]1[cH:19][cH:20][cH:21][cH:22][cH:23]1>>[NH2:1][C:2](=[O:3])[c:4]1[cH:5][cH:6][c:7]2[c:8]([cH:9]1)[c:10]1[cH:11][cH:12][cH:13][cH:14][c:15]1[n:16]2[CH2:17][c:18]1[cH:19][cH:20][cH:21][cH:22][cH:23]1,"[['N:1 - O:26'], ['C:2 - H']]",[['C:2 - N:1']],[],"[(1, '[#6&X3&H1:2]=[#8]', 'C:2 - H', 'C', 'SINGLE', 'H', '[#6X3;H1](=[#8])', '[H]')]","[(0, '[#6:1](=[#8])[#7:2]', 'C:2 - N:1', 'C', 'SINGLE', 'N')]","[(0, '[#8]=[#15]([#8]-[#7])(c)c', 'N:1 - O:26', 'O', 'SINGLE', 'N', '[#8]=[#15]([#8])([c])[c]', '[#7]')]","[(0, '[#6](=[#8])-[#7]', 'C:2 - N:1', 'C', 'SINGLE', 'N', '[#6]=[#8]', '[#7]')]"
c3,C=CCc1ccccc1.NOP(=O)(c1ccccc1)c1ccccc1>>NC(COP(=O)(c1ccccc1)c1ccccc1)Cc1ccccc1,NC(COP(=O)(c1ccccc1)c1ccccc1)Cc1ccccc1,[CH:2](=[CH2:3])[CH2:19][c:20]1[cH:21][cH:22][cH:23][cH:24][cH:25]1.[NH2:1][O:4][P:5](=[O:6])([c:7]1[cH:8][cH:9][cH:10][cH:11][cH:12]1)[c:13]1[cH:14][cH:15][cH:16][cH:17][cH:18]1>>[NH2:1][CH:2]([CH2:3][O:4][P:5](=[O:6])([c:7]1[cH:8][cH:9][cH:10][cH:11][cH:12]1)[c:13]1[cH:14][cH:15][cH:16][cH:17][cH:18]1)[CH2:19][c:20]1[cH:21][cH:22][cH:23][cH:24][cH:25]1,"[None, ['N:1 - O:4']]","[['C:2 - N:1', 'C:3 - O:4']]",['C:2 = C:3 -> C:2 - C:3'],[],"[(0, '[#7&X3&H2:1][#6:2]', 'C:2 - N:1', 'C', 'SINGLE', 'N')]","[(1, '[#8]=[#15]([#8]-[#7])(c)c', 'N:1 - O:4', 'O', 'SINGLE', 'N', '[#8]=[#15]([#8])([c])[c]', '[#7]')]","[(0, '[C&X4&!R][C&X4&!R]([C&X4&!R])-[#7]', 'C:2 - N:1', 'C', 'SINGLE', 'N', '[CX4;!R][CX4;!R][CX4;!R]', '[#7]'), (0, '[#8]=[#15]([#8]-[C&X4&!R][C&X4&!R][C&X4&!R])(c)c', 'C:3 - O:4', 'O', 'SINGLE', 'C', '[#8]=[#15]([#8])([c])[c]', '[CX4;!R][CX4;!R][CX4;!R]')]"
c3,NOP(=O)(c1ccccc1)c1ccccc1.c1cc2cc[nH]c2cn1>>N[n+]1ccc2cc[nH]c2c1,N[n+]1ccc2cc[nH]c2c1,[NH2:1][O:13][P:12](=[O:11])([c:14]1[cH:15][cH:16][cH:17][cH:18][cH:19]1)[c:20]1[cH:21][cH:22][cH:23][cH:24][cH:25]1.[n:2]1[cH:3][cH:4][c:5]2[cH:6][cH:7][nH:8][c:9]2[cH:10]1>>[NH2:1][n+:2]1[cH:3][cH:4][c:5]2[cH:6][cH:7][nH:8][c:9]2[cH:10]1,"[['N:1 - O:13'], None]",[['N:1 - N:2']],[],[],"[(0, '[N:1][n&+:2]1ccccc1', 'N:1 - N:2', 'N', 'SINGLE', 'N')]","[(0, '[#8]=[#15]([#8]-[#7])(c)c', 'N:1 - O:13', 'O', 'SINGLE', 'N', '[#8]=[#15]([#8])([c])[c]', '[#7]')]","[(0, '[#6]1[#6][#6][#7]([#6][#6]1)-[#7]', 'N:1 - N:2', 'N', 'SINGLE', 'N', '[#6]1[#6][#6][#7][#6][#6]1', '[#7]')]"
c3,NOP(=O)(c1ccccc1)c1ccccc1.O=C(O)C1CCN(Cc2ccccn2)CC1>>N[n+]1ccccc1CN1CCC(C(=O)O)CC1,N[n+]1ccccc1CN1CCC(C(=O)O)CC1,[NH2:1][O:20][P:19](=[O:18])([c:21]1[cH:22][cH:23][cH:24][cH:25][cH:26]1)[c:27]1[cH:28][cH:29][cH:30][cH:31][cH:32]1.[n:2]1[cH:3][cH:4][cH:5][cH:6][c:7]1[CH2:8][N:9]1[CH2:10][CH2:11][CH:12]([C:13](=[O:14])[OH:15])[CH2:16][CH2:17]1>>[NH2:1][n+:2]1[cH:3][cH:4][cH:5][cH:6][c:7]1[CH2:8][N:9]1[CH2:10][CH2:11][CH:12]([C:13](=[O:14])[OH:15])[CH2:16][CH2:17]1,"[['N:1 - O:20'], None]",[['N:1 - N:2']],[],[],"[(0, '[N:1][n&+:2]1ccccc1', 'N:1 - N:2', 'N', 'SINGLE', 'N')]","[(0, '[#8]=[#15]([#8]-[#7])(c)c', 'N:1 - O:20', 'O', 'SINGLE', 'N', '[#8]=[#15]([#8])([c])[c]', '[#7]')]","[(0, '[#6]1[#6][#6][#7]([#6][#6]1)-[#7]', 'N:1 - N:2', 'N', 'SINGLE', 'N', '[#6]1[#6][#6][#7][#6][#6]1', '[#7]')]"
c3,NOP(=O)(c1ccccc1)c1ccccc1.O=c1cc[nH]cn1>>Nn1ccc(=O)nc1,Nn1ccc(=O)nc1,[NH2:1]OP(c1ccccc1)(c2ccccc2)=O.[O:6]=[C:5]3[CH:4]=[CH:3][NH:2][CH:8]=[N:7]3>>[NH2:1][N:2]4[CH:3]=[CH:4][C:5]([N:7]=[CH:8]4)=[O:6],"[['N:1 - O:11'], ['N:2 - H']]",[['N:1 - N:2']],[],"[(1, '[#8]=c1cc[n:2]cn1', 'N:2 - H', 'N', 'SINGLE', 'H', '[#8]=c1ccncn1', '[H]')]","[(0, '[#7;X3&H1&+0,X3&H2&+0,X3&H0&+0:1][#7;X3&H1&+0,X3&H2&+0,X3&H0&+0:2]', 'N:1 - N:2', 'N', 'SINGLE', 'N')]",[],"[(0, '[#7]-[#7]', 'N:1 - N:2', 'N', 'SINGLE', 'N', '[#7]', '[#7]')]"
c3,Cc1ccc(S(=O)(=O)N2CC(=O)C2)cc1.NOP(=O)(c1ccccc1)c1ccccc1>>Cc1ccc(S(=O)(=O)[N+]2(N)CC(=O)C2)cc1,Cc1ccc(S(=O)(=O)[N+]2(N)CC(=O)C2)cc1,[CH3:1][c:2]1[cH:3][cH:4][c:5]([S:6](=[O:7])(=[O:8])[N:9]2[CH2:11][C:12](=[O:13])[CH2:14]2)[cH:15][cH:16]1.[NH2:10][O:19][P:18](=[O:17])([c:20]1[cH:21][cH:22][cH:23][cH:24][cH:25]1)[c:26]1[cH:27][cH:28][cH:29][cH:30][cH:31]1>>[CH3:1][c:2]1[cH:3][cH:4][c:5]([S:6](=[O:7])(=[O:8])[N+:9]2([NH2:10])[CH2:11][C:12](=[O:13])[CH2:14]2)[cH:15][cH:16]1,"[None, ['N:10 - O:19']]",[['N:9 - N:10']],[],[],"[(0, '[#16&v6](=[#8])(=[#8])[#7;H1,H0:1][#7;X3&H1&+0,X3&H2&+0,X3&H0&+0:2]', 'N:9 - N:10', 'N', 'SINGLE', 'N')]","[(1, '[#8]=[#15]([#8]-[#7])(c)c', 'N:10 - O:19', 'O', 'SINGLE', 'N', '[#8]=[#15]([#8])([c])[c]', '[#7]')]","[(0, '[#6]1[#6][#7]([#6]1)-[#7]', 'N:9 - N:10', 'N', 'SINGLE', 'N', '[#6]1[#6][#7][#6]1', '[#7]')]"
c3,CN1CC=CCC1.Cl.NOP(=O)(c1ccccc1)c1ccccc1>>C[N+]1(N)CC=CCC1,C[N+]1(N)CC=CCC1,[CH3:1][N:2]1[CH2:4][CH:5]=[CH:6][CH2:7][CH2:8]1.[ClH:9].[NH2:3][O:12][P:11](=[O:10])([c:13]1[cH:14][cH:15][cH:16][cH:17][cH:18]1)[c:19]1[cH:20][cH:21][cH:22][cH:23][cH:24]1>>[CH3:1][N+:2]1([NH2:3])[CH2:4][CH:5]=[CH:6][CH2:7][CH2:8]1,"[None, None, ['N:3 - O:12']]",[['N:2 - N:3']],[],[],"[(0, '[#6][#7&+:1]([#7:2])([#6])[#6]', 'N:2 - N:3', 'N', 'SINGLE', 'N')]","[(2, '[#8]=[#15]([#8]-[#7])(c)c', 'N:3 - O:12', 'O', 'SINGLE', 'N', '[#8]=[#15]([#8])([c])[c]', '[#7]')]","[(0, '[#6]1=[#6][#6][#7]([#6][#6]1)-[#7]', 'N:2 - N:3', 'N', 'SINGLE', 'N', '[#6]1=[#6][#6][#7][#6][#6]1', '[#7]')]"
c3,Ic1cccc2cnccc12.NOP(=O)(c1ccccc1)c1ccccc1>>N[n+]1ccc2c(I)cccc2c1,N[n+]1ccc2c(I)cccc2c1,[n:2]1[cH:3][cH:4][c:5]2[c:6]([I:7])[cH:8][cH:9][cH:10][c:11]2[cH:12]1.[NH2:1][O:15][P:14](=[O:13])([c:16]1[cH:17][cH:18][cH:19][cH:20][cH:21]1)[c:22]1[cH:23][cH:24][cH:25][cH:26][cH:27]1>>[NH2:1][n+:2]1[cH:3][cH:4][c:5]2[c:6]([I:7])[cH:8][cH:9][cH:10][c:11]2[cH:12]1,"[None, ['N:1 - O:15']]",[['N:1 - N:2']],[],[],"[(0, '[N:1][n&+:2]1ccccc1', 'N:1 - N:2', 'N', 'SINGLE', 'N')]","[(1, '[#8]=[#15]([#8]-[#7])(c)c', 'N:1 - O:15', 'O', 'SINGLE', 'N', '[#8]=[#15]([#8])([c])[c]', '[#7]')]","[(0, '[#6]12[#6][#6][#7]([#6][#6]1[#6][#6][#6][#6]2)-[#7]', 'N:1 - N:2', 'N', 'SINGLE', 'N', '[#6]1([#6][#6][#7][#6]2)[#6]2[#6][#6][#6][#6]1', '[#7]')]"
c3,NOP(=O)(c1ccccc1)c1ccccc1.c1ccc(-c2ccsc2)nc1>>N[n+]1ccccc1-c1ccsc1,N[n+]1ccccc1-c1ccsc1,[NH2:1][O:15][P:14](=[O:13])([c:16]1[cH:17][cH:18][cH:19][cH:20][cH:21]1)[c:22]1[cH:23][cH:24][cH:25][cH:26][cH:27]1.[n:2]1[cH:3][cH:4][cH:5][cH:6][c:7]1-[c:8]1[cH:9][cH:10][s:11][cH:12]1>>[NH2:1][n+:2]1[cH:3][cH:4][cH:5][cH:6][c:7]1-[c:8]1[cH:9][cH:10][s:11][cH:12]1,"[['N:1 - O:15'], None]",[['N:1 - N:2']],[],[],"[(0, '[N:1][n&+:2]1ccccc1', 'N:1 - N:2', 'N', 'SINGLE', 'N')]","[(0, '[#8]=[#15]([#8]-[#7])(c)c', 'N:1 - O:15', 'O', 'SINGLE', 'N', '[#8]=[#15]([#8])([c])[c]', '[#7]')]","[(0, '[#6]1[#6][#6][#7]([#6][#6]1)-[#7]', 'N:1 - N:2', 'N', 'SINGLE', 'N', '[#6]1[#6][#6][#7][#6][#6]1', '[#7]')]"
c3,NOP(=O)(c1ccccc1)c1ccccc1.O=C1CCCn2nccc21>>N[N+]12CCCC(=O)C1=CC=N2,N[N+]12CCCC(=O)C1=CC=N2,[NH2:1][O:14][P:13](=[O:12])([c:15]1[cH:16][cH:17][cH:18][cH:19][cH:20]1)[c:21]1[cH:22][cH:23][cH:24][cH:25][cH:26]1.[n:2]12[c:8]([cH:9][cH:10][n:11]1)[C:6](=[O:7])[CH2:5][CH2:4][CH2:3]2>>[NH2:1][N+:2]12[CH2:3][CH2:4][CH2:5][C:6](=[O:7])[C:8]1=[CH:9][CH:10]=[N:11]2,"[['N:1 - O:14'], None]",[['N:1 - N:2']],"['N:2 aromatic N:11 -> N:2 - N:11', 'C:8 aromatic N:2 -> C:8 - N:2', 'C:8 aromatic C:9 -> C:8 = C:9', 'C:10 aromatic N:11 -> C:10 = N:11', 'C:9 aromatic C:10 -> C:9 - C:10']",[],[],"[(0, '[#8]=[#15]([#8]-[#7])(c)c', 'N:1 - O:14', 'O', 'SINGLE', 'N', '[#8]=[#15]([#8])([c])[c]', '[#7]')]","[(0, '[#6]1[#6][#6][#7]([#6][#6]1)-[#7]', 'N:1 - N:2', 'N', 'SINGLE', 'N', '[#6]1[#6][#6][#7][#6][#6]1', '[#7]')]"
c3,NOP(=O)(c1ccccc1)c1ccccc1.O=C1NC(=O)C2CC12>>NN1C(=O)C2CC2C1=O,NN1C(=O)C2CC2C1=O,[NH2:1][O:12][P:11](=[O:10])([c:13]1[cH:14][cH:15][cH:16][cH:17][cH:18]1)[c:19]1[cH:20][cH:21][cH:22][cH:23][cH:24]1.[NH:2]1[C:3](=[O:4])[CH:5]2[CH2:6][CH:7]2[C:8]1=[O:9]>>[NH2:1][N:2]1[C:3](=[O:4])[CH:5]2[CH2:6][CH:7]2[C:8]1=[O:9],"[['N:1 - O:12'], ['N:2 - H']]",[['N:1 - N:2']],[],"[(1, '[#6]1(=[#8])[#7:2][#6](=[#8])[#6][#6][#6]1', 'N:2 - H', 'N', 'SINGLE', 'H', '[#6]1(=[#8])[#7][#6](=[#8])[#6][#6][#6]1', '[H]')]","[(0, '[#6&X3](=[#8])[#7;H1,H0:1][#7;X3&H1&+0,X3&H2&+0,X3&H0&+0:2]', 'N:1 - N:2', 'N', 'SINGLE', 'N')]","[(0, '[#8]=[#15]([#8]-[#7])(c)c', 'N:1 - O:12', 'O', 'SINGLE', 'N', '[#8]=[#15]([#8])([c])[c]', '[#7]')]","[(0, '[#6]1(=[#8])[#7]([#6](=[#8])[#6][#6][#6]1)-[#7]', 'N:1 - N:2', 'N', 'SINGLE', 'N', '[#6]1(=[#8])[#7][#6](=[#8])[#6][#6][#6]1', '[#7]')]"
c3,Clc1cnc2ccccn12.NOP(=O)(c1ccccc1)c1ccccc1>>N[n+]1cc(Cl)n2ccccc21,N[n+]1cc(Cl)n2ccccc21,[n:2]1[cH:3][c:4]([Cl:5])[n:6]2[cH:7][cH:8][cH:9][cH:10][c:11]12.[NH2:1][O:14][P:13](=[O:12])([c:15]1[cH:16][cH:17][cH:18][cH:19][cH:20]1)[c:21]1[cH:22][cH:23][cH:24][cH:25][cH:26]1>>[NH2:1][n+:2]1[cH:3][c:4]([Cl:5])[n:6]2[cH:7][cH:8][cH:9][cH:10][c:11]12,"[None, ['N:1 - O:14']]",[['N:1 - N:2']],[],[],[],"[(1, '[#8]=[#15]([#8]-[#7])(c)c', 'N:1 - O:14', 'O', 'SINGLE', 'N', '[#8]=[#15]([#8])([c])[c]', '[#7]')]","[(0, '[#7]1([#6][#7][#6][#6]1)-[#7]', 'N:1 - N:2', 'N', 'SINGLE', 'N', '[#7]1[#6][#7][#6][#6]1', '[#7]')]"
c3,CCOC(=O)C1=NN=C(C)C1.NOP(=O)(c1ccccc1)c1ccccc1>>CCOC(=O)C1=NN=C(C)C1N,CCOC(=O)C1=NN=C(C)C1N,[CH3:1][CH2:2][O:3][C:4](=[O:5])[C:6]1=[N:7][N:8]=[C:9]([CH3:10])[CH2:11]1.[NH2:12][O:15][P:14](=[O:13])([c:16]1[cH:17][cH:18][cH:19][cH:20][cH:21]1)[c:22]1[cH:23][cH:24][cH:25][cH:26][cH:27]1>>[CH3:1][CH2:2][O:3][C:4](=[O:5])[C:6]1=[N:7][N:8]=[C:9]([CH3:10])[CH:11]1[NH2:12],"[['C:11 - H'], ['N:12 - O:15']]",[['C:11 - N:12']],[],"[(0, '[#6]1=[#7][#7]=[#6][#6:2]1', 'C:11 - H', 'C', 'SINGLE', 'H', '[#6]1=[#7][#7]=[#6][#6]1', '[H]')]","[(0, '[#7&X3&H2:1][#6:2]', 'C:11 - N:12', 'C', 'SINGLE', 'N')]","[(1, '[#8]=[#15]([#8]-[#7])(c)c', 'N:12 - O:15', 'O', 'SINGLE', 'N', '[#8]=[#15]([#8])([c])[c]', '[#7]')]","[(0, '[#6]1=[#7][#7]=[#6][#6]1-[#7]', 'C:11 - N:12', 'C', 'SINGLE', 'N', '[#6]1=[#7][#7]=[#6][#6]1', '[#7]')]"
c3,NOP(=O)(c1ccccc1)c1ccccc1.O=c1[nH]cnc2cccnc12>>Nn1cnc2cccnc2c1=O,Nn1cnc2cccnc2c1=O,[NH2:1]OP(c1ccccc1)(c2ccccc2)=O.[O:12]=[C:11]3[C:10]4=[C:5]([CH:6]=[CH:7][CH:8]=[N:9]4)[N:4]=[CH:3][NH:2]3>>[NH2:1][N:2]5[CH:3]=[N:4][C:5]6=[C:10]([C:11]5=[O:12])[N:9]=[CH:8][CH:7]=[CH:6]6,"[['N:1 - O:15'], ['N:2 - H']]",[['N:1 - N:2']],[],"[(1, 'c12cccnc1c[n:2]cn2', 'N:2 - H', 'N', 'SINGLE', 'H', '[c]1([c][c][c][n]2)[c]2[c][n][c][n]1', '[H]')]","[(0, '[#6&X3](=[#8])[#7;H1,H0:1][#7;X3&H1&+0,X3&H2&+0,X3&H0&+0:2]', 'N:1 - N:2', 'N', 'SINGLE', 'N')]",[],"[(0, '[#6](=[#8])[#7]-[#7]', 'N:1 - N:2', 'N', 'SINGLE', 'N', '[#6](=[#8])[#7]', '[#7]')]"
c3,NOP(=O)(c1ccccc1)c1ccccc1.OB(O)c1ccc2cccnc2c1>>N[n+]1cccc2ccc(B(O)O)cc21,N[n+]1cccc2ccc(B(O)O)cc21,[NH2:1][O:17][P:16](=[O:15])([c:18]1[cH:19][cH:20][cH:21][cH:22][cH:23]1)[c:24]1[cH:25][cH:26][cH:27][cH:28][cH:29]1.[n:2]1[cH:3][cH:4][cH:5][c:6]2[cH:7][cH:8][c:9]([B:10]([OH:11])[OH:12])[cH:13][c:14]12>>[NH2:1][n+:2]1[cH:3][cH:4][cH:5][c:6]2[cH:7][cH:8][c:9]([B:10]([OH:11])[OH:12])[cH:13][c:14]12,"[['N:1 - O:17'], None]",[['N:1 - N:2']],[],[],"[(0, '[N:1][n&+:2]1ccccc1', 'N:1 - N:2', 'N', 'SINGLE', 'N')]","[(0, '[#8]=[#15]([#8]-[#7])(c)c', 'N:1 - O:17', 'O', 'SINGLE', 'N', '[#8]=[#15]([#8])([c])[c]', '[#7]')]","[(0, '[#6]12[#6][#6][#6][#7]([#6]1[#6][#6][#6][#6]2)-[#7]', 'N:1 - N:2', 'N', 'SINGLE', 'N', '[#6]1([#6][#6][#6][#7]2)[#6]2[#6][#6][#6][#6]1', '[#7]')]"
c3,NOP(=O)(c1ccccc1)c1ccccc1.O=C(O)c1cccc2cc3ccccc3nc12>>O=C(O)c1ccccc1-n1ncc2ccccc21,O=C(O)c1ccccc1-n1ncc2ccccc21,[NH2:11][O:21][P:20](=[O:19])([c:22]1[cH:23][cH:24][cH:25][cH:26][cH:27]1)[c:28]1[cH:29][cH:30][cH:31][cH:32][cH:33]1.[O:1]=[C:2]([OH:3])[c:4]1[cH:5][cH:6][cH:7][c:8]2[c:9]1[n:10][c:18]1[c:13]([cH:12]2)[cH:14][cH:15][cH:16][cH:17]1>>[O:1]=[C:2]([OH:3])[c:4]1[cH:5][cH:6][cH:7][cH:8][c:9]1-[n:10]1[n:11][cH:12][c:13]2[cH:14][cH:15][cH:16][cH:17][c:18]12,"[['N:11 - H', 'N:11 - O:21'], ['C:8 aromatic C:12']]","[['N:10 aromatic N:11', 'C:8 - H', 'C:12 aromatic N:11']]",['C:9 aromatic N:10 -> C:9 - N:10'],"[(0, '[#7:2]', 'N:11 - H', 'N', 'SINGLE', 'H', '[#7]', '[H]'), (1, '[#6:1]12[#6:2][#6][#6][#7][#6]1[#6][#6][#6][#6]2', 'C:8 aromatic C:12', 'C', 'AROMATIC', 'C')]","[(0, '[#6]1[#7:1][#7:2][#6][#6]1', 'N:10 aromatic N:11', 'N', 'AROMATIC', 'N'), (0, 'c1ccc[c:2]c1', 'C:8 - H', 'C', 'SINGLE', 'H', '[c]1[c][c][c][c][c]1', '[H]'), (0, '[#6:1]1[#7:2][#7][#6][#6]1', 'C:12 aromatic N:11', 'C', 'AROMATIC', 'N')]","[(0, '[#8]=[#15]([#8]-[#7])(c)c', 'N:11 - O:21', 'O', 'SINGLE', 'N', '[#8]=[#15]([#8])([c])[c]', '[#7]')]",[]
c3,CC1(C)C2C(=O)NC(=O)C21.NOP(=O)(c1ccccc1)c1ccccc1>>CC1(C)C2C(=O)N(N)C(=O)C21,CC1(C)C2C(=O)N(N)C(=O)C21,[CH3:1][C:2]1([CH3:3])[CH:4]2[C:5](=[O:6])[NH:7][C:9](=[O:10])[CH:11]12.[NH2:8][O:14][P:13](=[O:12])([c:15]1[cH:16][cH:17][cH:18][cH:19][cH:20]1)[c:21]1[cH:22][cH:23][cH:24][cH:25][cH:26]1>>[CH3:1][C:2]1([CH3:3])[CH:4]2[C:5](=[O:6])[N:7]([NH2:8])[C:9](=[O:10])[CH:11]12,"[['N:7 - H'], ['N:8 - O:14']]",[['N:7 - N:8']],[],"[(0, '[#6]1(=[#8])[#7:2][#6](=[#8])[#6][#6][#6]1', 'N:7 - H', 'N', 'SINGLE', 'H', '[#6]1(=[#8])[#7][#6](=[#8])[#6][#6][#6]1', '[H]')]","[(0, '[#6&X3](=[#8])[#7;H1,H0:1][#7;X3&H1&+0,X3&H2&+0,X3&H0&+0:2]', 'N:7 - N:8', 'N', 'SINGLE', 'N')]","[(1, '[#8]=[#15]([#8]-[#7])(c)c', 'N:8 - O:14', 'O', 'SINGLE', 'N', '[#8]=[#15]([#8])([c])[c]', '[#7]')]","[(0, '[#6]1(=[#8])[#7]([#6](=[#8])[#6][#6][#6]1)-[#7]', 'N:7 - N:8', 'N', 'SINGLE', 'N', '[#6]1(=[#8])[#7][#6](=[#8])[#6][#6][#6]1', '[#7]')]"
c3,NOP(=O)(c1ccccc1)c1ccccc1.OB(O)c1ccncc1>>N[n+]1ccc(B(O)O)cc1,N[n+]1ccc(B(O)O)cc1,[NH2:1][O:13][P:12](=[O:11])([c:14]1[cH:15][cH:16][cH:17][cH:18][cH:19]1)[c:20]1[cH:21][cH:22][cH:23][cH:24][cH:25]1.[n:2]1[cH:3][cH:4][c:5]([B:6]([OH:7])[OH:8])[cH:9][cH:10]1>>[NH2:1][n+:2]1[cH:3][cH:4][c:5]([B:6]([OH:7])[OH:8])[cH:9][cH:10]1,"[['N:1 - O:13'], None]",[['N:1 - N:2']],[],[],"[(0, '[N:1][n&+:2]1ccccc1', 'N:1 - N:2', 'N', 'SINGLE', 'N')]","[(0, '[#8]=[#15]([#8]-[#7])(c)c', 'N:1 - O:13', 'O', 'SINGLE', 'N', '[#8]=[#15]([#8])([c])[c]', '[#7]')]","[(0, '[#6]1[#6][#6][#7]([#6][#6]1)-[#7]', 'N:1 - N:2', 'N', 'SINGLE', 'N', '[#6]1[#6][#6][#7][#6][#6]1', '[#7]')]"
c3,NOP(=O)(c1ccccc1)c1ccccc1.c1ccc(-c2nnn[nH]2)cc1>>Nn1nnnc1-c1ccccc1,Nn1nnnc1-c1ccccc1,[NH2:1][O:15][P:14](=[O:13])([c:16]1[cH:17][cH:18][cH:19][cH:20][cH:21]1)[c:22]1[cH:23][cH:24][cH:25][cH:26][cH:27]1.[nH:2]1[n:3][n:4][n:5][c:6]1-[c:7]1[cH:8][cH:9][cH:10][cH:11][cH:12]1>>[NH2:1][n:2]1[n:3][n:4][n:5][c:6]1-[c:7]1[cH:8][cH:9][cH:10][cH:11][cH:12]1,"[['N:1 - O:15'], ['N:2 - H']]",[['N:1 - N:2']],[],"[(1, 'n1nnc[n:2]1', 'N:2 - H', 'N', 'SINGLE', 'H', 'n1nncn1', '[H]')]","[(0, '[#7;X3&H1&+0,X3&H2&+0,X3&H0&+0:1][#7;X3&H1&+0,X3&H2&+0,X3&H0&+0:2]', 'N:1 - N:2', 'N', 'SINGLE', 'N')]","[(0, '[#8]=[#15]([#8]-[#7])(c)c', 'N:1 - O:15', 'O', 'SINGLE', 'N', '[#8]=[#15]([#8])([c])[c]', '[#7]')]","[(0, '[#7]-[#7]', 'N:1 - N:2', 'N', 'SINGLE', 'N', '[#7]', '[#7]')]"
c3,NOP(=O)(c1ccccc1)c1ccccc1.Oc1cccc(N2CCOCC2)c1>>N[N+]1(c2cccc(O)c2)CCOCC1,N[N+]1(c2cccc(O)c2)CCOCC1,[NH2:1][O:17][P:16](=[O:15])([c:18]1[cH:19][cH:20][cH:21][cH:22][cH:23]1)[c:24]1[cH:25][cH:26][cH:27][cH:28][cH:29]1.[N:2]1([c:3]2[cH:4][cH:5][cH:6][c:7]([OH:8])[cH:9]2)[CH2:10][CH2:11][O:12][CH2:13][CH2:14]1>>[NH2:1][N+:2]1([c:3]2[cH:4][cH:5][cH:6][c:7]([OH:8])[cH:9]2)[CH2:10][CH2:11][O:12][CH2:13][CH2:14]1,"[['N:1 - O:17'], None]",[['N:1 - N:2']],[],[],"[(0, '[#6][#7&+:1]([#7:2])([#6])[#6]', 'N:1 - N:2', 'N', 'SINGLE', 'N')]","[(0, '[#8]=[#15]([#8]-[#7])(c)c', 'N:1 - O:17', 'O', 'SINGLE', 'N', '[#8]=[#15]([#8])([c])[c]', '[#7]')]","[(0, '[#7]1([#6][#6][#8][#6][#6]1)-[#7]', 'N:1 - N:2', 'N', 'SINGLE', 'N', '[#7]1[#6][#6][#8][#6][#6]1', '[#7]')]"
c3,NOP(=O)(c1ccccc1)c1ccccc1.OB1c2ccccc2Oc2ccccc21>>NOB1c2ccccc2Oc2ccccc21,NOB1c2ccccc2Oc2ccccc21,[NH2:1]OP(c1ccccc1)(c2ccccc2)=O.[OH:3][B:2]3[c:4]4[c:9]([O:10][c:11]5[c:16]3[cH:15][cH:14][cH:13][cH:12]5)[cH:8][cH:7][cH:6][cH:5]4>>[NH2:1][O:3][B:2]6[c:4]7[c:9]([O:10][c:11]8[c:16]6[cH:15][cH:14][cH:13][cH:12]8)[cH:8][cH:7][cH:6][cH:5]7,"[['O:2 - P:18'], ['B:3 - O:31']]",[['B:3 - O:2']],[],[],"[(0, '[#8:1][#5:2][#6]', 'B:3 - O:2', 'B', 'SINGLE', 'O')]",[],[]
c3,NOP(=O)(c1ccccc1)c1ccccc1.c1ncc2[nH]cnc2n1>>Nn1c[n+](N)c2ncncc21,Nn1c[n+](N)c2ncncc21,[NH2:1][O:12][P:13]([c:14]1[cH:15][cH:16][cH:17][cH:18][cH:19]1)([c:20]1[cH:21][cH:22][cH:23][cH:24][cH:25]1)=[O:26].[NH2:11][O:27][P:28]([c:29]1[cH:30][cH:31][cH:32][cH:33][cH:34]1)([c:35]1[cH:36][cH:37][cH:38][cH:39][cH:40]1)=[O:41].[n:2]1[c:3]2[n:4][cH:5][nH:6][c:7]2[cH:8][n:9][cH:10]1>>[NH2:1][n+:4]1[c:3]2[n:2][cH:10][n:9][cH:8][c:7]2[n:6]([NH2:11])[cH:5]1,"[['N:1 - O:12'], ['N:11 - O:27'], ['N:6 - H']]","[['N:1 - N:4', 'N:6 - N:11']]",[],"[(2, 'c12nc[n:2]c1cncn2', 'N:6 - H', 'N', 'SINGLE', 'H', '[c]1([n][c][n]2)[c]2[c][n][c][n]1', '[H]')]","[(0, '[#7;X3&H1&+0,X3&H2&+0,X3&H0&+0:1][#7;X3&H1&+0,X3&H2&+0,X3&H0&+0:2]', 'N:6 - N:11', 'N', 'SINGLE', 'N')]","[(0, '[#8]=[#15]([#8]-[#7])(c)c', 'N:1 - O:12', 'O', 'SINGLE', 'N', '[#8]=[#15]([#8])([c])[c]', '[#7]'), (1, '[#8]=[#15]([#8]-[#7])(c)c', 'N:11 - O:27', 'O', 'SINGLE', 'N', '[#8]=[#15]([#8])([c])[c]', '[#7]')]","[(0, '[#7]1([#6][#7][#6][#6]1)-[#7]', 'N:1 - N:4', 'N', 'SINGLE', 'N', '[#7]1[#6][#7][#6][#6]1', '[#7]'), (0, '[#7]1([#6][#7][#6][#6]1)-[#7]', 'N:6 - N:11', 'N', 'SINGLE', 'N', '[#7]1[#6][#7][#6][#6]1', '[#7]')]"
c3,Cn1cnc(N)c2ncnc1-2.NOP(=O)(c1ccccc1)c1ccccc1>>Cn1cnc(N)c2[n+](N)cnc1-2,Cn1cnc(N)c2[n+](N)cnc1-2,[CH3:1][n:2]1[cH:3][n:4][c:5]([NH2:6])[c:7]2[n:8][cH:10][n:11][c:12]1-2.[NH2:9][O:15][P:14](=[O:13])([c:16]1[cH:17][cH:18][cH:19][cH:20][cH:21]1)[c:22]1[cH:23][cH:24][cH:25][cH:26][cH:27]1>>[CH3:1][n:2]1[cH:3][n:4][c:5]([NH2:6])[c:7]2[n+:8]([NH2:9])[cH:10][n:11][c:12]1-2,"[None, ['N:9 - O:15']]",[['N:8 - N:9']],[],[],[],"[(1, '[#8]=[#15]([#8]-[#7])(c)c', 'N:9 - O:15', 'O', 'SINGLE', 'N', '[#8]=[#15]([#8])([c])[c]', '[#7]')]","[(0, '[#7]1([#6][#7][#6][#6]1)-[#7]', 'N:8 - N:9', 'N', 'SINGLE', 'N', '[#7]1[#6][#7][#6][#6]1', '[#7]')]"
c3,NOP(=O)(c1ccccc1)c1ccccc1.O=[PH](c1cccc2ccccc12)c1cccc2ccccc12>>NP(=O)(c1cccc2ccccc12)c1cccc2ccccc12,NP(=O)(c1cccc2ccccc12)c1cccc2ccccc12,[NH2:1][O:26][P:25](=[O:24])([c:27]1[cH:28][cH:29][cH:30][cH:31][cH:32]1)[c:33]1[cH:34][cH:35][cH:36][cH:37][cH:38]1.[PH:2](=[O:3])([c:4]1[cH:5][cH:6][cH:7][c:8]2[cH:9][cH:10][cH:11][cH:12][c:13]12)[c:14]1[cH:15][cH:16][cH:17][c:18]2[cH:19][cH:20][cH:21][cH:22][c:23]12>>[NH2:1][P:2](=[O:3])([c:4]1[cH:5][cH:6][cH:7][c:8]2[cH:9][cH:10][cH:11][cH:12][c:13]12)[c:14]1[cH:15][cH:16][cH:17][c:18]2[cH:19][cH:20][cH:21][cH:22][c:23]12,"[['N:1 - O:26'], ['P:2 - H']]",[['N:1 - P:2']],[],"[(1, '[#8]=[#15:2]([#6])[#6]', 'P:2 - H', 'P', 'SINGLE', 'H', '[#8]=[#15]([#6])[#6]', '[H]')]","[(0, '[#8]=[#15:1]([#7:2])([#6])[#6]', 'N:1 - P:2', 'N', 'SINGLE', 'P')]","[(0, '[#8]=[#15]([#8]-[#7])(c)c', 'N:1 - O:26', 'O', 'SINGLE', 'N', '[#8]=[#15]([#8])([c])[c]', '[#7]')]","[(0, '[#8]=[#15]([#6])([#6])-[#7]', 'N:1 - P:2', 'P', 'SINGLE', 'N', '[#8]=[#15]([#6])[#6]', '[#7]')]"
c3,NOP(=O)(c1ccccc1)c1ccccc1.O=C1CCC2(CC1)COC2>>O=C1CCC2(CCN1)COC2,O=C1CCC2(CCN1)COC2,[NH2:8][O:14][P:13](=[O:12])([c:15]1[cH:16][cH:17][cH:18][cH:19][cH:20]1)[c:21]1[cH:22][cH:23][cH:24][cH:25][cH:26]1.[O:1]=[C:2]1[CH2:3][CH2:4][C:5]2([CH2:6][CH2:7]1)[CH2:9][O:10][CH2:11]2>>[O:1]=[C:2]1[CH2:3][CH2:4][C:5]2([CH2:6][CH2:7][NH:8]1)[CH2:9][O:10][CH2:11]2,"[['N:8 - O:14', 'N:8 - H'], ['C:2 - C:7']]","[['C:7 - N:8', 'C:2 - N:8']]",[],"[(0, '[#7:2]', 'N:8 - H', 'N', 'SINGLE', 'H', '[#7]', '[H]'), (1, '[#6]1[#6][#6:1][#6:2][#6][#6]12[#6][#8][#6]2', 'C:2 - C:7', 'C', 'SINGLE', 'C')]","[(0, '[#7&X3&H1:1]([#6:2])[#6]', 'C:7 - N:8', 'C', 'SINGLE', 'N'), (0, '[#6:1](=[#8])[#7:2]', 'C:2 - N:8', 'C', 'SINGLE', 'N')]","[(0, '[#8]=[#15]([#8]-[#7])(c)c', 'N:8 - O:14', 'O', 'SINGLE', 'N', '[#8]=[#15]([#8])([c])[c]', '[#7]'), (1, '[#6](=[#8])-[#6]', 'C:2 - C:7', 'C', 'SINGLE', 'C', '[#6]=[#8]', '[#6]')]","[(0, '[#6](=[#8])[#7]-[#6]', 'C:7 - N:8', 'N', 'SINGLE', 'C', '[#6](=[#8])[#7]', '[#6]'), (0, '[#6](=[#8])-[#7]', 'C:2 - N:8', 'C', 'SINGLE', 'N', '[#6]=[#8]', '[#7]')]"
c3,NOP(=O)(c1ccccc1)c1ccccc1.c1ccc(-c2c3ccccc3nc3ccccc23)cc1>>c1ccc(-c2nn(-c3ccccc3)c3ccccc23)cc1,c1ccc(-c2nn(-c3ccccc3)c3ccccc23)cc1,[NH2:1]OP(c1ccccc1)(c2ccccc2)=O.[c:5]3([c:6]([c:7]4[cH:19][cH:18][cH:17][cH:16][c:8]4[n:9]5)[c:15]6[c:10]5[cH:11][cH:12][cH:13][cH:14]6)[cH:20][cH:21][cH:2][cH:3][cH:4]3>>[c:5]7([c:6]([n:1][n:9]8[c:10]9[cH:15][cH:14][cH:13][cH:12][cH:11]9)[c:7]%10[c:8]8[cH:16][cH:17][cH:18][cH:19]%10)[cH:20][cH:21][cH:2][cH:3][cH:4]7,"[['N:6 - H', 'C:13 aromatic C:31', 'C:9 aromatic C:31', 'N:6 - O:24'], ['C:5 aromatic C:35', 'C:8 aromatic C:34', 'C:8 aromatic C:35']]","[['C:8 aromatic C:9', 'N:6 aromatic N:7', 'C:8 aromatic C:13', 'C:5 aromatic N:6']]",['C:8 aromatic N:7 -> C:8 - N:7'],[],"[(0, '[#6]1[#7][#7:1][#6:2][#6]1', 'C:8 aromatic C:9', 'C', 'AROMATIC', 'C'), (0, '[#6:2]1[#7][#7][#6][#6:1]1', 'N:6 aromatic N:7', 'N', 'AROMATIC', 'N')]",[],[]
c3,NOP(=O)(c1ccccc1)c1ccccc1.O=C1C(N2CCOCC2)=CCCN1c1ccc(I)cc1>>N[N+]1(c2ccc(I)cc2)CCC=C(N2CCOCC2)C1=O,N[N+]1(c2ccc(I)cc2)CCC=C(N2CCOCC2)C1=O,[NH2:1][O:24][P:23](=[O:22])([c:25]1[cH:26][cH:27][cH:28][cH:29][cH:30]1)[c:31]1[cH:32][cH:33][cH:34][cH:35][cH:36]1.[N:2]1([c:3]2[cH:4][cH:5][c:6]([I:7])[cH:8][cH:9]2)[CH2:10][CH2:11][CH:12]=[C:13]([N:14]2[CH2:15][CH2:16][O:17][CH2:18][CH2:19]2)[C:20]1=[O:21]>>[NH2:1][N+:2]1([c:3]2[cH:4][cH:5][c:6]([I:7])[cH:8][cH:9]2)[CH2:10][CH2:11][CH:12]=[C:13]([N:14]2[CH2:15][CH2:16][O:17][CH2:18][CH2:19]2)[C:20]1=[O:21],"[['N:1 - O:24'], None]",[['N:1 - N:2']],[],[],"[(0, '[#6&X3](=[#8])[#7;H1,H0:1][#7;X3&H1&+0,X3&H2&+0,X3&H0&+0:2]', 'N:1 - N:2', 'N', 'SINGLE', 'N')]","[(0, '[#8]=[#15]([#8]-[#7])(c)c', 'N:1 - O:24', 'O', 'SINGLE', 'N', '[#8]=[#15]([#8])([c])[c]', '[#7]')]","[(0, '[#6]1=[#6][#6][#7]([#6][#6]1)-[#7]', 'N:1 - N:2', 'N', 'SINGLE', 'N', '[#6]1=[#6][#6][#7][#6][#6]1', '[#7]')]"
c3,NOP(=O)(c1ccccc1)c1ccccc1.c1ccc2c(c1)Sc1ccccc1S2>>N=S1c2ccccc2Sc2ccccc21,N=S1c2ccccc2Sc2ccccc21,[NH2:1][O:18][P:17](=[O:16])([c:19]1[cH:20][cH:21][cH:22][cH:23][cH:24]1)[c:25]1[cH:26][cH:27][cH:28][cH:29][cH:30]1.[S:2]1[c:3]2[cH:4][cH:5][cH:6][cH:7][c:8]2[S:9][c:10]2[cH:11][cH:12][cH:13][cH:14][c:15]21>>[NH:1]=[S:2]1[c:3]2[cH:4][cH:5][cH:6][cH:7][c:8]2[S:9][c:10]2[cH:11][cH:12][cH:13][cH:14][c:15]21,"[['N:1 - O:18', 'N:1 - H'], None]",[['N:1 = S:2']],[],"[(0, '[#7:2]', 'N:1 - H', 'N', 'SINGLE', 'H', '[#7]', '[H]')]","[(0, '[#7:1]=[#16:2]([#6])[#6]', 'N:1 = S:2', 'N', 'DOUBLE', 'S')]","[(0, '[#8]=[#15]([#8]-[#7])(c)c', 'N:1 - O:18', 'O', 'SINGLE', 'N', '[#8]=[#15]([#8])([c])[c]', '[#7]')]","[(0, '[#16]1([#6][#6][#16][#6][#6]1)=[#7]', 'N:1 = S:2', 'S', 'DOUBLE', 'N', '[#16]1[#6][#6][#16][#6][#6]1', '[#7]')]"
c3,NOP(=O)(c1ccccc1)c1ccccc1.c1ccc2c(c1)Oc1ccccc1S2>>N=S1c2ccccc2Oc2ccccc21,N=S1c2ccccc2Oc2ccccc21,[NH2:1][O:18][P:17](=[O:16])([c:19]1[cH:20][cH:21][cH:22][cH:23][cH:24]1)[c:25]1[cH:26][cH:27][cH:28][cH:29][cH:30]1.[S:2]1[c:3]2[cH:4][cH:5][cH:6][cH:7][c:8]2[O:9][c:10]2[cH:11][cH:12][cH:13][cH:14][c:15]21>>[NH:1]=[S:2]1[c:3]2[cH:4][cH:5][cH:6][cH:7][c:8]2[O:9][c:10]2[cH:11][cH:12][cH:13][cH:14][c:15]21,"[['N:1 - O:18', 'N:1 - H'], None]",[['N:1 = S:2']],[],"[(0, '[#7:2]', 'N:1 - H', 'N', 'SINGLE', 'H', '[#7]', '[H]')]","[(0, '[#7:1]=[#16:2]([#6])[#6]', 'N:1 = S:2', 'N', 'DOUBLE', 'S')]","[(0, '[#8]=[#15]([#8]-[#7])(c)c', 'N:1 - O:18', 'O', 'SINGLE', 'N', '[#8]=[#15]([#8])([c])[c]', '[#7]')]","[(0, 'c1ccc2c(c1)Oc1ccccc1S2=[#7]', 'N:1 = S:2', 'S', 'DOUBLE', 'N', '[c]1[c][c][c]2[c]([c]1)[O][c]1[c][c][c][c][c]1[S]2', '[#7]')]"
c3,NOP(=O)(c1ccccc1)c1ccccc1.O/N=C/c1ccncc1>>N[n+]1ccc(/C=N/O)cc1,N[n+]1ccc(/C=N/O)cc1,[NH2:1][O:13][P:12](=[O:11])([c:14]1[cH:15][cH:16][cH:17][cH:18][cH:19]1)[c:20]1[cH:21][cH:22][cH:23][cH:24][cH:25]1.[n:2]1[cH:3][cH:4][c:5](/[CH:6]=[N:7]/[OH:8])[cH:9][cH:10]1>>[NH2:1][n+:2]1[cH:3][cH:4][c:5](/[CH:6]=[N:7]/[OH:8])[cH:9][cH:10]1,"[['N:1 - O:13'], None]",[['N:1 - N:2']],[],[],"[(0, '[N:1][n&+:2]1ccccc1', 'N:1 - N:2', 'N', 'SINGLE', 'N')]","[(0, '[#8]=[#15]([#8]-[#7])(c)c', 'N:1 - O:13', 'O', 'SINGLE', 'N', '[#8]=[#15]([#8])([c])[c]', '[#7]')]","[(0, '[#6]1[#6][#6][#7]([#6][#6]1)-[#7]', 'N:1 - N:2', 'N', 'SINGLE', 'N', '[#6]1[#6][#6][#7][#6][#6]1', '[#7]')]"
c3,NOP(=O)(c1ccccc1)c1ccccc1.O=C(O)C=Cc1ccncc1>>N[n+]1ccc(C=CC(=O)O)cc1,N[n+]1ccc(C=CC(=O)O)cc1,[NH2:1][O:15][P:14](=[O:13])([c:16]1[cH:17][cH:18][cH:19][cH:20][cH:21]1)[c:22]1[cH:23][cH:24][cH:25][cH:26][cH:27]1.[n:2]1[cH:3][cH:4][c:5]([CH:6]=[CH:7][C:8](=[O:9])[OH:10])[cH:11][cH:12]1>>[NH2:1][n+:2]1[cH:3][cH:4][c:5]([CH:6]=[CH:7][C:8](=[O:9])[OH:10])[cH:11][cH:12]1,"[['N:1 - O:15'], None]",[['N:1 - N:2']],[],[],"[(0, '[N:1][n&+:2]1ccccc1', 'N:1 - N:2', 'N', 'SINGLE', 'N')]","[(0, '[#8]=[#15]([#8]-[#7])(c)c', 'N:1 - O:15', 'O', 'SINGLE', 'N', '[#8]=[#15]([#8])([c])[c]', '[#7]')]","[(0, '[#6]1[#6][#6][#7]([#6][#6]1)-[#7]', 'N:1 - N:2', 'N', 'SINGLE', 'N', '[#6]1[#6][#6][#7][#6][#6]1', '[#7]')]"
c3,CN(C)c1ccccc1.NOP(=O)(c1ccccc1)c1ccccc1>>CN(C)c1ccccc1N,CN(C)c1ccccc1N,[CH3:1][N:2]([CH3:3])[c:4]1[cH:5][cH:6][cH:7][cH:8][cH:9]1.[NH2:10][O:13][P:12](=[O:11])([c:14]1[cH:15][cH:16][cH:17][cH:18][cH:19]1)[c:20]1[cH:21][cH:22][cH:23][cH:24][cH:25]1>>[CH3:1][N:2]([CH3:3])[c:4]1[cH:5][cH:6][cH:7][cH:8][c:9]1[NH2:10],"[['C:9 - H'], ['N:10 - O:13']]",[['C:9 - N:10']],[],"[(0, 'c1ccc[c:2]c1[#7&!a;X4&H1&+,X4&H2&+,X4&H3&+,X3&H1&+0,X3&H0&+0,X3&H2&+0;!$([#7][!#6])]', 'C:9 - H', 'C', 'SINGLE', 'H', '[c]1[c][c][c][c][c]1[#7;!a;X4H+,X4H2+,X4H3+,X3H+0,X3H0+0,X3H2+0;!$([#7][!#6])]', '[H]')]","[(0, '[#7&X3&H2:1][#6:2]', 'C:9 - N:10', 'C', 'SINGLE', 'N')]","[(1, '[#8]=[#15]([#8]-[#7])(c)c', 'N:10 - O:13', 'O', 'SINGLE', 'N', '[#8]=[#15]([#8])([c])[c]', '[#7]')]","[(0, 'c1(ccccc1[#7&!a;X4&H1&+,X4&H2&+,X4&H3&+,X3&H1&+0,X3&H0&+0,X3&H2&+0;!$([#7][!#6])])-[#7]', 'C:9 - N:10', 'C', 'SINGLE', 'N', '[c]1[c][c][c][c][c]1[#7;!a;X4H+,X4H2+,X4H3+,X3H+0,X3H0+0,X3H2+0;!$([#7][!#6])]', '[#7]')]"
c3,NOP(=O)(c1ccccc1)c1ccccc1.c1ccc(-c2ccccn2)cc1>>N[n+]1ccccc1-c1ccccc1,N[n+]1ccccc1-c1ccccc1,[NH2:1][O:16][P:15](=[O:14])([c:17]1[cH:18][cH:19][cH:20][cH:21][cH:22]1)[c:23]1[cH:24][cH:25][cH:26][cH:27][cH:28]1.[n:2]1[cH:3][cH:4][cH:5][cH:6][c:7]1-[c:8]1[cH:9][cH:10][cH:11][cH:12][cH:13]1>>[NH2:1][n+:2]1[cH:3][cH:4][cH:5][cH:6][c:7]1-[c:8]1[cH:9][cH:10][cH:11][cH:12][cH:13]1,"[['N:1 - O:16'], None]",[['N:1 - N:2']],[],[],"[(0, '[N:1][n&+:2]1ccccc1', 'N:1 - N:2', 'N', 'SINGLE', 'N')]","[(0, '[#8]=[#15]([#8]-[#7])(c)c', 'N:1 - O:16', 'O', 'SINGLE', 'N', '[#8]=[#15]([#8])([c])[c]', '[#7]')]","[(0, '[#6]1[#6][#6][#7]([#6][#6]1)-[#7]', 'N:1 - N:2', 'N', 'SINGLE', 'N', '[#6]1[#6][#6][#7][#6][#6]1', '[#7]')]"
c3,NOP(=O)(c1ccccc1)c1ccccc1.O=C1C(O)=C([C@H]2CC[C@H](c3ccc(Cl)cc3)CC2)C(=O)c2ccccc21>>NOC1=C([C@H]2CC[C@H](c3ccc(Cl)cc3)CC2)C(=O)c2ccccc2C1=O,NOC1=C([C@H]2CC[C@H](c3ccc(Cl)cc3)CC2)C(=O)c2ccccc2C1=O,[NH2:1]OP(c1ccccc1)(c2ccccc2)=O.[OH:3][C:2]3=[C:4]([C:18]([c:20]4[c:25]([C:26]3=[O:27])[cH:24][cH:23][cH:22][cH:21]4)=[O:19])[C@H:5]5[CH2:6][CH2:7][C@@H:8]([CH2:16][CH2:17]5)[c:9]6[cH:15][cH:14][c:12]([Cl:13])[cH:11][cH:10]6>>[NH2:1][O:3][C:2]7=[C:4]([C:18]([c:20]8[c:25]([C:26]7=[O:27])[cH:24][cH:23][cH:22][cH:21]8)=[O:19])[C@H:5]9[CH2:6][CH2:7][C@@H:8]([CH2:16][CH2:17]9)[c:9]%10[cH:15][cH:14][c:12]([Cl:13])[cH:11][cH:10]%10,"[['O:2 - P:29'], ['C:3 - O:42']]",[['C:3 - O:2']],[],[],[],[],[]
c3,NOP(=O)(c1ccccc1)c1ccccc1.OB(O)c1ccc2ncccc2c1>>N[n+]1cccc2cc(B(O)O)ccc21,N[n+]1cccc2cc(B(O)O)ccc21,[NH2:1][O:17][P:16](=[O:15])([c:18]1[cH:19][cH:20][cH:21][cH:22][cH:23]1)[c:24]1[cH:25][cH:26][cH:27][cH:28][cH:29]1.[n:2]1[cH:3][cH:4][cH:5][c:6]2[cH:7][c:8]([B:9]([OH:10])[OH:11])[cH:12][cH:13][c:14]12>>[NH2:1][n+:2]1[cH:3][cH:4][cH:5][c:6]2[cH:7][c:8]([B:9]([OH:10])[OH:11])[cH:12][cH:13][c:14]12,"[['N:1 - O:17'], None]",[['N:1 - N:2']],[],[],"[(0, '[N:1][n&+:2]1ccccc1', 'N:1 - N:2', 'N', 'SINGLE', 'N')]","[(0, '[#8]=[#15]([#8]-[#7])(c)c', 'N:1 - O:17', 'O', 'SINGLE', 'N', '[#8]=[#15]([#8])([c])[c]', '[#7]')]","[(0, '[#6]12[#6][#6][#6][#7]([#6]1[#6][#6][#6][#6]2)-[#7]', 'N:1 - N:2', 'N', 'SINGLE', 'N', '[#6]1([#6][#6][#6][#7]2)[#6]2[#6][#6][#6][#6]1', '[#7]')]"
c3,Cc1ccc(-c2cn3cc(C)ccc3n2)cc1.NOP(=O)(c1ccccc1)c1ccccc1>>Cc1ccc(-c2cn3cc(C)ccc3[n+]2N)cc1,Cc1ccc(-c2cn3cc(C)ccc3[n+]2N)cc1,[CH3:1][c:2]1[cH:3][cH:4][c:5](-[c:6]2[cH:7][n:8]3[cH:9][c:10]([CH3:11])[cH:12][cH:13][c:14]3[n:15]2)[cH:17][cH:18]1.[NH2:16][O:21][P:20](=[O:19])([c:22]1[cH:23][cH:24][cH:25][cH:26][cH:27]1)[c:28]1[cH:29][cH:30][cH:31][cH:32][cH:33]1>>[CH3:1][c:2]1[cH:3][cH:4][c:5](-[c:6]2[cH:7][n:8]3[cH:9][c:10]([CH3:11])[cH:12][cH:13][c:14]3[n+:15]2[NH2:16])[cH:17][cH:18]1,"[None, ['N:16 - O:21']]",[['N:15 - N:16']],[],[],[],"[(1, '[#8]=[#15]([#8]-[#7])(c)c', 'N:16 - O:21', 'O', 'SINGLE', 'N', '[#8]=[#15]([#8])([c])[c]', '[#7]')]","[(0, '[#7]1([#6][#7][#6][#6]1)-[#7]', 'N:15 - N:16', 'N', 'SINGLE', 'N', '[#7]1[#6][#7][#6][#6]1', '[#7]')]"
c3,NOP(=O)(c1ccccc1)c1ccccc1.c1cncc(B2OCCCO2)c1>>N[n+]1ccccc1,N[n+]1ccccc1,[NH2:1][O:10][P:9](=[O:8])([c:11]1[cH:12][cH:13][cH:14][cH:15][cH:16]1)[c:17]1[cH:18][cH:19][cH:20][cH:21][cH:22]1.[n:2]1[cH:3][c:4]([B:26]2[O:25][CH2:24][CH2:23][CH2:28][O:27]2)[cH:5][cH:6][cH:7]1>>[NH2:1][n+:2]1[cH:3][cH:4][cH:5][cH:6][cH:7]1,"[['N:1 - O:10'], ['B:26 - C:4']]","[['N:1 - N:2', 'C:4 - H']]",[],"[(1, '[#8][#5:1][#6:2]', 'B:26 - C:4', 'B', 'SINGLE', 'C')]","[(0, '[N:1][n&+:2]1ccccc1', 'N:1 - N:2', 'N', 'SINGLE', 'N'), (0, 'N[n&+]1c[c:2]ccc1', 'C:4 - H', 'C', 'SINGLE', 'H', 'N[n+]1ccccc1', '[H]')]","[(0, '[#8]=[#15]([#8]-[#7])(c)c', 'N:1 - O:10', 'O', 'SINGLE', 'N', '[#8]=[#15]([#8])([c])[c]', '[#7]'), (1, 'c1(cnccc1)-[#5]1[#8][#6][#6][#6][#8]1', 'B:26 - C:4', 'C', 'SINGLE', 'B', '[c]1[c][n][c][c][c]1', '[#6]1[#6][#6][#8][#5][#8]1')]","[(0, '[#6]1[#6][#6][#7]([#6][#6]1)-[#7]', 'N:1 - N:2', 'N', 'SINGLE', 'N', '[#6]1[#6][#6][#7][#6][#6]1', '[#7]')]"
c3,COc1ccc(-c2cc3ccc(OC)cc3s2)cc1.NOP(=O)(c1ccccc1)c1ccccc1>>COc1ccc(C2=Cc3ccc(OC)cc3S2=O)cc1,COc1ccc(C2=Cc3ccc(OC)cc3S2=O)cc1,[H][O:20][H].[CH3:1][O:2][c:3]1[cH:19][cH:18][c:6]([c:7]([cH:8]2)[s:17][c:16]3[c:9]2[cH:10][cH:11][c:12]([O:13][CH3:14])[cH:15]3)[cH:5][cH:4]1.NOP(c4ccccc4)(c5ccccc5)=O>>[CH3:1][O:2][c:3]6[cH:19][cH:18][c:6]([C:7]7=[CH:8][c:9]8[c:16]([S:17]7=[O:20])[cH:15][c:12]([O:13][CH3:14])[cH:11][cH:10]8)[cH:5][cH:4]6,"[None, ['O:18 - P:22', 'N:21 - O:18']]",[['O:18 = S:17']],"['C:16 aromatic S:17 -> C:16 - S:17', 'C:8 aromatic C:9 -> C:8 - C:9', 'C:7 aromatic C:8 -> C:7 = C:8', 'C:7 aromatic S:17 -> C:7 - S:17']",[],[],[],[]
c3,NOP(=O)(c1ccccc1)c1ccccc1.c1ccc(-c2nccs2)cc1>>N[n+]1ccsc1-c1ccccc1,N[n+]1ccsc1-c1ccccc1,[NH2:1][O:15][P:14](=[O:13])([c:16]1[cH:17][cH:18][cH:19][cH:20][cH:21]1)[c:22]1[cH:23][cH:24][cH:25][cH:26][cH:27]1.[n:2]1[cH:3][cH:4][s:5][c:6]1-[c:7]1[cH:8][cH:9][cH:10][cH:11][cH:12]1>>[NH2:1][n+:2]1[cH:3][cH:4][s:5][c:6]1-[c:7]1[cH:8][cH:9][cH:10][cH:11][cH:12]1,"[['N:1 - O:15'], None]",[['N:1 - N:2']],[],[],[],"[(0, '[#8]=[#15]([#8]-[#7])(c)c', 'N:1 - O:15', 'O', 'SINGLE', 'N', '[#8]=[#15]([#8])([c])[c]', '[#7]')]","[(0, '[#6]1[#7]([#6][#6][#16]1)-[#7]', 'N:1 - N:2', 'N', 'SINGLE', 'N', '[#6]1[#7][#6][#6][#16]1', '[#7]')]"
c3,NOP(=O)(c1ccccc1)c1ccccc1.O=[PH](c1ccc2ccccc2c1)c1ccc2ccccc2c1>>NP(=O)(c1ccc2ccccc2c1)c1ccc2ccccc2c1,NP(=O)(c1ccc2ccccc2c1)c1ccc2ccccc2c1,[NH2:1][O:26][P:25](=[O:24])([c:27]1[cH:28][cH:29][cH:30][cH:31][cH:32]1)[c:33]1[cH:34][cH:35][cH:36][cH:37][cH:38]1.[PH:2](=[O:3])([c:4]1[cH:5][cH:6][c:7]2[cH:8][cH:9][cH:10][cH:11][c:12]2[cH:13]1)[c:14]1[cH:15][cH:16][c:17]2[cH:18][cH:19][cH:20][cH:21][c:22]2[cH:23]1>>[NH2:1][P:2](=[O:3])([c:4]1[cH:5][cH:6][c:7]2[cH:8][cH:9][cH:10][cH:11][c:12]2[cH:13]1)[c:14]1[cH:15][cH:16][c:17]2[cH:18][cH:19][cH:20][cH:21][c:22]2[cH:23]1,"[['N:1 - O:26'], ['P:2 - H']]",[['N:1 - P:2']],[],"[(1, '[#8]=[#15:2]([#6])[#6]', 'P:2 - H', 'P', 'SINGLE', 'H', '[#8]=[#15]([#6])[#6]', '[H]')]","[(0, '[#8]=[#15:1]([#7:2])([#6])[#6]', 'N:1 - P:2', 'N', 'SINGLE', 'P')]","[(0, '[#8]=[#15]([#8]-[#7])(c)c', 'N:1 - O:26', 'O', 'SINGLE', 'N', '[#8]=[#15]([#8])([c])[c]', '[#7]')]","[(0, '[#8]=[#15]([#6])([#6])-[#7]', 'N:1 - P:2', 'P', 'SINGLE', 'N', '[#8]=[#15]([#6])[#6]', '[#7]')]"
c3,NOP(=O)(c1ccccc1)c1ccccc1.O=C1CCc2c1cccc2C(F)(F)F>>O/N=C1/CCc2c1cccc2C(F)(F)F,O/N=C1/CCc2c1cccc2C(F)(F)F,[H][O:15][H].[NH2:1]OP(c1ccccc1)(c2ccccc2)=O.O=[C:2]3[CH2:3][CH2:4][c:5]4[c:10]([C:11]([F:13])([F:14])[F:12])[cH:9][cH:8][cH:7][c:6]43>>[OH:15]/[N:1]=[C:2]5[CH2:3][CH2:4][c:5]6[c:10]([C:11]([F:13])([F:14])[F:12])[cH:9][cH:8][cH:7][c:6]6/5,"[['O:1 - P:17', 'N:2 - H'], ['C:3 = O:30']]","[['C:3 = N:2', 'O:1 - H']]",[],[],"[(0, '[#6:1]1[#6:2][#6][#6][#6]1', 'C:3 = N:2', 'C', 'DOUBLE', 'N'), (0, '[#7:2][#8&X2&H1]', 'O:1 - H', 'O', 'SINGLE', 'H', '[#7][#8X2H]', '[H]')]",[],[]
c3,Cc1ccccc1-c1ccccn1.NOP(=O)(c1ccccc1)c1ccccc1>>Cc1ccccc1-c1cccc[n+]1N,Cc1ccccc1-c1cccc[n+]1N,[CH3:1][c:2]1[cH:3][cH:4][cH:5][cH:6][c:7]1-[c:8]1[cH:9][cH:10][cH:11][cH:12][n:13]1.[NH2:14][O:17][P:16](=[O:15])([c:18]1[cH:19][cH:20][cH:21][cH:22][cH:23]1)[c:24]1[cH:25][cH:26][cH:27][cH:28][cH:29]1>>[CH3:1][c:2]1[cH:3][cH:4][cH:5][cH:6][c:7]1-[c:8]1[cH:9][cH:10][cH:11][cH:12][n+:13]1[NH2:14],"[None, ['N:14 - O:17']]",[['N:13 - N:14']],[],[],"[(0, '[N:1][n&+:2]1ccccc1', 'N:13 - N:14', 'N', 'SINGLE', 'N')]","[(1, '[#8]=[#15]([#8]-[#7])(c)c', 'N:14 - O:17', 'O', 'SINGLE', 'N', '[#8]=[#15]([#8])([c])[c]', '[#7]')]","[(0, '[#6]1[#6][#6][#7]([#6][#6]1)-[#7]', 'N:13 - N:14', 'N', 'SINGLE', 'N', '[#6]1[#6][#6][#7][#6][#6]1', '[#7]')]"
c3,CC1=Nc2ccc3ccccc3c2C1(C)C.NOP(=O)(c1ccccc1)c1ccccc1>>C=C(C)c1c(/N=C(/C)N)ccc2ccccc12,C=C(C)c1c(/N=C(/C)N)ccc2ccccc12,[CH3:1][C:2]1([CH3:3])[c:4]2[c:5]([cH:10][cH:11][c:12]3[cH:13][cH:14][cH:15][cH:16][c:17]23)[N:6]=[C:7]1[CH3:8].[NH2:9][O:20][P:19](=[O:18])([c:21]1[cH:22][cH:23][cH:24][cH:25][cH:26]1)[c:27]1[cH:28][cH:29][cH:30][cH:31][cH:32]1>>[CH2:1]=[C:2]([CH3:3])[c:4]1[c:5](/[N:6]=[C:7](/[CH3:8])[NH2:9])[cH:10][cH:11][c:12]2[cH:13][cH:14][cH:15][cH:16][c:17]12,"[['C:1 - H', 'C:2 - C:7'], ['N:9 - O:20']]",[['C:7 - N:9']],['C:1 - C:2 -> C:1 = C:2'],"[(0, '[#6:2]', 'C:1 - H', 'C', 'SINGLE', 'H', '[#6]', '[H]'), (0, '[#6:1]1[#6:2]=[#7]c2ccccc2-1', 'C:2 - C:7', 'C', 'SINGLE', 'C')]","[(0, '[#7&X3&H2:1][#6:2]', 'C:7 - N:9', 'C', 'SINGLE', 'N')]","[(0, 'c1ccccc1[#6&X4]-[#6&X3]=[#7&X2;H1,H0;!$([#7&X2][#7,#8,#9,#15,#16,#17,Br,I])]', 'C:2 - C:7', 'C', 'SINGLE', 'C', '[c]1[c][c][c][c][c]1[#6X4]', '[#7X2;H1,H0;!$([#7X2][#7,#8,#9,#15,#16,#17,Br,I])]=[#6X3]'), (1, '[#8]=[#15]([#8]-[#7])(c)c', 'N:9 - O:20', 'O', 'SINGLE', 'N', '[#8]=[#15]([#8])([c])[c]', '[#7]')]","[(0, '[#7&X2;H1,H0;!$([#7&X2][#7,#8,#9,#15,#16,#17,Br,I])]=[#6&X3]-[#7]', 'C:7 - N:9', 'C', 'SINGLE', 'N', '[#7X2;H1,H0;!$([#7X2][#7,#8,#9,#15,#16,#17,Br,I])]=[#6X3]', '[#7]')]"
c3,CC1=Nc2ccc3ccccc3c2C1(C)C.NOP(=O)(c1ccccc1)c1ccccc1>>CC1=NNc2ccc3ccccc3c2C1(C)C,CC1=NNc2ccc3ccccc3c2C1(C)C,[CH3:1][C:2]1=[N:4][c:5]2[cH:6][cH:7][c:8]3[cH:9][cH:10][cH:11][cH:12][c:13]3[c:14]2[C:15]1([CH3:16])[CH3:17].[NH2:3][O:20][P:19](=[O:18])([c:21]1[cH:22][cH:23][cH:24][cH:25][cH:26]1)[c:27]1[cH:28][cH:29][cH:30][cH:31][cH:32]1>>[CH3:1][C:2]1=[N:3][NH:4][c:5]2[cH:6][cH:7][c:8]3[cH:9][cH:10][cH:11][cH:12][c:13]3[c:14]2[C:15]1([CH3:16])[CH3:17],"[['C:2 = N:4'], ['N:3 - O:20', 'N:3 - H']]","[['C:2 = N:3', 'N:4 - H', 'N:3 - N:4']]",[],"[(0, '[#6]1[#6:1]=[#7:2]c2ccccc2-1', 'C:2 = N:4', 'C', 'DOUBLE', 'N'), (1, '[#7:2]', 'N:3 - H', 'N', 'SINGLE', 'H', '[#7]', '[H]')]","[(0, '[#7]1[#7:1]=[#6:2][#6][#6][#6]1', 'C:2 = N:3', 'C', 'DOUBLE', 'N'), (0, '[#7:2]1[#7]=[#6][#6][#6][#6]1', 'N:4 - H', 'N', 'SINGLE', 'H', '[#7]1[#7]=[#6][#6][#6][#6]1', '[H]'), (0, '[#7:1]1[#7:2]=[#6][#6][#6][#6]1', 'N:3 - N:4', 'N', 'SINGLE', 'N')]","[(0, '[#6]=[#7]', 'C:2 = N:4', 'C', 'DOUBLE', 'N', '[#6]', '[#7]'), (1, '[#8]=[#15]([#8]-[#7])(c)c', 'N:3 - O:20', 'O', 'SINGLE', 'N', '[#8]=[#15]([#8])([c])[c]', '[#7]')]","[(0, '[#6]=[#7]', 'C:2 = N:3', 'C', 'DOUBLE', 'N', '[#6]', '[#7]'), (0, '[#7]-[#7]', 'N:3 - N:4', 'N', 'SINGLE', 'N', '[#7]', '[#7]')]"
c3,COc1cccc2cccnc12.NOP(=O)(c1ccccc1)c1ccccc1>>COc1cccc2ccc[n+](N)c12,COc1cccc2ccc[n+](N)c12,[CH3:1][O:2][c:3]1[cH:4][cH:5][cH:6][c:7]2[cH:8][cH:9][cH:10][n:11][c:13]12.[NH2:12][O:16][P:15](=[O:14])([c:17]1[cH:18][cH:19][cH:20][cH:21][cH:22]1)[c:23]1[cH:24][cH:25][cH:26][cH:27][cH:28]1>>[CH3:1][O:2][c:3]1[cH:4][cH:5][cH:6][c:7]2[cH:8][cH:9][cH:10][n+:11]([NH2:12])[c:13]12,"[None, ['N:12 - O:16']]",[['N:11 - N:12']],[],[],"[(0, '[N:1][n&+:2]1ccccc1', 'N:11 - N:12', 'N', 'SINGLE', 'N')]","[(1, '[#8]=[#15]([#8]-[#7])(c)c', 'N:12 - O:16', 'O', 'SINGLE', 'N', '[#8]=[#15]([#8])([c])[c]', '[#7]')]","[(0, '[#6]12[#6][#6][#6][#7]([#6]1[#6][#6][#6][#6]2)-[#7]', 'N:11 - N:12', 'N', 'SINGLE', 'N', '[#6]1([#6][#6][#6][#7]2)[#6]2[#6][#6][#6][#6]1', '[#7]')]"
c3,NOP(=O)(c1ccccc1)c1ccccc1.O=Cc1nc2ccccc2s1>>NC(=O)c1nc2ccccc2s1,NC(=O)c1nc2ccccc2s1,[NH2:1][O:15][P:14](=[O:13])([c:16]1[cH:17][cH:18][cH:19][cH:20][cH:21]1)[c:22]1[cH:23][cH:24][cH:25][cH:26][cH:27]1.[CH:2](=[O:3])[c:4]1[n:5][c:6]2[cH:7][cH:8][cH:9][cH:10][c:11]2[s:12]1>>[NH2:1][C:2](=[O:3])[c:4]1[n:5][c:6]2[cH:7][cH:8][cH:9][cH:10][c:11]2[s:12]1,"[['N:1 - O:15'], ['C:2 - H']]",[['C:2 - N:1']],[],"[(1, '[#6&X3&H1:2]=[#8]', 'C:2 - H', 'C', 'SINGLE', 'H', '[#6X3;H1](=[#8])', '[H]')]","[(0, '[#6:1](=[#8])[#7:2]', 'C:2 - N:1', 'C', 'SINGLE', 'N')]","[(0, '[#8]=[#15]([#8]-[#7])(c)c', 'N:1 - O:15', 'O', 'SINGLE', 'N', '[#8]=[#15]([#8])([c])[c]', '[#7]')]","[(0, '[#6](=[#8])-[#7]', 'C:2 - N:1', 'C', 'SINGLE', 'N', '[#6]=[#8]', '[#7]')]"
c3,NOP(=O)(c1ccccc1)c1ccccc1.O=C1CC(c2ccccc2)C1>>O=C1CC(c2ccccc2)CN1,O=C1CC(c2ccccc2)CN1,[NH2:12][O:15][P:14](=[O:13])([c:16]1[cH:17][cH:18][cH:19][cH:20][cH:21]1)[c:22]1[cH:23][cH:24][cH:25][cH:26][cH:27]1.[O:1]=[C:2]1[CH2:3][CH:4]([c:5]2[cH:6][cH:7][cH:8][cH:9][cH:10]2)[CH2:11]1>>[O:1]=[C:2]1[CH2:3][CH:4]([c:5]2[cH:6][cH:7][cH:8][cH:9][cH:10]2)[CH2:11][NH:12]1,"[['N:12 - H', 'N:12 - O:15'], ['C:2 - C:11']]","[['C:2 - N:12', 'C:11 - N:12']]",[],"[(0, '[#7:2]', 'N:12 - H', 'N', 'SINGLE', 'H', '[#7]', '[H]'), (1, '[#6:2]1[#6][#6][#6:1]1', 'C:2 - C:11', 'C', 'SINGLE', 'C')]","[(0, '[#6:1](=[#8])[#7:2]', 'C:2 - N:12', 'C', 'SINGLE', 'N'), (0, '[#6]1[#6][#7:1][#6:2][#6]1', 'C:11 - N:12', 'C', 'SINGLE', 'N')]","[(0, '[#8]=[#15]([#8]-[#7])(c)c', 'N:12 - O:15', 'O', 'SINGLE', 'N', '[#8]=[#15]([#8])([c])[c]', '[#7]'), (1, '[#6](=[#8])-[#6]', 'C:2 - C:11', 'C', 'SINGLE', 'C', '[#6]=[#8]', '[#6]')]","[(0, '[#6](=[#8])-[#7]', 'C:2 - N:12', 'C', 'SINGLE', 'N', '[#6]=[#8]', '[#7]'), (0, '[#6](=[#8])[#7]-[#6]', 'C:11 - N:12', 'N', 'SINGLE', 'C', '[#6](=[#8])[#7]', '[#6]')]"
c3,Cc1ccc(-c2ccccn2)cc1.NOP(=O)(c1ccccc1)c1ccccc1>>Cc1ccc(-c2cccc[n+]2N)cc1,Cc1ccc(-c2cccc[n+]2N)cc1,[CH3:1][c:2]1[cH:3][cH:4][c:5](-[c:6]2[cH:7][cH:8][cH:9][cH:10][n:11]2)[cH:13][cH:14]1.[NH2:12][O:17][P:16](=[O:15])([c:18]1[cH:19][cH:20][cH:21][cH:22][cH:23]1)[c:24]1[cH:25][cH:26][cH:27][cH:28][cH:29]1>>[CH3:1][c:2]1[cH:3][cH:4][c:5](-[c:6]2[cH:7][cH:8][cH:9][cH:10][n+:11]2[NH2:12])[cH:13][cH:14]1,"[None, ['N:12 - O:17']]",[['N:11 - N:12']],[],[],"[(0, '[N:1][n&+:2]1ccccc1', 'N:11 - N:12', 'N', 'SINGLE', 'N')]","[(1, '[#8]=[#15]([#8]-[#7])(c)c', 'N:12 - O:17', 'O', 'SINGLE', 'N', '[#8]=[#15]([#8])([c])[c]', '[#7]')]","[(0, '[#6]1[#6][#6][#7]([#6][#6]1)-[#7]', 'N:11 - N:12', 'N', 'SINGLE', 'N', '[#6]1[#6][#6][#7][#6][#6]1', '[#7]')]"
c3,ClC/C=C/c1ccccc1.NOP(=O)(c1ccccc1)c1ccccc1>>NC(c1ccccc1)C(CCl)OP(=O)(c1ccccc1)c1ccccc1,NC(c1ccccc1)C(CCl)OP(=O)(c1ccccc1)c1ccccc1,[CH:2](\[c:3]1[cH:4][cH:5][cH:6][cH:7][cH:8]1)=[CH:9]/[CH2:10][Cl:11].[NH2:1][O:12][P:13](=[O:14])([c:15]1[cH:16][cH:17][cH:18][cH:19][cH:20]1)[c:21]1[cH:22][cH:23][cH:24][cH:25][cH:26]1>>[NH2:1][CH:2]([c:3]1[cH:4][cH:5][cH:6][cH:7][cH:8]1)[CH:9]([CH2:10][Cl:11])[O:12][P:13](=[O:14])([c:15]1[cH:16][cH:17][cH:18][cH:19][cH:20]1)[c:21]1[cH:22][cH:23][cH:24][cH:25][cH:26]1,"[None, ['N:1 - O:12']]","[['C:2 - N:1', 'C:9 - O:12']]",['C:2 = C:9 -> C:2 - C:9'],[],"[(0, '[#7&X3&H2:1][#6:2]', 'C:2 - N:1', 'C', 'SINGLE', 'N')]","[(1, '[#8]=[#15]([#8]-[#7])(c)c', 'N:1 - O:12', 'O', 'SINGLE', 'N', '[#8]=[#15]([#8])([c])[c]', '[#7]')]","[(0, 'c1ccccc1[#6&X4]-[#7]', 'C:2 - N:1', 'C', 'SINGLE', 'N', '[c]1[c][c][c][c][c]1[#6X4]', '[#7]'), (0, '[#8]=[#15]([#8]-[C&X4&!R]([C&X4&!R])[C&X4&!R])(c)c', 'C:9 - O:12', 'O', 'SINGLE', 'C', '[#8]=[#15]([#8])([c])[c]', '[CX4;!R][CX4;!R][CX4;!R]')]"
c3,CN1CCN(C2CCNCC2)CC1.NOP(=O)(c1ccccc1)c1ccccc1>>CN1CCN(C2CCN(N)CC2)CC1,CN1CCN(C2CCN(N)CC2)CC1,[CH3:1][N:2]1[CH2:3][CH2:4][N:5]([CH:6]2[CH2:7][CH2:8][NH:9][CH2:11][CH2:12]2)[CH2:13][CH2:14]1.[NH2:10][O:17][P:16](=[O:15])([c:18]1[cH:19][cH:20][cH:21][cH:22][cH:23]1)[c:24]1[cH:25][cH:26][cH:27][cH:28][cH:29]1>>[CH3:1][N:2]1[CH2:3][CH2:4][N:5]([CH:6]2[CH2:7][CH2:8][N:9]([NH2:10])[CH2:11][CH2:12]2)[CH2:13][CH2:14]1,"[['N:9 - H'], ['N:10 - O:17']]",[['N:9 - N:10']],[],"[(0, '[#6]1[#6][#6][#7:2][#6][#6]1', 'N:9 - H', 'N', 'SINGLE', 'H', '[#6]1[#6][#6][#7][#6][#6]1', '[H]')]","[(0, '[#7;X3&H1&+0,X3&H2&+0,X3&H0&+0:1][#7;X3&H1&+0,X3&H2&+0,X3&H0&+0:2]', 'N:9 - N:10', 'N', 'SINGLE', 'N')]","[(1, '[#8]=[#15]([#8]-[#7])(c)c', 'N:10 - O:17', 'O', 'SINGLE', 'N', '[#8]=[#15]([#8])([c])[c]', '[#7]')]","[(0, '[#6]1[#6][#6][#7]([#6][#6]1)-[#7]', 'N:9 - N:10', 'N', 'SINGLE', 'N', '[#6]1[#6][#6][#7][#6][#6]1', '[#7]')]"
c3,C(=Cc1ccccc1)CN1CCNCC1.NOP(=O)(c1ccccc1)c1ccccc1>>NN1CCN(CC=Cc2ccccc2)CC1,NN1CCN(CC=Cc2ccccc2)CC1,[NH:2]1[CH2:3][CH2:4][N:5]([CH2:6][CH:7]=[CH:8][c:9]2[cH:10][cH:11][cH:12][cH:13][cH:14]2)[CH2:15][CH2:16]1.[NH2:1][O:19][P:18](=[O:17])([c:20]1[cH:21][cH:22][cH:23][cH:24][cH:25]1)[c:26]1[cH:27][cH:28][cH:29][cH:30][cH:31]1>>[NH2:1][N:2]1[CH2:3][CH2:4][N:5]([CH2:6][CH:7]=[CH:8][c:9]2[cH:10][cH:11][cH:12][cH:13][cH:14]2)[CH2:15][CH2:16]1,"[['N:2 - H'], ['N:1 - O:19']]",[['N:1 - N:2']],[],"[(0, '[N:2]1CCNCC1', 'N:2 - H', 'N', 'SINGLE', 'H', '[N]1[C][C][N][C][C]1', '[H]')]","[(0, '[#7;X3&H1&+0,X3&H2&+0,X3&H0&+0:1][#7;X3&H1&+0,X3&H2&+0,X3&H0&+0:2]', 'N:1 - N:2', 'N', 'SINGLE', 'N')]","[(1, '[#8]=[#15]([#8]-[#7])(c)c', 'N:1 - O:19', 'O', 'SINGLE', 'N', '[#8]=[#15]([#8])([c])[c]', '[#7]')]","[(0, 'N1(CCNCC1)-[#7]', 'N:1 - N:2', 'N', 'SINGLE', 'N', '[N]1[C][C][N][C][C]1', '[#7]')]"
c3,C=CCOc1ccccc1.NOP(=O)(c1ccccc1)c1ccccc1>>NC(COc1ccccc1)COP(=O)(c1ccccc1)c1ccccc1,NC(COc1ccccc1)COP(=O)(c1ccccc1)c1ccccc1,[CH:2]([CH2:3][O:4][c:5]1[cH:6][cH:7][cH:8][cH:9][cH:10]1)=[CH2:11].[NH2:1][O:12][P:13](=[O:14])([c:15]1[cH:16][cH:17][cH:18][cH:19][cH:20]1)[c:21]1[cH:22][cH:23][cH:24][cH:25][cH:26]1>>[NH2:1][CH:2]([CH2:3][O:4][c:5]1[cH:6][cH:7][cH:8][cH:9][cH:10]1)[CH2:11][O:12][P:13](=[O:14])([c:15]1[cH:16][cH:17][cH:18][cH:19][cH:20]1)[c:21]1[cH:22][cH:23][cH:24][cH:25][cH:26]1,"[None, ['N:1 - O:12']]","[['C:2 - N:1', 'C:11 - O:12']]",['C:2 = C:11 -> C:2 - C:11'],[],"[(0, '[#7&X3&H2:1][#6:2]', 'C:2 - N:1', 'C', 'SINGLE', 'N')]","[(1, '[#8]=[#15]([#8]-[#7])(c)c', 'N:1 - O:12', 'O', 'SINGLE', 'N', '[#8]=[#15]([#8])([c])[c]', '[#7]')]","[(0, '[C&X4&!R][C&X4&!R]([C&X4&!R])-[#7]', 'C:2 - N:1', 'C', 'SINGLE', 'N', '[CX4;!R][CX4;!R][CX4;!R]', '[#7]'), (0, '[#8]=[#15]([#8]-[C&X4&!R][C&X4&!R][C&X4&!R])(c)c', 'C:11 - O:12', 'O', 'SINGLE', 'C', '[#8]=[#15]([#8])([c])[c]', '[CX4;!R][CX4;!R][CX4;!R]')]"
c3,CC(C)N1CCNCC1.NOP(=O)(c1ccccc1)c1ccccc1>>CC(C)N1CCN(N)CC1,CC(C)N1CCN(N)CC1,[CH3:1][CH:2]([CH3:3])[N:4]1[CH2:5][CH2:6][NH:7][CH2:9][CH2:10]1.[NH2:8][O:13][P:12](=[O:11])([c:14]1[cH:15][cH:16][cH:17][cH:18][cH:19]1)[c:20]1[cH:21][cH:22][cH:23][cH:24][cH:25]1>>[CH3:1][CH:2]([CH3:3])[N:4]1[CH2:5][CH2:6][N:7]([NH2:8])[CH2:9][CH2:10]1,"[['N:7 - H'], ['N:8 - O:13']]",[['N:7 - N:8']],[],"[(0, 'N1CC[N:2]CC1', 'N:7 - H', 'N', 'SINGLE', 'H', '[N]1[C][C][N][C][C]1', '[H]')]","[(0, '[#7;X3&H1&+0,X3&H2&+0,X3&H0&+0:1][#7;X3&H1&+0,X3&H2&+0,X3&H0&+0:2]', 'N:7 - N:8', 'N', 'SINGLE', 'N')]","[(1, '[#8]=[#15]([#8]-[#7])(c)c', 'N:8 - O:13', 'O', 'SINGLE', 'N', '[#8]=[#15]([#8])([c])[c]', '[#7]')]","[(0, 'N1(CCNCC1)-[#7]', 'N:7 - N:8', 'N', 'SINGLE', 'N', '[N]1[C][C][N][C][C]1', '[#7]')]"
c3,CC(C)S(=O)c1ccc(Br)cc1.NOP(=O)(c1ccccc1)c1ccccc1>>CC(C)S(=N)(=O)c1ccc(Br)cc1,CC(C)S(=N)(=O)c1ccc(Br)cc1,[CH3:1][CH:2]([CH3:3])[S:4](=[O:6])[c:7]1[cH:8][cH:9][c:10]([Br:11])[cH:12][cH:13]1.[NH2:5][O:16][P:15](=[O:14])([c:17]1[cH:18][cH:19][cH:20][cH:21][cH:22]1)[c:23]1[cH:24][cH:25][cH:26][cH:27][cH:28]1>>[CH3:1][CH:2]([CH3:3])[S:4](=[NH:5])(=[O:6])[c:7]1[cH:8][cH:9][c:10]([Br:11])[cH:12][cH:13]1,"[None, ['N:5 - H', 'N:5 - O:16']]",[['N:5 = S:4']],[],"[(1, '[#7:2]', 'N:5 - H', 'N', 'SINGLE', 'H', '[#7]', '[H]')]","[(0, '[#7:1]=[#16:2]([#6])[#6]', 'N:5 = S:4', 'N', 'DOUBLE', 'S')]","[(1, '[#8]=[#15]([#8]-[#7])(c)c', 'N:5 - O:16', 'O', 'SINGLE', 'N', '[#8]=[#15]([#8])([c])[c]', '[#7]')]","[(0, '[#7]=[#16]', 'N:5 = S:4', 'N', 'DOUBLE', 'S', '[#7]', '[#16]')]"
c3,CC(C)(C)[C@H]1COC(c2ccccn2)=N1.NOP(=O)(c1ccccc1)c1ccccc1>>CC(C)(C)[C@H]1COC(c2cccc[n+]2N)=N1,CC(C)(C)[C@H]1COC(c2cccc[n+]2N)=N1,[CH3:1][C:2]([CH3:3])([CH3:4])[C@H:5]1[CH2:6][O:7][C:8]([c:9]2[cH:10][cH:11][cH:12][cH:13][n:14]2)=[N:16]1.[NH2:15][O:19][P:18](=[O:17])([c:20]1[cH:21][cH:22][cH:23][cH:24][cH:25]1)[c:26]1[cH:27][cH:28][cH:29][cH:30][cH:31]1>>[CH3:1][C:2]([CH3:3])([CH3:4])[C@H:5]1[CH2:6][O:7][C:8]([c:9]2[cH:10][cH:11][cH:12][cH:13][n+:14]2[NH2:15])=[N:16]1,"[None, ['N:15 - O:19']]",[['N:14 - N:15']],[],[],"[(0, '[N:1][n&+:2]1ccccc1', 'N:14 - N:15', 'N', 'SINGLE', 'N')]","[(1, '[#8]=[#15]([#8]-[#7])(c)c', 'N:15 - O:19', 'O', 'SINGLE', 'N', '[#8]=[#15]([#8])([c])[c]', '[#7]')]","[(0, '[#6]1[#6][#6][#7]([#6][#6]1)-[#7]', 'N:14 - N:15', 'N', 'SINGLE', 'N', '[#6]1[#6][#6][#7][#6][#6]1', '[#7]')]"
c3,Cc1cc(N2CCNCC2)n(-c2ccccc2)n1.NOP(=O)(c1ccccc1)c1ccccc1>>Cc1cc(N2CCN(N)CC2)n(-c2ccccc2)n1,Cc1cc(N2CCN(N)CC2)n(-c2ccccc2)n1,[CH3:1][c:2]1[cH:3][c:4]([N:5]2[CH2:6][CH2:7][NH:8][CH2:10][CH2:11]2)[n:12](-[c:13]2[cH:14][cH:15][cH:16][cH:17][cH:18]2)[n:19]1.[NH2:9][O:22][P:21](=[O:20])([c:23]1[cH:24][cH:25][cH:26][cH:27][cH:28]1)[c:29]1[cH:30][cH:31][cH:32][cH:33][cH:34]1>>[CH3:1][c:2]1[cH:3][c:4]([N:5]2[CH2:6][CH2:7][N:8]([NH2:9])[CH2:10][CH2:11]2)[n:12](-[c:13]2[cH:14][cH:15][cH:16][cH:17][cH:18]2)[n:19]1,"[['N:8 - H'], ['N:9 - O:22']]",[['N:8 - N:9']],[],"[(0, 'N1CC[N:2]CC1', 'N:8 - H', 'N', 'SINGLE', 'H', '[N]1[C][C][N][C][C]1', '[H]')]","[(0, '[#7;X3&H1&+0,X3&H2&+0,X3&H0&+0:1][#7;X3&H1&+0,X3&H2&+0,X3&H0&+0:2]', 'N:8 - N:9', 'N', 'SINGLE', 'N')]","[(1, '[#8]=[#15]([#8]-[#7])(c)c', 'N:9 - O:22', 'O', 'SINGLE', 'N', '[#8]=[#15]([#8])([c])[c]', '[#7]')]","[(0, 'N1(CCNCC1)-[#7]', 'N:8 - N:9', 'N', 'SINGLE', 'N', '[N]1[C][C][N][C][C]1', '[#7]')]"
c3,C1CC(N2CCNCC2)C1.NOP(=O)(c1ccccc1)c1ccccc1>>NN1CCN(C2CCC2)CC1,NN1CCN(C2CCC2)CC1,[NH:2]1[CH2:3][CH2:4][N:5]([CH:6]2[CH2:7][CH2:8][CH2:9]2)[CH2:10][CH2:11]1.[NH2:1][O:14][P:13](=[O:12])([c:15]1[cH:16][cH:17][cH:18][cH:19][cH:20]1)[c:21]1[cH:22][cH:23][cH:24][cH:25][cH:26]1>>[NH2:1][N:2]1[CH2:3][CH2:4][N:5]([CH:6]2[CH2:7][CH2:8][CH2:9]2)[CH2:10][CH2:11]1,"[['N:2 - H'], ['N:1 - O:14']]",[['N:1 - N:2']],[],"[(0, '[N:2]1CCNCC1', 'N:2 - H', 'N', 'SINGLE', 'H', '[N]1[C][C][N][C][C]1', '[H]')]","[(0, '[#7;X3&H1&+0,X3&H2&+0,X3&H0&+0:1][#7;X3&H1&+0,X3&H2&+0,X3&H0&+0:2]', 'N:1 - N:2', 'N', 'SINGLE', 'N')]","[(1, '[#8]=[#15]([#8]-[#7])(c)c', 'N:1 - O:14', 'O', 'SINGLE', 'N', '[#8]=[#15]([#8])([c])[c]', '[#7]')]","[(0, 'N1(CCNCC1)-[#7]', 'N:1 - N:2', 'N', 'SINGLE', 'N', '[N]1[C][C][N][C][C]1', '[#7]')]"
c3,CCCN1CCNCC1.NOP(=O)(c1ccccc1)c1ccccc1>>CCCN1CCN(N)CC1,CCCN1CCN(N)CC1,[CH3:1][CH2:2][CH2:3][N:4]1[CH2:5][CH2:6][NH:7][CH2:9][CH2:10]1.[NH2:8][O:13][P:12](=[O:11])([c:14]1[cH:15][cH:16][cH:17][cH:18][cH:19]1)[c:20]1[cH:21][cH:22][cH:23][cH:24][cH:25]1>>[CH3:1][CH2:2][CH2:3][N:4]1[CH2:5][CH2:6][N:7]([NH2:8])[CH2:9][CH2:10]1,"[['N:7 - H'], ['N:8 - O:13']]",[['N:7 - N:8']],[],"[(0, 'N1CC[N:2]CC1', 'N:7 - H', 'N', 'SINGLE', 'H', '[N]1[C][C][N][C][C]1', '[H]')]","[(0, '[#7;X3&H1&+0,X3&H2&+0,X3&H0&+0:1][#7;X3&H1&+0,X3&H2&+0,X3&H0&+0:2]', 'N:7 - N:8', 'N', 'SINGLE', 'N')]","[(1, '[#8]=[#15]([#8]-[#7])(c)c', 'N:8 - O:13', 'O', 'SINGLE', 'N', '[#8]=[#15]([#8])([c])[c]', '[#7]')]","[(0, 'N1(CCNCC1)-[#7]', 'N:7 - N:8', 'N', 'SINGLE', 'N', '[N]1[C][C][N][C][C]1', '[#7]')]"
c3,COC(=O)N1CCNCC1.NOP(=O)(c1ccccc1)c1ccccc1>>COC(=O)N1CCN(N)CC1,COC(=O)N1CCN(N)CC1,[CH3:1][O:2][C:3](=[O:4])[N:5]1[CH2:6][CH2:7][NH:8][CH2:10][CH2:11]1.[NH2:9][O:14][P:13](=[O:12])([c:15]1[cH:16][cH:17][cH:18][cH:19][cH:20]1)[c:21]1[cH:22][cH:23][cH:24][cH:25][cH:26]1>>[CH3:1][O:2][C:3](=[O:4])[N:5]1[CH2:6][CH2:7][N:8]([NH2:9])[CH2:10][CH2:11]1,"[['N:8 - H'], ['N:9 - O:14']]",[['N:8 - N:9']],[],"[(0, 'N1CC[N:2]CC1', 'N:8 - H', 'N', 'SINGLE', 'H', '[N]1[C][C][N][C][C]1', '[H]')]","[(0, '[#7;X3&H1&+0,X3&H2&+0,X3&H0&+0:1][#7;X3&H1&+0,X3&H2&+0,X3&H0&+0:2]', 'N:8 - N:9', 'N', 'SINGLE', 'N')]","[(1, '[#8]=[#15]([#8]-[#7])(c)c', 'N:9 - O:14', 'O', 'SINGLE', 'N', '[#8]=[#15]([#8])([c])[c]', '[#7]')]","[(0, 'N1(CCNCC1)-[#7]', 'N:8 - N:9', 'N', 'SINGLE', 'N', '[N]1[C][C][N][C][C]1', '[#7]')]"
c3,CC(C)(C)N1CCNCC1.NOP(=O)(c1ccccc1)c1ccccc1>>CC(C)(C)N1CCN(N)CC1,CC(C)(C)N1CCN(N)CC1,[CH3:1][C:2]([CH3:3])([CH3:4])[N:5]1[CH2:6][CH2:7][NH:8][CH2:10][CH2:11]1.[NH2:9][O:14][P:13](=[O:12])([c:15]1[cH:16][cH:17][cH:18][cH:19][cH:20]1)[c:21]1[cH:22][cH:23][cH:24][cH:25][cH:26]1>>[CH3:1][C:2]([CH3:3])([CH3:4])[N:5]1[CH2:6][CH2:7][N:8]([NH2:9])[CH2:10][CH2:11]1,"[['N:8 - H'], ['N:9 - O:14']]",[['N:8 - N:9']],[],"[(0, 'N1CC[N:2]CC1', 'N:8 - H', 'N', 'SINGLE', 'H', '[N]1[C][C][N][C][C]1', '[H]')]","[(0, '[#7;X3&H1&+0,X3&H2&+0,X3&H0&+0:1][#7;X3&H1&+0,X3&H2&+0,X3&H0&+0:2]', 'N:8 - N:9', 'N', 'SINGLE', 'N')]","[(1, '[#8]=[#15]([#8]-[#7])(c)c', 'N:9 - O:14', 'O', 'SINGLE', 'N', '[#8]=[#15]([#8])([c])[c]', '[#7]')]","[(0, 'N1(CCNCC1)-[#7]', 'N:8 - N:9', 'N', 'SINGLE', 'N', '[N]1[C][C][N][C][C]1', '[#7]')]"
c3,CCN1CCNCC1.NOP(=O)(c1ccccc1)c1ccccc1>>CCN1CCN(N)CC1,CCN1CCN(N)CC1,[CH3:1][CH2:2][N:3]1[CH2:4][CH2:5][NH:6][CH2:8][CH2:9]1.[NH2:7][O:12][P:11](=[O:10])([c:13]1[cH:14][cH:15][cH:16][cH:17][cH:18]1)[c:19]1[cH:20][cH:21][cH:22][cH:23][cH:24]1>>[CH3:1][CH2:2][N:3]1[CH2:4][CH2:5][N:6]([NH2:7])[CH2:8][CH2:9]1,"[['N:6 - H'], ['N:7 - O:12']]",[['N:6 - N:7']],[],"[(0, 'N1CC[N:2]CC1', 'N:6 - H', 'N', 'SINGLE', 'H', '[N]1[C][C][N][C][C]1', '[H]')]","[(0, '[#7;X3&H1&+0,X3&H2&+0,X3&H0&+0:1][#7;X3&H1&+0,X3&H2&+0,X3&H0&+0:2]', 'N:6 - N:7', 'N', 'SINGLE', 'N')]","[(1, '[#8]=[#15]([#8]-[#7])(c)c', 'N:7 - O:12', 'O', 'SINGLE', 'N', '[#8]=[#15]([#8])([c])[c]', '[#7]')]","[(0, 'N1(CCNCC1)-[#7]', 'N:6 - N:7', 'N', 'SINGLE', 'N', '[N]1[C][C][N][C][C]1', '[#7]')]"
c3,Cc1ccc(C=O)cc1.NOP(=O)(c1ccccc1)c1ccccc1>>Cc1ccc(C(N)=O)cc1,Cc1ccc(C(N)=O)cc1,[CH3:1][c:2]1[cH:3][cH:4][c:5]([CH:6]=[O:8])[cH:9][cH:10]1.[NH2:7][O:13][P:12](=[O:11])([c:14]1[cH:15][cH:16][cH:17][cH:18][cH:19]1)[c:20]1[cH:21][cH:22][cH:23][cH:24][cH:25]1>>[CH3:1][c:2]1[cH:3][cH:4][c:5]([C:6]([NH2:7])=[O:8])[cH:9][cH:10]1,"[['C:6 - H'], ['N:7 - O:13']]",[['C:6 - N:7']],[],"[(0, '[#6&X3&H1:2]=[#8]', 'C:6 - H', 'C', 'SINGLE', 'H', '[#6X3;H1](=[#8])', '[H]')]","[(0, '[#6:1](=[#8])[#7:2]', 'C:6 - N:7', 'C', 'SINGLE', 'N')]","[(1, '[#8]=[#15]([#8]-[#7])(c)c', 'N:7 - O:13', 'O', 'SINGLE', 'N', '[#8]=[#15]([#8])([c])[c]', '[#7]')]","[(0, '[#6](=[#8])-[#7]', 'C:6 - N:7', 'C', 'SINGLE', 'N', '[#6]=[#8]', '[#7]')]"
c3,CC(=O)CC(C)(C)C.NOP(=O)(c1ccccc1)c1ccccc1>>C/C(CC(C)(C)C)=N\O,C/C(CC(C)(C)C)=N\O,[H][O:9][H].[CH3:1][C:2]([CH2:3][C:4]([CH3:6])([CH3:7])[CH3:5])=O.[NH2:8]OP(c1ccccc1)(c2ccccc2)=O>>[CH3:1]/[C:2]([CH2:3][C:4]([CH3:6])([CH3:7])[CH3:5])=[N:8]\[OH:9],"[['C:2 = O:10'], ['N:8 - H', 'O:9 - P:12']]","[['C:2 = N:8', 'O:9 - H']]",[],[],"[(0, '[#6&X3:1]=[#7:2][#8&X2&H1]', 'C:2 = N:8', 'C', 'DOUBLE', 'N'), (0, '[#7][#8&X2&H1:2]', 'O:9 - H', 'O', 'SINGLE', 'H', '[#7][#8X2H]', '[H]')]",[],"[(0, '[#7]([#8&X2&H1])=[#6]', 'C:2 = N:8', 'N', 'DOUBLE', 'C', '[#7][#8X2H]', '[#6]')]"
c3,NOP(=O)(c1ccccc1)c1ccccc1.O=S(=O)(c1ccccc1)N1CCNCC1>>NN1CCN(S(=O)(=O)c2ccccc2)CC1,NN1CCN(S(=O)(=O)c2ccccc2)CC1,[NH2:1][O:19][P:18](=[O:17])([c:20]1[cH:21][cH:22][cH:23][cH:24][cH:25]1)[c:26]1[cH:27][cH:28][cH:29][cH:30][cH:31]1.[NH:2]1[CH2:3][CH2:4][N:5]([S:6](=[O:7])(=[O:8])[c:9]2[cH:10][cH:11][cH:12][cH:13][cH:14]2)[CH2:15][CH2:16]1>>[NH2:1][N:2]1[CH2:3][CH2:4][N:5]([S:6](=[O:7])(=[O:8])[c:9]2[cH:10][cH:11][cH:12][cH:13][cH:14]2)[CH2:15][CH2:16]1,"[['N:1 - O:19'], ['N:2 - H']]",[['N:1 - N:2']],[],"[(1, '[N:2]1CCNCC1', 'N:2 - H', 'N', 'SINGLE', 'H', '[N]1[C][C][N][C][C]1', '[H]')]","[(0, '[#7;X3&H1&+0,X3&H2&+0,X3&H0&+0:1][#7;X3&H1&+0,X3&H2&+0,X3&H0&+0:2]', 'N:1 - N:2', 'N', 'SINGLE', 'N')]","[(0, '[#8]=[#15]([#8]-[#7])(c)c', 'N:1 - O:19', 'O', 'SINGLE', 'N', '[#8]=[#15]([#8])([c])[c]', '[#7]')]","[(0, 'N1(CCNCC1)-[#7]', 'N:1 - N:2', 'N', 'SINGLE', 'N', '[N]1[C][C][N][C][C]1', '[#7]')]"
c3,CCOC(=O)c1cn[nH]c1.NOP(=O)(c1ccccc1)c1ccccc1>>CCOC(=O)c1cnn(N)c1,CCOC(=O)c1cnn(N)c1,[CH3:1][CH2:2][O:3][C:4](=[O:5])[c:6]1[cH:7][n:8][nH:9][cH:11]1.[NH2:10][O:14][P:13](=[O:12])([c:15]1[cH:16][cH:17][cH:18][cH:19][cH:20]1)[c:21]1[cH:22][cH:23][cH:24][cH:25][cH:26]1>>[CH3:1][CH2:2][O:3][C:4](=[O:5])[c:6]1[cH:7][n:8][n:9]([NH2:10])[cH:11]1,"[['N:9 - H'], ['N:10 - O:14']]",[['N:9 - N:10']],[],"[(0, '[#6]1[#7][#7:2][#6][#6]1', 'N:9 - H', 'N', 'SINGLE', 'H', '[#6]1[#7][#7][#6][#6]1', '[H]')]","[(0, '[#7;X3&H1&+0,X3&H2&+0,X3&H0&+0:1][#7;X3&H1&+0,X3&H2&+0,X3&H0&+0:2]', 'N:9 - N:10', 'N', 'SINGLE', 'N')]","[(1, '[#8]=[#15]([#8]-[#7])(c)c', 'N:10 - O:14', 'O', 'SINGLE', 'N', '[#8]=[#15]([#8])([c])[c]', '[#7]')]","[(0, '[#6]1[#7]([#7][#6][#6]1)-[#7]', 'N:9 - N:10', 'N', 'SINGLE', 'N', '[#6]1[#7][#7][#6][#6]1', '[#7]')]"
c3,NOP(=O)(c1ccccc1)c1ccccc1.c1cc(N2CCNCC2)ccn1>>NN1CCN(c2ccncc2)CC1,NN1CCN(c2ccncc2)CC1,[NH2:1][O:16][P:15](=[O:14])([c:17]1[cH:18][cH:19][cH:20][cH:21][cH:22]1)[c:23]1[cH:24][cH:25][cH:26][cH:27][cH:28]1.[NH:2]1[CH2:3][CH2:4][N:5]([c:6]2[cH:7][cH:8][n:9][cH:10][cH:11]2)[CH2:12][CH2:13]1>>[NH2:1][N:2]1[CH2:3][CH2:4][N:5]([c:6]2[cH:7][cH:8][n:9][cH:10][cH:11]2)[CH2:12][CH2:13]1,"[['N:1 - O:16'], ['N:2 - H']]",[['N:1 - N:2']],[],"[(1, '[N:2]1CCNCC1', 'N:2 - H', 'N', 'SINGLE', 'H', '[N]1[C][C][N][C][C]1', '[H]')]","[(0, '[#7;X3&H1&+0,X3&H2&+0,X3&H0&+0:1][#7;X3&H1&+0,X3&H2&+0,X3&H0&+0:2]', 'N:1 - N:2', 'N', 'SINGLE', 'N')]","[(0, '[#8]=[#15]([#8]-[#7])(c)c', 'N:1 - O:16', 'O', 'SINGLE', 'N', '[#8]=[#15]([#8])([c])[c]', '[#7]')]","[(0, 'N1(CCNCC1)-[#7]', 'N:1 - N:2', 'N', 'SINGLE', 'N', '[N]1[C][C][N][C][C]1', '[#7]')]"
c3,FC(F)(F)C1CNCCN1.NOP(=O)(c1ccccc1)c1ccccc1>>NN1CCNCC1C(F)(F)F,NN1CCNCC1C(F)(F)F,[NH:2]1[CH2:3][CH2:4][NH:5][CH2:6][CH:7]1[C:8]([F:9])([F:10])[F:11].[NH2:1][O:14][P:13](=[O:12])([c:15]1[cH:16][cH:17][cH:18][cH:19][cH:20]1)[c:21]1[cH:22][cH:23][cH:24][cH:25][cH:26]1>>[NH2:1][N:2]1[CH2:3][CH2:4][NH:5][CH2:6][CH:7]1[C:8]([F:9])([F:10])[F:11],"[['N:2 - H'], ['N:1 - O:14']]",[['N:1 - N:2']],[],"[(0, '[N:2]1CCNCC1', 'N:2 - H', 'N', 'SINGLE', 'H', '[N]1[C][C][N][C][C]1', '[H]')]","[(0, '[#7;X3&H1&+0,X3&H2&+0,X3&H0&+0:1][#7;X3&H1&+0,X3&H2&+0,X3&H0&+0:2]', 'N:1 - N:2', 'N', 'SINGLE', 'N')]","[(1, '[#8]=[#15]([#8]-[#7])(c)c', 'N:1 - O:14', 'O', 'SINGLE', 'N', '[#8]=[#15]([#8])([c])[c]', '[#7]')]","[(0, 'N1(CCNCC1)-[#7]', 'N:1 - N:2', 'N', 'SINGLE', 'N', '[N]1[C][C][N][C][C]1', '[#7]')]"
c3,C1CN(C2CC2)CCN1.NOP(=O)(c1ccccc1)c1ccccc1>>NN1CCN(C2CC2)CC1,NN1CCN(C2CC2)CC1,[NH:2]1[CH2:3][CH2:4][N:5]([CH:6]2[CH2:7][CH2:8]2)[CH2:9][CH2:10]1.[NH2:1][O:13][P:12](=[O:11])([c:14]1[cH:15][cH:16][cH:17][cH:18][cH:19]1)[c:20]1[cH:21][cH:22][cH:23][cH:24][cH:25]1>>[NH2:1][N:2]1[CH2:3][CH2:4][N:5]([CH:6]2[CH2:7][CH2:8]2)[CH2:9][CH2:10]1,"[['N:2 - H'], ['N:1 - O:13']]",[['N:1 - N:2']],[],"[(0, '[N:2]1CCNCC1', 'N:2 - H', 'N', 'SINGLE', 'H', '[N]1[C][C][N][C][C]1', '[H]')]","[(0, '[#7;X3&H1&+0,X3&H2&+0,X3&H0&+0:1][#7;X3&H1&+0,X3&H2&+0,X3&H0&+0:2]', 'N:1 - N:2', 'N', 'SINGLE', 'N')]","[(1, '[#8]=[#15]([#8]-[#7])(c)c', 'N:1 - O:13', 'O', 'SINGLE', 'N', '[#8]=[#15]([#8])([c])[c]', '[#7]')]","[(0, 'N1(CCNCC1)-[#7]', 'N:1 - N:2', 'N', 'SINGLE', 'N', '[N]1[C][C][N][C][C]1', '[#7]')]"
c3,CC(C)(C)C(=O)CC(=O)C(C)(C)C.NOP(=O)(c1ccccc1)c1ccccc1>>CC(C)(C)C(=O)C(N)C(=O)C(C)(C)C,CC(C)(C)C(=O)C(N)C(=O)C(C)(C)C,[CH3:1][C:2]([CH3:3])([CH3:4])[C:5](=[O:6])[CH2:7][C:9](=[O:10])[C:11]([CH3:12])([CH3:13])[CH3:14].[NH2:8][O:17][P:16](=[O:15])([c:18]1[cH:19][cH:20][cH:21][cH:22][cH:23]1)[c:24]1[cH:25][cH:26][cH:27][cH:28][cH:29]1>>[CH3:1][C:2]([CH3:3])([CH3:4])[C:5](=[O:6])[CH:7]([NH2:8])[C:9](=[O:10])[C:11]([CH3:12])([CH3:13])[CH3:14],"[['C:7 - H'], ['N:8 - O:17']]",[['C:7 - N:8']],[],"[(0, '[#6:2][#6](=[#8])[#6]', 'C:7 - H', 'C', 'SINGLE', 'H', '[#6][#6](=[#8])[#6]', '[H]')]","[(0, '[#7&X3&H2:1][#6:2]', 'C:7 - N:8', 'C', 'SINGLE', 'N')]","[(1, '[#8]=[#15]([#8]-[#7])(c)c', 'N:8 - O:17', 'O', 'SINGLE', 'N', '[#8]=[#15]([#8])([c])[c]', '[#7]')]","[(0, '[#6]([#6](=[#8])[#6])-[#7]', 'C:7 - N:8', 'C', 'SINGLE', 'N', '[#6][#6](=[#8])[#6]', '[#7]')]"
c3,C/C=C/c1ccccc1.NOP(=O)(c1ccccc1)c1ccccc1>>CC(OP(=O)(c1ccccc1)c1ccccc1)C(N)c1ccccc1,CC(OP(=O)(c1ccccc1)c1ccccc1)C(N)c1ccccc1,[CH3:1]/[CH:2]=[CH:18]/[c:20]1[cH:21][cH:22][cH:23][cH:24][cH:25]1.[O:3]([P:4](=[O:5])([c:6]1[cH:7][cH:8][cH:9][cH:10][cH:11]1)[c:12]1[cH:13][cH:14][cH:15][cH:16][cH:17]1)[NH2:19]>>[CH3:1][CH:2]([O:3][P:4](=[O:5])([c:6]1[cH:7][cH:8][cH:9][cH:10][cH:11]1)[c:12]1[cH:13][cH:14][cH:15][cH:16][cH:17]1)[CH:18]([NH2:19])[c:20]1[cH:21][cH:22][cH:23][cH:24][cH:25]1,"[None, ['N:19 - O:3']]","[['C:2 - O:3', 'C:18 - N:19']]",['C:2 = C:18 -> C:2 - C:18'],[],"[(0, '[#7&X3&H2:1][#6:2]', 'C:18 - N:19', 'C', 'SINGLE', 'N')]","[(1, '[#8]=[#15]([#8]-[#7])(c)c', 'N:19 - O:3', 'O', 'SINGLE', 'N', '[#8]=[#15]([#8])([c])[c]', '[#7]')]","[(0, '[#8]=[#15]([#8]-[C&X4&!R]([C&X4&!R])[C&X4&!R])(c)c', 'C:2 - O:3', 'O', 'SINGLE', 'C', '[#8]=[#15]([#8])([c])[c]', '[CX4;!R][CX4;!R][CX4;!R]'), (0, 'c1ccccc1[#6&X4]-[#7]', 'C:18 - N:19', 'C', 'SINGLE', 'N', '[c]1[c][c][c][c][c]1[#6X4]', '[#7]')]"
c3,CC1(C)c2ccccc2-c2ccc(Nc3ccccc3)cc21.NOP(=O)(c1ccccc1)c1ccccc1>>CC1(C)c2ccccc2-c2ccc(N(N)c3ccccc3)cc21,CC1(C)c2ccccc2-c2ccc(N(N)c3ccccc3)cc21,[CH3:1][C:2]1([CH3:3])[c:4]2[cH:5][cH:6][cH:7][cH:8][c:9]2-[c:10]2[cH:11][cH:12][c:13]([NH:14][c:16]3[cH:17][cH:18][cH:19][cH:20][cH:21]3)[cH:22][c:23]21.[NH2:15][O:26][P:25](=[O:24])([c:27]1[cH:28][cH:29][cH:30][cH:31][cH:32]1)[c:33]1[cH:34][cH:35][cH:36][cH:37][cH:38]1>>[CH3:1][C:2]1([CH3:3])[c:4]2[cH:5][cH:6][cH:7][cH:8][c:9]2-[c:10]2[cH:11][cH:12][c:13]([N:14]([NH2:15])[c:16]3[cH:17][cH:18][cH:19][cH:20][cH:21]3)[cH:22][c:23]21,"[['N:14 - H'], ['N:15 - O:26']]",[['N:14 - N:15']],[],"[(0, 'c1ccccc1[#7&!a;X4&H1&+,X4&H2&+,X4&H3&+,X3&H1&+0,X3&H0&+0,X3&H2&+0;!$([#7][!#6]):2]', 'N:14 - H', 'N', 'SINGLE', 'H', '[c]1[c][c][c][c][c]1[#7;!a;X4H+,X4H2+,X4H3+,X3H+0,X3H0+0,X3H2+0;!$([#7][!#6])]', '[H]')]","[(0, '[#7;X3&H1&+0,X3&H2&+0,X3&H0&+0:1][#7;X3&H1&+0,X3&H2&+0,X3&H0&+0:2]', 'N:14 - N:15', 'N', 'SINGLE', 'N')]","[(1, '[#8]=[#15]([#8]-[#7])(c)c', 'N:15 - O:26', 'O', 'SINGLE', 'N', '[#8]=[#15]([#8])([c])[c]', '[#7]')]","[(0, '[#7]-[#7]', 'N:14 - N:15', 'N', 'SINGLE', 'N', '[#7]', '[#7]')]"
c3,CC(=O)C1=NCCS1.NOP(=O)(c1ccccc1)c1ccccc1>>CC(=O)NC1=NCCS1,CC(=O)NC1=NCCS1,[CH3:1][C:2](=[O:3])[C:5]1=[N:6][CH2:7][CH2:8][S:9]1.[NH2:4][O:12][P:11](=[O:10])([c:13]1[cH:14][cH:15][cH:16][cH:17][cH:18]1)[c:19]1[cH:20][cH:21][cH:22][cH:23][cH:24]1>>[CH3:1][C:2](=[O:3])[NH:4][C:5]1=[N:6][CH2:7][CH2:8][S:9]1,"[['C:2 - C:5'], ['N:4 - H', 'N:4 - O:12']]","[['C:2 - N:4', 'C:5 - N:4']]",[],"[(0, '[#6][#6:1](=[#8])[#6:2]', 'C:2 - C:5', 'C', 'SINGLE', 'C'), (1, '[#7:2]', 'N:4 - H', 'N', 'SINGLE', 'H', '[#7]', '[H]')]","[(0, '[#6:1](=[#8])[#7:2]', 'C:2 - N:4', 'C', 'SINGLE', 'N'), (0, '[#7&X3&H1:1]([#6])[#6:2]', 'C:5 - N:4', 'C', 'SINGLE', 'N')]","[(0, '[#16]1[#6][#6][#7]=[#6]1-[#6](=[#8])[#6&H3]', 'C:2 - C:5', 'C', 'SINGLE', 'C', '[#16]1[#6][#6][#7]=[#6]1', '[#6](=[#8])[#6;H3]'), (1, '[#8]=[#15]([#8]-[#7])(c)c', 'N:4 - O:12', 'O', 'SINGLE', 'N', '[#8]=[#15]([#8])([c])[c]', '[#7]')]","[(0, '[#6](=[#8])([#6&H3])-[#7]', 'C:2 - N:4', 'C', 'SINGLE', 'N', '[#6](=[#8])[#6;H3]', '[#7]'), (0, '[#16]1[#6][#6][#7]=[#6]1-[#7][#6]=[#8]', 'C:5 - N:4', 'C', 'SINGLE', 'N', '[#16]1[#6][#6][#7]=[#6]1', '[#6](=[#8])[#7]')]"
c3,CC(=O)C=CC(C)C.NOP(=O)(c1ccccc1)c1ccccc1>>C/C(C=CC(C)C)=N/O,C/C(C=CC(C)C)=N/O,[H][O:9][H].[CH3:1][C:2]([CH:3]=[CH:4][CH:5]([CH3:7])[CH3:6])=O.[NH2:8]OP(c1ccccc1)(c2ccccc2)=O>>[CH3:1]/[C:2]([CH:3]=[CH:4][CH:5]([CH3:7])[CH3:6])=[N:8]/[OH:9],"[['C:2 = O:10'], ['N:8 - H', 'O:9 - P:12']]","[['C:2 = N:8', 'O:9 - H']]",[],[],"[(0, '[#6&X3:1]=[#7:2][#8&X2&H1]', 'C:2 = N:8', 'C', 'DOUBLE', 'N'), (0, '[#7][#8&X2&H1:2]', 'O:9 - H', 'O', 'SINGLE', 'H', '[#7][#8X2H]', '[H]')]",[],"[(0, '[#7]([#8&X2&H1])=[#6]', 'C:2 = N:8', 'N', 'DOUBLE', 'C', '[#7][#8X2H]', '[#6]')]"
c3,CC(=O)/C=C/CC(C)C.NOP(=O)(c1ccccc1)c1ccccc1>>CC(/C=C/CC(C)C)=N/O,CC(/C=C/CC(C)C)=N/O,[H][O:10][H].[CH3:1][C:2](/[CH:3]=[CH:4]/[CH2:5][CH:6]([CH3:8])[CH3:7])=O.[NH2:9]OP(c1ccccc1)(c2ccccc2)=O>>[CH3:1][C:2](/[CH:3]=[CH:4]/[CH2:5][CH:6]([CH3:8])[CH3:7])=[N:9]/[OH:10],"[['C:2 = O:11'], ['N:9 - H', 'O:10 - P:13']]","[['C:2 = N:9', 'O:10 - H']]",[],[],"[(0, '[#6&X3:1]=[#7:2][#8&X2&H1]', 'C:2 = N:9', 'C', 'DOUBLE', 'N'), (0, '[#7][#8&X2&H1:2]', 'O:10 - H', 'O', 'SINGLE', 'H', '[#7][#8X2H]', '[H]')]",[],"[(0, '[#7]([#8&X2&H1])=[#6]', 'C:2 = N:9', 'N', 'DOUBLE', 'C', '[#7][#8X2H]', '[#6]')]"
c3,CC(C)=Cc1ccccc1.NOP(=O)(c1ccccc1)c1ccccc1>>CC(C)(OP(=O)(c1ccccc1)c1ccccc1)C(N)c1ccccc1,CC(C)(OP(=O)(c1ccccc1)c1ccccc1)C(N)c1ccccc1,[CH3:1][C:2]([CH3:3])=[CH:19][c:21]1[cH:22][cH:23][cH:24][cH:25][cH:26]1.[O:4]([P:5](=[O:6])([c:7]1[cH:8][cH:9][cH:10][cH:11][cH:12]1)[c:13]1[cH:14][cH:15][cH:16][cH:17][cH:18]1)[NH2:20]>>[CH3:1][C:2]([CH3:3])([O:4][P:5](=[O:6])([c:7]1[cH:8][cH:9][cH:10][cH:11][cH:12]1)[c:13]1[cH:14][cH:15][cH:16][cH:17][cH:18]1)[CH:19]([NH2:20])[c:21]1[cH:22][cH:23][cH:24][cH:25][cH:26]1,"[None, ['N:20 - O:4']]","[['C:2 - O:4', 'C:19 - N:20']]",['C:2 = C:19 -> C:2 - C:19'],[],"[(0, '[#7&X3&H2:1][#6:2]', 'C:19 - N:20', 'C', 'SINGLE', 'N')]","[(1, '[#8]=[#15]([#8]-[#7])(c)c', 'N:20 - O:4', 'O', 'SINGLE', 'N', '[#8]=[#15]([#8])([c])[c]', '[#7]')]","[(0, '[#8]=[#15]([#8]-[C&X4&!R]([C&X4&!R])[C&X4&!R])(c)c', 'C:2 - O:4', 'O', 'SINGLE', 'C', '[#8]=[#15]([#8])([c])[c]', '[CX4;!R][CX4;!R][CX4;!R]'), (0, 'c1ccccc1[#6&X4]-[#7]', 'C:19 - N:20', 'C', 'SINGLE', 'N', '[c]1[c][c][c][c][c]1[#6X4]', '[#7]')]"
c3,CCC(C)C1=NCCS1.NOP(=O)(c1ccccc1)c1ccccc1>>CCC(C)C1=NNCCS1,CCC(C)C1=NNCCS1,[CH3:1][CH2:2][CH:3]([CH3:4])[C:5]1=[N:7][CH2:8][CH2:9][S:10]1.[NH2:6][O:13][P:12](=[O:11])([c:14]1[cH:15][cH:16][cH:17][cH:18][cH:19]1)[c:20]1[cH:21][cH:22][cH:23][cH:24][cH:25]1>>[CH3:1][CH2:2][CH:3]([CH3:4])[C:5]1=[N:6][NH:7][CH2:8][CH2:9][S:10]1,"[['C:5 = N:7'], ['N:6 - H', 'N:6 - O:13']]","[['C:5 = N:6', 'N:6 - N:7', 'N:7 - H']]",[],"[(0, '[#16]1[#6][#6][#7:1]=[#6:2]1', 'C:5 = N:7', 'C', 'DOUBLE', 'N'), (1, '[#7:2]', 'N:6 - H', 'N', 'SINGLE', 'H', '[#7]', '[H]')]","[(0, '[#7]1[#6][#6][#16][#6:1]=[#7:2]1', 'C:5 = N:6', 'C', 'DOUBLE', 'N'), (0, '[#7:2]1[#6][#6][#16][#6]=[#7:1]1', 'N:6 - N:7', 'N', 'SINGLE', 'N'), (0, '[#7:2]1[#6][#6][#16][#6]=[#7]1', 'N:7 - H', 'N', 'SINGLE', 'H', '[#7]1[#6][#6][#16][#6]=[#7]1', '[H]')]","[(0, '[#6]([#16&v2][#6])=[#7]', 'C:5 = N:7', 'C', 'DOUBLE', 'N', '[#6][#16v2][#6]', '[#7]'), (1, '[#8]=[#15]([#8]-[#7])(c)c', 'N:6 - O:13', 'O', 'SINGLE', 'N', '[#8]=[#15]([#8])([c])[c]', '[#7]')]","[(0, '[#6]([#16&v2][#6])=[#7]', 'C:5 = N:6', 'C', 'DOUBLE', 'N', '[#6][#16v2][#6]', '[#7]'), (0, '[#7]-[#7]', 'N:6 - N:7', 'N', 'SINGLE', 'N', '[#7]', '[#7]')]"
c3,CC1=CCC(C(C)C)C=C1.NOP(=O)(c1ccccc1)c1ccccc1>>CC1=CCC(C(C)C)C(N)C1OP(=O)(c1ccccc1)c1ccccc1,CC1=CCC(C(C)C)C(N)C1OP(=O)(c1ccccc1)c1ccccc1,[CH3:1][C:2]1=[CH:3][CH2:4][CH:5]([CH:6]([CH3:7])[CH3:8])[CH:9]=[CH:11]1.[NH2:10][O:12][P:13](=[O:14])([c:15]1[cH:16][cH:17][cH:18][cH:19][cH:20]1)[c:21]1[cH:22][cH:23][cH:24][cH:25][cH:26]1>>[CH3:1][C:2]1=[CH:3][CH2:4][CH:5]([CH:6]([CH3:7])[CH3:8])[CH:9]([NH2:10])[CH:11]1[O:12][P:13](=[O:14])([c:15]1[cH:16][cH:17][cH:18][cH:19][cH:20]1)[c:21]1[cH:22][cH:23][cH:24][cH:25][cH:26]1,"[None, ['N:10 - O:12']]","[['C:11 - O:12', 'C:9 - N:10']]",['C:9 = C:11 -> C:9 - C:11'],[],"[(0, '[#7&X3&H2:1][#6:2]', 'C:9 - N:10', 'C', 'SINGLE', 'N')]","[(1, '[#8]=[#15]([#8]-[#7])(c)c', 'N:10 - O:12', 'O', 'SINGLE', 'N', '[#8]=[#15]([#8])([c])[c]', '[#7]')]","[(0, '[#6]1([#6][#6][#6][#6]=[#6]1)-[#8][#15](=[#8])(c)c', 'C:11 - O:12', 'C', 'SINGLE', 'O', '[#6]1[#6][#6][#6][#6]=[#6]1', '[#8]=[#15]([#8])([c])[c]'), (0, '[#6]1[#6]([#6][#6][#6]=[#6]1)-[#7]', 'C:9 - N:10', 'C', 'SINGLE', 'N', '[#6]1[#6][#6][#6][#6]=[#6]1', '[#7]')]"
c3,CC1=NCCCN1C.NOP(=O)(c1ccccc1)c1ccccc1>>CC1=NNCCCN1C,CC1=NNCCCN1C,[CH3:1][C:2]1=[N:4][CH2:5][CH2:6][CH2:7][N:8]1[CH3:9].[NH2:3][O:12][P:11](=[O:10])([c:13]1[cH:14][cH:15][cH:16][cH:17][cH:18]1)[c:19]1[cH:20][cH:21][cH:22][cH:23][cH:24]1>>[CH3:1][C:2]1=[N:3][NH:4][CH2:5][CH2:6][CH2:7][N:8]1[CH3:9],"[['C:2 = N:4'], ['N:3 - O:12', 'N:3 - H']]","[['C:2 = N:3', 'N:4 - H', 'N:3 - N:4']]",[],"[(0, '[#6]1[#7][#6:1]=[#7:2][#6][#6]1', 'C:2 = N:4', 'C', 'DOUBLE', 'N'), (1, '[#7:2]', 'N:3 - H', 'N', 'SINGLE', 'H', '[#7]', '[H]')]","[(0, '[#7][#7&X2:1]=[#6&X3:2]', 'C:2 = N:3', 'C', 'DOUBLE', 'N'), (0, '[#7:2][#7&X2]=[#6&X3]', 'N:4 - H', 'N', 'SINGLE', 'H', '[#7][#7X2]=[#6X3]', '[H]'), (0, '[#7:1][#7&X2:2]=[#6&X3]', 'N:3 - N:4', 'N', 'SINGLE', 'N')]","[(0, '[#7&X3&H0]([#6]=[#7])([#6])[#6]', 'C:2 = N:4', 'C', 'DOUBLE', 'N', '[#7;X3H0]([#6])([#6])([#6])', '[#7]'), (1, '[#8]=[#15]([#8]-[#7])(c)c', 'N:3 - O:12', 'O', 'SINGLE', 'N', '[#8]=[#15]([#8])([c])[c]', '[#7]')]","[(0, '[#7&X3&H0]([#6]=[#7])([#6])[#6]', 'C:2 = N:3', 'C', 'DOUBLE', 'N', '[#7;X3H0]([#6])([#6])([#6])', '[#7]'), (0, '[#7]-[#7]', 'N:3 - N:4', 'N', 'SINGLE', 'N', '[#7]', '[#7]')]"
c3,NOP(=O)(c1ccccc1)c1ccccc1.c1ccc2n[nH]cc2c1>>Nn1cc2ccccc2n1,Nn1cc2ccccc2n1,[NH2:1][O:13][P:12](=[O:11])([c:14]1[cH:15][cH:16][cH:17][cH:18][cH:19]1)[c:20]1[cH:21][cH:22][cH:23][cH:24][cH:25]1.[nH:2]1[cH:3][c:4]2[cH:5][cH:6][cH:7][cH:8][c:9]2[n:10]1>>[NH2:1][n:2]1[cH:3][c:4]2[cH:5][cH:6][cH:7][cH:8][c:9]2[n:10]1,"[['N:1 - O:13'], ['N:2 - H']]",[['N:1 - N:2']],[],"[(1, 'c12n[n:2]cc1cccc2', 'N:2 - H', 'N', 'SINGLE', 'H', '[c]1([n][n][c]2)[c]2[c][c][c][c]1', '[H]')]","[(0, '[#7;X3&H1&+0,X3&H2&+0,X3&H0&+0:1][#7;X3&H1&+0,X3&H2&+0,X3&H0&+0:2]', 'N:1 - N:2', 'N', 'SINGLE', 'N')]","[(0, '[#8]=[#15]([#8]-[#7])(c)c', 'N:1 - O:13', 'O', 'SINGLE', 'N', '[#8]=[#15]([#8])([c])[c]', '[#7]')]","[(0, '[#6]1[#7]([#7][#6][#6]1)-[#7]', 'N:1 - N:2', 'N', 'SINGLE', 'N', '[#6]1[#7][#7][#6][#6]1', '[#7]')]"
c3,NOP(=O)(c1ccccc1)c1ccccc1.O=CC=P(c1ccccc1)(c1ccccc1)c1ccccc1>>NC(=O)C=P(c1ccccc1)(c1ccccc1)c1ccccc1,NC(=O)C=P(c1ccccc1)(c1ccccc1)c1ccccc1,[NH2:1][O:26][P:25](=[O:24])([c:27]1[cH:28][cH:29][cH:30][cH:31][cH:32]1)[c:33]1[cH:34][cH:35][cH:36][cH:37][cH:38]1.[CH:2](=[O:3])[CH:4]=[P:5]([c:6]1[cH:7][cH:8][cH:9][cH:10][cH:11]1)([c:12]1[cH:13][cH:14][cH:15][cH:16][cH:17]1)[c:18]1[cH:19][cH:20][cH:21][cH:22][cH:23]1>>[NH2:1][C:2](=[O:3])[CH:4]=[P:5]([c:6]1[cH:7][cH:8][cH:9][cH:10][cH:11]1)([c:12]1[cH:13][cH:14][cH:15][cH:16][cH:17]1)[c:18]1[cH:19][cH:20][cH:21][cH:22][cH:23]1,"[['N:1 - O:26'], ['C:2 - H']]",[['C:2 - N:1']],[],"[(1, '[#6&X3&H1:2]=[#8]', 'C:2 - H', 'C', 'SINGLE', 'H', '[#6X3;H1](=[#8])', '[H]')]","[(0, '[#6:1](=[#8])[#7:2]', 'C:2 - N:1', 'C', 'SINGLE', 'N')]","[(0, '[#8]=[#15]([#8]-[#7])(c)c', 'N:1 - O:26', 'O', 'SINGLE', 'N', '[#8]=[#15]([#8])([c])[c]', '[#7]')]","[(0, '[#6](=[#8])-[#7]', 'C:2 - N:1', 'C', 'SINGLE', 'N', '[#6]=[#8]', '[#7]')]"
c3,NOP(=O)(c1ccccc1)c1ccccc1.c1cncc(N2CCNCC2)c1>>NN1CCN(c2cccnc2)CC1,NN1CCN(c2cccnc2)CC1,[NH2:1][O:16][P:15](=[O:14])([c:17]1[cH:18][cH:19][cH:20][cH:21][cH:22]1)[c:23]1[cH:24][cH:25][cH:26][cH:27][cH:28]1.[NH:2]1[CH2:3][CH2:4][N:5]([c:6]2[cH:7][cH:8][cH:9][n:10][cH:11]2)[CH2:12][CH2:13]1>>[NH2:1][N:2]1[CH2:3][CH2:4][N:5]([c:6]2[cH:7][cH:8][cH:9][n:10][cH:11]2)[CH2:12][CH2:13]1,"[['N:1 - O:16'], ['N:2 - H']]",[['N:1 - N:2']],[],"[(1, '[N:2]1CCNCC1', 'N:2 - H', 'N', 'SINGLE', 'H', '[N]1[C][C][N][C][C]1', '[H]')]","[(0, '[#7;X3&H1&+0,X3&H2&+0,X3&H0&+0:1][#7;X3&H1&+0,X3&H2&+0,X3&H0&+0:2]', 'N:1 - N:2', 'N', 'SINGLE', 'N')]","[(0, '[#8]=[#15]([#8]-[#7])(c)c', 'N:1 - O:16', 'O', 'SINGLE', 'N', '[#8]=[#15]([#8])([c])[c]', '[#7]')]","[(0, 'N1(CCNCC1)-[#7]', 'N:1 - N:2', 'N', 'SINGLE', 'N', '[N]1[C][C][N][C][C]1', '[#7]')]"
c3,CC(C)(C)c1ncc[nH]1.NOP(=O)(c1ccccc1)c1ccccc1>>CC(C)(C)c1n(N)cc[n+]1N,CC(C)(C)c1n(N)cc[n+]1N,[CH3:1][C:2]([CH3:3])([CH3:4])[c:5]1[nH:6][cH:7][cH:8][n:9]1.[NH2:11][O:12][P:13]([c:14]1[cH:15][cH:16][cH:17][cH:18][cH:19]1)([c:20]1[cH:21][cH:22][cH:23][cH:24][cH:25]1)=[O:26].[NH2:10][O:27][P:28]([c:29]1[cH:30][cH:31][cH:32][cH:33][cH:34]1)([c:35]1[cH:36][cH:37][cH:38][cH:39][cH:40]1)=[O:41]>>[CH3:1][C:2]([CH3:3])([CH3:4])[c:5]1[n:6]([NH2:11])[cH:7][cH:8][n+:9]1[NH2:10],"[['N:6 - H'], ['N:11 - O:12'], ['N:10 - O:27']]","[['N:6 - N:11', 'N:9 - N:10']]",[],"[(0, '[#7:2]1[#6][#7][#6][#6]1', 'N:6 - H', 'N', 'SINGLE', 'H', '[#7]1[#6][#7][#6][#6]1', '[H]')]","[(0, '[#7;X3&H1&+0,X3&H2&+0,X3&H0&+0:1][#7;X3&H1&+0,X3&H2&+0,X3&H0&+0:2]', 'N:6 - N:11', 'N', 'SINGLE', 'N')]","[(1, '[#8]=[#15]([#8]-[#7])(c)c', 'N:11 - O:12', 'O', 'SINGLE', 'N', '[#8]=[#15]([#8])([c])[c]', '[#7]'), (2, '[#8]=[#15]([#8]-[#7])(c)c', 'N:10 - O:27', 'O', 'SINGLE', 'N', '[#8]=[#15]([#8])([c])[c]', '[#7]')]","[(0, '[#7]1([#6][#7][#6][#6]1)-[#7]', 'N:6 - N:11', 'N', 'SINGLE', 'N', '[#7]1[#6][#7][#6][#6]1', '[#7]'), (0, '[#7]1([#6][#7][#6][#6]1)-[#7]', 'N:9 - N:10', 'N', 'SINGLE', 'N', '[#7]1[#6][#7][#6][#6]1', '[#7]')]"
c3,NOP(=O)(c1ccccc1)c1ccccc1.O=C1c2ccccc2-c2cccc(B(O)O)c21>>O/N=C1\c2ccccc2-c2cccc(B(O)O)c21,O/N=C1\c2ccccc2-c2cccc(B(O)O)c21,[H][O:18][H].[NH2:1]OP(c1ccccc1)(c2ccccc2)=O.O=[C:2]3[c:3]4[c:8]([c:9]5[c:17]3[c:13]([B:14]([OH:16])[OH:15])[cH:12][cH:11][cH:10]5)[cH:7][cH:6][cH:5][cH:4]4>>[OH:18]/[N:1]=[C:2]6[c:3]7[c:8]([c:9]8[c:17]\6[c:13]([B:14]([OH:16])[OH:15])[cH:12][cH:11][cH:10]8)[cH:7][cH:6][cH:5][cH:4]7,"[['N:2 - H', 'O:1 - P:20'], ['C:3 = O:33']]","[['C:3 = N:2', 'O:1 - H']]",[],[],"[(0, '[#6:1]1[#6:2][#6][#6][#6]1', 'C:3 = N:2', 'C', 'DOUBLE', 'N'), (0, '[#7:2][#8&X2&H1]', 'O:1 - H', 'O', 'SINGLE', 'H', '[#7][#8X2H]', '[H]')]",[],[]
c3,NOP(=O)(c1ccccc1)c1ccccc1.c1csc(C2=NCCN2)c1>>NN1CCN=C1c1cccs1,NN1CCN=C1c1cccs1,[NH2:1][O:14][P:13](=[O:12])([c:15]1[cH:16][cH:17][cH:18][cH:19][cH:20]1)[c:21]1[cH:22][cH:23][cH:24][cH:25][cH:26]1.[NH:2]1[CH2:3][CH2:4][N:5]=[C:6]1[c:7]1[cH:8][cH:9][cH:10][s:11]1>>[NH2:1][N:2]1[CH2:3][CH2:4][N:5]=[C:6]1[c:7]1[cH:8][cH:9][cH:10][s:11]1,"[['N:1 - O:14'], ['N:2 - H']]",[['N:1 - N:2']],[],"[(1, '[N:2]1C=NCC1', 'N:2 - H', 'N', 'SINGLE', 'H', '[N]1[C]=[N][C][C]1', '[H]')]","[(0, '[#7;X3&H1&+0,X3&H2&+0,X3&H0&+0:1][#7;X3&H1&+0,X3&H2&+0,X3&H0&+0:2]', 'N:1 - N:2', 'N', 'SINGLE', 'N')]","[(0, '[#8]=[#15]([#8]-[#7])(c)c', 'N:1 - O:14', 'O', 'SINGLE', 'N', '[#8]=[#15]([#8])([c])[c]', '[#7]')]","[(0, 'N1(C=NCC1)-[#7]', 'N:1 - N:2', 'N', 'SINGLE', 'N', '[N]1[C]=[N][C][C]1', '[#7]')]"
c4,CC(C)(C)OC(=O)N1CC2(CC(=O)C2)C1.NOP(=O)(c1ccccc1)c1ccccc1>>CC(C)(C)OC(=O)N1CC2(CC(=NO)C2)C1,CC(C)(C)OC(=O)N1CC2(CC(=NO)C2)C1,[H][O:16][H].[CH3:1][C:2]([CH3:4])([O:5][C:6]([N:8]1[CH2:9][C:10]2([CH2:14]1)[CH2:11][C:12]([CH2:13]2)=O)=[O:7])[CH3:3].[NH2:15]OP(c3ccccc3)(c4ccccc4)=O>>[CH3:1][C:2]([CH3:4])([O:5][C:6]([N:8]5[CH2:9][C:10]6([CH2:14]5)[CH2:11]/[C:12]([CH2:13]6)=[N:15]/[OH:16])=[O:7])[CH3:3],"[['C:12 = O:17'], ['N:13 - H', 'O:14 - P:19']]","[['O:14 - H', 'C:12 = N:13']]",[],"[(1, '[#6]1[#7][#6][#6]12[#6][#6][#6:2]2', 'N:13 - H', 'N', 'SINGLE', 'H', '[#6]1[#7][#6][#6]12[#6][#6][#6]2', '[H]')]","[(0, '[#6]1[#7][#6:2][#6]12[#6][#6][#6]2', 'O:14 - H', 'O', 'SINGLE', 'H', '[#6]1[#7][#6][#6]12[#6][#6][#6]2', '[H]'), (0, '[#6]1[#6][#6:1][#6:2]1', 'C:12 = N:13', 'C', 'DOUBLE', 'N')]",[],[]
c4,NOP(=O)(c1ccccc1)c1ccccc1.c1ccc2[nH]ncc2c1>>Nn1ncc2ccccc21,Nn1ncc2ccccc21,[NH2:1][O:13][P:12](=[O:11])([c:14]1[cH:15][cH:16][cH:17][cH:18][cH:19]1)[c:20]1[cH:21][cH:22][cH:23][cH:24][cH:25]1.[nH:2]1[n:3][cH:4][c:5]2[cH:6][cH:7][cH:8][cH:9][c:10]12>>[NH2:1][n:2]1[n:3][cH:4][c:5]2[cH:6][cH:7][cH:8][cH:9][c:10]12,"[['N:1 - O:13'], ['N:2 - H']]",[['N:1 - N:2']],[],"[(1, 'c12[n:2]ncc1cccc2', 'N:2 - H', 'N', 'SINGLE', 'H', '[c]1([n][n][c]2)[c]2[c][c][c][c]1', '[H]')]","[(0, '[#7;X3&H1&+0,X3&H2&+0,X3&H0&+0:1][#7;X3&H1&+0,X3&H2&+0,X3&H0&+0:2]', 'N:1 - N:2', 'N', 'SINGLE', 'N')]","[(0, '[#8]=[#15]([#8]-[#7])(c)c', 'N:1 - O:13', 'O', 'SINGLE', 'N', '[#8]=[#15]([#8])([c])[c]', '[#7]')]","[(0, '[#6]1[#7]([#7][#6][#6]1)-[#7]', 'N:1 - N:2', 'N', 'SINGLE', 'N', '[#6]1[#7][#7][#6][#6]1', '[#7]')]"
c4,NOP(=O)(c1ccccc1)c1ccccc1.c1cnc2cc[nH]c2c1>>N[n+]1cccc2[nH]ccc21,N[n+]1cccc2[nH]ccc21,[NH2:1][O:13][P:12](=[O:11])([c:14]1[cH:15][cH:16][cH:17][cH:18][cH:19]1)[c:20]1[cH:21][cH:22][cH:23][cH:24][cH:25]1.[n:2]1[cH:3][cH:4][cH:5][c:6]2[nH:7][cH:8][cH:9][c:10]12>>[NH2:1][n+:2]1[cH:3][cH:4][cH:5][c:6]2[nH:7][cH:8][cH:9][c:10]12,"[['N:1 - O:13'], None]",[['N:1 - N:2']],[],[],"[(0, '[N:1][n&+:2]1ccccc1', 'N:1 - N:2', 'N', 'SINGLE', 'N')]","[(0, '[#8]=[#15]([#8]-[#7])(c)c', 'N:1 - O:13', 'O', 'SINGLE', 'N', '[#8]=[#15]([#8])([c])[c]', '[#7]')]","[(0, '[#6]1[#6][#6][#7]([#6][#6]1)-[#7]', 'N:1 - N:2', 'N', 'SINGLE', 'N', '[#6]1[#6][#6][#7][#6][#6]1', '[#7]')]"
c4,Cc1c[nH]cn1.NOP(=O)(c1ccccc1)c1ccccc1>>Cc1cn(N)c[n+]1N,Cc1cn(N)c[n+]1N,[CH3:1][c:2]1[cH:3][nH:4][cH:5][n:6]1.[NH2:7][O:9][P:10]([c:11]1[cH:12][cH:13][cH:14][cH:15][cH:16]1)([c:17]1[cH:18][cH:19][cH:20][cH:21][cH:22]1)=[O:23].[NH2:8][O:24][P:25]([c:26]1[cH:27][cH:28][cH:29][cH:30][cH:31]1)([c:32]1[cH:33][cH:34][cH:35][cH:36][cH:37]1)=[O:38]>>[CH3:1][c:2]1[cH:3][n:4]([NH2:8])[cH:5][n+:6]1[NH2:7],"[['N:4 - H'], ['N:7 - O:9'], ['N:8 - O:24']]","[['N:6 - N:7', 'N:4 - N:8']]",[],"[(0, '[#7:2]1[#6][#7][#6][#6]1', 'N:4 - H', 'N', 'SINGLE', 'H', '[#7]1[#6][#7][#6][#6]1', '[H]')]","[(0, '[#7;X3&H1&+0,X3&H2&+0,X3&H0&+0:1][#7;X3&H1&+0,X3&H2&+0,X3&H0&+0:2]', 'N:4 - N:8', 'N', 'SINGLE', 'N')]","[(1, '[#8]=[#15]([#8]-[#7])(c)c', 'N:7 - O:9', 'O', 'SINGLE', 'N', '[#8]=[#15]([#8])([c])[c]', '[#7]'), (2, '[#8]=[#15]([#8]-[#7])(c)c', 'N:8 - O:24', 'O', 'SINGLE', 'N', '[#8]=[#15]([#8])([c])[c]', '[#7]')]","[(0, '[#7]1([#6][#7][#6][#6]1)-[#7]', 'N:6 - N:7', 'N', 'SINGLE', 'N', '[#7]1[#6][#7][#6][#6]1', '[#7]'), (0, '[#7]1([#6][#7][#6][#6]1)-[#7]', 'N:4 - N:8', 'N', 'SINGLE', 'N', '[#7]1[#6][#7][#6][#6]1', '[#7]')]"
c4,NOP(=O)(c1ccccc1)c1ccccc1.c1ccc2[nH]cnc2c1>>Nn1c[n+](N)c2ccccc21,Nn1c[n+](N)c2ccccc21,[NH2:11][O:12][P:13]([c:14]1[cH:15][cH:16][cH:17][cH:18][cH:19]1)([c:20]1[cH:21][cH:22][cH:23][cH:24][cH:25]1)=[O:26].[NH2:1][O:27][P:28]([c:29]1[cH:30][cH:31][cH:32][cH:33][cH:34]1)([c:35]1[cH:36][cH:37][cH:38][cH:39][cH:40]1)=[O:41].[n:2]1[cH:3][nH:4][c:5]2[c:6]1[cH:7][cH:8][cH:9][cH:10]2>>[NH2:1][n+:2]1[cH:3][n:4]([NH2:11])[c:5]2[c:6]1[cH:7][cH:8][cH:9][cH:10]2,"[['N:11 - O:12'], ['N:1 - O:27'], ['N:4 - H']]","[['N:4 - N:11', 'N:1 - N:2']]",[],"[(2, 'c12[n:2]cnc1cccc2', 'N:4 - H', 'N', 'SINGLE', 'H', '[c]1([n][c][n]2)[c]2[c][c][c][c]1', '[H]')]","[(0, '[#7;X3&H1&+0,X3&H2&+0,X3&H0&+0:1][#7;X3&H1&+0,X3&H2&+0,X3&H0&+0:2]', 'N:4 - N:11', 'N', 'SINGLE', 'N')]","[(0, '[#8]=[#15]([#8]-[#7])(c)c', 'N:11 - O:12', 'O', 'SINGLE', 'N', '[#8]=[#15]([#8])([c])[c]', '[#7]'), (1, '[#8]=[#15]([#8]-[#7])(c)c', 'N:1 - O:27', 'O', 'SINGLE', 'N', '[#8]=[#15]([#8])([c])[c]', '[#7]')]","[(0, '[#7]1([#6][#7][#6][#6]1)-[#7]', 'N:4 - N:11', 'N', 'SINGLE', 'N', '[#7]1[#6][#7][#6][#6]1', '[#7]'), (0, '[#7]1([#6][#7][#6][#6]1)-[#7]', 'N:1 - N:2', 'N', 'SINGLE', 'N', '[#7]1[#6][#7][#6][#6]1', '[#7]')]"
c4,NOP(=O)(c1ccccc1)c1ccccc1.O=C1NC(=O)C2CCCC12>>NN1C(=O)C2CCCC2C1=O,NN1C(=O)C2CCCC2C1=O,[NH2:1][O:14][P:13](=[O:12])([c:15]1[cH:16][cH:17][cH:18][cH:19][cH:20]1)[c:21]1[cH:22][cH:23][cH:24][cH:25][cH:26]1.[NH:2]1[C:3](=[O:4])[CH:5]2[CH2:6][CH2:7][CH2:8][CH:9]2[C:10]1=[O:11]>>[NH2:1][N:2]1[C:3](=[O:4])[CH:5]2[CH2:6][CH2:7][CH2:8][CH:9]2[C:10]1=[O:11],"[['N:1 - O:14'], ['N:2 - H']]",[['N:1 - N:2']],[],"[(1, '[#6]1(=[#8])[#6][#6][#6](=[#8])[#7:2]1', 'N:2 - H', 'N', 'SINGLE', 'H', '[#6]1(=[#8])[#6][#6][#6](=[#8])[#7]1', '[H]')]","[(0, '[#6&X3](=[#8])[#7;H1,H0:1][#7;X3&H1&+0,X3&H2&+0,X3&H0&+0:2]', 'N:1 - N:2', 'N', 'SINGLE', 'N')]","[(0, '[#8]=[#15]([#8]-[#7])(c)c', 'N:1 - O:14', 'O', 'SINGLE', 'N', '[#8]=[#15]([#8])([c])[c]', '[#7]')]","[(0, '[#6]1(=[#8])[#6][#6][#6](=[#8])[#7]1-[#7]', 'N:1 - N:2', 'N', 'SINGLE', 'N', '[#6]1(=[#8])[#6][#6][#6](=[#8])[#7]1', '[#7]')]"
c4,CC1COCCN1.NOP(=O)(c1ccccc1)c1ccccc1>>CC1COCCN1N,CC1COCCN1N,[CH3:1][CH:2]1[CH2:3][O:4][CH2:5][CH2:6][NH:7]1.[NH2:8][O:11][P:10](=[O:9])([c:12]1[cH:13][cH:14][cH:15][cH:16][cH:17]1)[c:18]1[cH:19][cH:20][cH:21][cH:22][cH:23]1>>[CH3:1][CH:2]1[CH2:3][O:4][CH2:5][CH2:6][N:7]1[NH2:8],"[['N:7 - H'], ['N:8 - O:11']]",[['N:7 - N:8']],[],"[(0, '[#7:2]1[#6][#6][#8][#6][#6]1', 'N:7 - H', 'N', 'SINGLE', 'H', '[#7]1[#6][#6][#8][#6][#6]1', '[H]')]","[(0, '[#7;X3&H1&+0,X3&H2&+0,X3&H0&+0:1][#7;X3&H1&+0,X3&H2&+0,X3&H0&+0:2]', 'N:7 - N:8', 'N', 'SINGLE', 'N')]","[(1, '[#8]=[#15]([#8]-[#7])(c)c', 'N:8 - O:11', 'O', 'SINGLE', 'N', '[#8]=[#15]([#8])([c])[c]', '[#7]')]","[(0, '[#7]1([#6][#6][#8][#6][#6]1)-[#7]', 'N:7 - N:8', 'N', 'SINGLE', 'N', '[#7]1[#6][#6][#8][#6][#6]1', '[#7]')]"
c4,NOP(=O)(c1ccccc1)c1ccccc1.c1ccc2ncncc2c1>>N[n+]1cncc2ccccc21,N[n+]1cncc2ccccc21,[NH2:1][O:14][P:13](=[O:12])([c:15]1[cH:16][cH:17][cH:18][cH:19][cH:20]1)[c:21]1[cH:22][cH:23][cH:24][cH:25][cH:26]1.[n:2]1[cH:3][n:4][cH:5][c:6]2[cH:7][cH:8][cH:9][cH:10][c:11]12>>[NH2:1][n+:2]1[cH:3][n:4][cH:5][c:6]2[cH:7][cH:8][cH:9][cH:10][c:11]12,"[['N:1 - O:14'], None]",[['N:1 - N:2']],[],[],[],"[(0, '[#8]=[#15]([#8]-[#7])(c)c', 'N:1 - O:14', 'O', 'SINGLE', 'N', '[#8]=[#15]([#8])([c])[c]', '[#7]')]","[(0, '[#7]-[#7]', 'N:1 - N:2', 'N', 'SINGLE', 'N', '[#7]', '[#7]')]"
c4,Cc1ccc2[nH]cnc2c1.NOP(=O)(c1ccccc1)c1ccccc1>>Cc1ccc2c(c1)[n+](N)cn2N,Cc1ccc2c(c1)[n+](N)cn2N,[CH3:1][c:2]1[cH:3][cH:4][c:5]2[c:6]([cH:7]1)[n:8][cH:9][nH:10]2.[NH2:11][O:13][P:14]([c:15]1[cH:16][cH:17][cH:18][cH:19][cH:20]1)([c:21]1[cH:22][cH:23][cH:24][cH:25][cH:26]1)=[O:27].[NH2:12][O:28][P:29]([c:30]1[cH:31][cH:32][cH:33][cH:34][cH:35]1)([c:36]1[cH:37][cH:38][cH:39][cH:40][cH:41]1)=[O:42]>>[CH3:1][c:2]1[cH:3][cH:4][c:5]2[c:6]([cH:7]1)[n+:8]([NH2:12])[cH:9][n:10]2[NH2:11],"[['N:10 - H'], ['N:11 - O:13'], ['N:12 - O:28']]","[['N:8 - N:12', 'N:10 - N:11']]",[],"[(0, 'c12[n:2]cnc1cccc2', 'N:10 - H', 'N', 'SINGLE', 'H', '[c]1([n][c][n]2)[c]2[c][c][c][c]1', '[H]')]","[(0, '[#7;X3&H1&+0,X3&H2&+0,X3&H0&+0:1][#7;X3&H1&+0,X3&H2&+0,X3&H0&+0:2]', 'N:10 - N:11', 'N', 'SINGLE', 'N')]","[(1, '[#8]=[#15]([#8]-[#7])(c)c', 'N:11 - O:13', 'O', 'SINGLE', 'N', '[#8]=[#15]([#8])([c])[c]', '[#7]'), (2, '[#8]=[#15]([#8]-[#7])(c)c', 'N:12 - O:28', 'O', 'SINGLE', 'N', '[#8]=[#15]([#8])([c])[c]', '[#7]')]","[(0, '[#7]1([#6][#7][#6][#6]1)-[#7]', 'N:8 - N:12', 'N', 'SINGLE', 'N', '[#7]1[#6][#7][#6][#6]1', '[#7]'), (0, '[#7]1([#6][#7][#6][#6]1)-[#7]', 'N:10 - N:11', 'N', 'SINGLE', 'N', '[#7]1[#6][#7][#6][#6]1', '[#7]')]"
c4,NOP(=O)(c1ccccc1)c1ccccc1.O=C1CCCC(=O)N1>>NN1C(=O)CCCC1=O,NN1C(=O)CCCC1=O,[NH2:1][O:12][P:11](=[O:10])([c:13]1[cH:14][cH:15][cH:16][cH:17][cH:18]1)[c:19]1[cH:20][cH:21][cH:22][cH:23][cH:24]1.[NH:2]1[C:3](=[O:4])[CH2:5][CH2:6][CH2:7][C:8]1=[O:9]>>[NH2:1][N:2]1[C:3](=[O:4])[CH2:5][CH2:6][CH2:7][C:8]1=[O:9],"[['N:1 - O:12'], ['N:2 - H']]",[['N:1 - N:2']],[],"[(1, '[#6]1(=[#8])[#7:2][#6](=[#8])[#6][#6][#6]1', 'N:2 - H', 'N', 'SINGLE', 'H', '[#6]1(=[#8])[#7][#6](=[#8])[#6][#6][#6]1', '[H]')]","[(0, '[#6&X3](=[#8])[#7;H1,H0:1][#7;X3&H1&+0,X3&H2&+0,X3&H0&+0:2]', 'N:1 - N:2', 'N', 'SINGLE', 'N')]","[(0, '[#8]=[#15]([#8]-[#7])(c)c', 'N:1 - O:12', 'O', 'SINGLE', 'N', '[#8]=[#15]([#8])([c])[c]', '[#7]')]","[(0, '[#6]1(=[#8])[#7]([#6](=[#8])[#6][#6][#6]1)-[#7]', 'N:1 - N:2', 'N', 'SINGLE', 'N', '[#6]1(=[#8])[#7][#6](=[#8])[#6][#6][#6]1', '[#7]')]"
c4,C(=Nc1ccccc1)Nc1ccccc1.NOP(=O)(c1ccccc1)c1ccccc1>>NN(C=Nc1ccccc1)c1ccccc1,NN(C=Nc1ccccc1)c1ccccc1,[NH:2]([CH:3]=[N:4][c:5]1[cH:6][cH:7][cH:8][cH:9][cH:10]1)[c:11]1[cH:12][cH:13][cH:14][cH:15][cH:16]1.[NH2:1][O:19][P:18](=[O:17])([c:20]1[cH:21][cH:22][cH:23][cH:24][cH:25]1)[c:26]1[cH:27][cH:28][cH:29][cH:30][cH:31]1>>[NH2:1][N:2]([CH:3]=[N:4][c:5]1[cH:6][cH:7][cH:8][cH:9][cH:10]1)[c:11]1[cH:12][cH:13][cH:14][cH:15][cH:16]1,"[['N:2 - H'], ['N:1 - O:19']]",[['N:1 - N:2']],[],"[(0, 'c1ccccc1[#7&!a;X4&H1&+,X4&H2&+,X4&H3&+,X3&H1&+0,X3&H0&+0,X3&H2&+0;!$([#7][!#6]):2]', 'N:2 - H', 'N', 'SINGLE', 'H', '[c]1[c][c][c][c][c]1[#7;!a;X4H+,X4H2+,X4H3+,X3H+0,X3H0+0,X3H2+0;!$([#7][!#6])]', '[H]')]","[(0, '[#7;X3&H1&+0,X3&H2&+0,X3&H0&+0:1][#7;X3&H1&+0,X3&H2&+0,X3&H0&+0:2]', 'N:1 - N:2', 'N', 'SINGLE', 'N')]","[(1, '[#8]=[#15]([#8]-[#7])(c)c', 'N:1 - O:19', 'O', 'SINGLE', 'N', '[#8]=[#15]([#8])([c])[c]', '[#7]')]","[(0, '[#7]-[#7]', 'N:1 - N:2', 'N', 'SINGLE', 'N', '[#7]', '[#7]')]"
c4,CCS(=O)CC.NOP(=O)(c1ccccc1)c1ccccc1>>CCS(=N)(=O)CC,CCS(=N)(=O)CC,[CH3:1][CH2:2][S:3](=[O:5])[CH2:6][CH3:7].[NH2:4][O:10][P:9](=[O:8])([c:11]1[cH:12][cH:13][cH:14][cH:15][cH:16]1)[c:17]1[cH:18][cH:19][cH:20][cH:21][cH:22]1>>[CH3:1][CH2:2][S:3](=[NH:4])(=[O:5])[CH2:6][CH3:7],"[None, ['N:4 - O:10', 'N:4 - H']]",[['N:4 = S:3']],[],"[(1, '[#7:2]', 'N:4 - H', 'N', 'SINGLE', 'H', '[#7]', '[H]')]","[(0, '[#7:1]=[#16:2]([#6])[#6]', 'N:4 = S:3', 'N', 'DOUBLE', 'S')]","[(1, '[#8]=[#15]([#8]-[#7])(c)c', 'N:4 - O:10', 'O', 'SINGLE', 'N', '[#8]=[#15]([#8])([c])[c]', '[#7]')]","[(0, '[#7]=[#16]', 'N:4 = S:3', 'N', 'DOUBLE', 'S', '[#7]', '[#16]')]"
c4,CN1CCOC1=O.NOP(=O)(c1ccccc1)c1ccccc1>>C[N+]1(N)CCOC1=O,C[N+]1(N)CCOC1=O,[CH3:1][N:2]1[CH2:4][CH2:5][O:6][C:7]1=[O:8].[NH2:3][O:11][P:10](=[O:9])([c:12]1[cH:13][cH:14][cH:15][cH:16][cH:17]1)[c:18]1[cH:19][cH:20][cH:21][cH:22][cH:23]1>>[CH3:1][N+:2]1([NH2:3])[CH2:4][CH2:5][O:6][C:7]1=[O:8],"[None, ['N:3 - O:11']]",[['N:2 - N:3']],[],[],"[(0, '[#6&X3](=[#8])[#7;H1,H0:1][#7;X3&H1&+0,X3&H2&+0,X3&H0&+0:2]', 'N:2 - N:3', 'N', 'SINGLE', 'N')]","[(1, '[#8]=[#15]([#8]-[#7])(c)c', 'N:3 - O:11', 'O', 'SINGLE', 'N', '[#8]=[#15]([#8])([c])[c]', '[#7]')]","[(0, '[#8]1[#6][#6][#7]([#6]1=[#8])-[#7]', 'N:2 - N:3', 'N', 'SINGLE', 'N', '[#8]1[#6][#6][#7][#6]1=[#8]', '[#7]')]"
c4,NOP(=O)(c1ccccc1)c1ccccc1.c1ccc(-c2ncc[nH]2)cc1>>Nn1cc[n+](N)c1-c1ccccc1,Nn1cc[n+](N)c1-c1ccccc1,[NH2:13][O:14][P:15]([c:16]1[cH:17][cH:18][cH:19][cH:20][cH:21]1)([c:22]1[cH:23][cH:24][cH:25][cH:26][cH:27]1)=[O:28].[NH2:1][O:29][P:30]([c:31]1[cH:32][cH:33][cH:34][cH:35][cH:36]1)([c:37]1[cH:38][cH:39][cH:40][cH:41][cH:42]1)=[O:43].[n:2]1[cH:3][cH:4][nH:5][c:6]1-[c:7]1[cH:8][cH:9][cH:10][cH:11][cH:12]1>>[NH2:1][n+:2]1[cH:3][cH:4][n:5]([NH2:13])[c:6]1-[c:7]1[cH:8][cH:9][cH:10][cH:11][cH:12]1,"[['N:13 - O:14'], ['N:1 - O:29'], ['N:5 - H']]","[['N:5 - N:13', 'N:1 - N:2']]",[],"[(2, '[#7]1[#6][#7:2][#6][#6]1', 'N:5 - H', 'N', 'SINGLE', 'H', '[#7]1[#6][#7][#6][#6]1', '[H]')]","[(0, '[#7;X3&H1&+0,X3&H2&+0,X3&H0&+0:1][#7;X3&H1&+0,X3&H2&+0,X3&H0&+0:2]', 'N:5 - N:13', 'N', 'SINGLE', 'N')]","[(0, '[#8]=[#15]([#8]-[#7])(c)c', 'N:13 - O:14', 'O', 'SINGLE', 'N', '[#8]=[#15]([#8])([c])[c]', '[#7]'), (1, '[#8]=[#15]([#8]-[#7])(c)c', 'N:1 - O:29', 'O', 'SINGLE', 'N', '[#8]=[#15]([#8])([c])[c]', '[#7]')]","[(0, '[#7]1([#6][#7][#6][#6]1)-[#7]', 'N:5 - N:13', 'N', 'SINGLE', 'N', '[#7]1[#6][#7][#6][#6]1', '[#7]'), (0, '[#7]1([#6][#7][#6][#6]1)-[#7]', 'N:1 - N:2', 'N', 'SINGLE', 'N', '[#7]1[#6][#7][#6][#6]1', '[#7]')]"
c4,C=Cn1c2ccccc2c2ccccc21.NOP(=O)(c1ccccc1)c1ccccc1>>C=C[N+]1(N)c2ccccc2-c2ccccc21,C=C[N+]1(N)c2ccccc2-c2ccccc21,[CH2:1]=[CH:2][n:3]1[c:5]2[cH:6][cH:7][cH:8][cH:9][c:10]2[c:11]2[cH:12][cH:13][cH:14][cH:15][c:16]12.[NH2:4][O:19][P:18](=[O:17])([c:20]1[cH:21][cH:22][cH:23][cH:24][cH:25]1)[c:26]1[cH:27][cH:28][cH:29][cH:30][cH:31]1>>[CH2:1]=[CH:2][N+:3]1([NH2:4])[c:5]2[cH:6][cH:7][cH:8][cH:9][c:10]2-[c:11]2[cH:12][cH:13][cH:14][cH:15][c:16]21,"[None, ['N:4 - O:19']]",[['N:3 - N:4']],"['C:10 aromatic C:11 -> C:10 - C:11', 'C:5 aromatic N:3 -> C:5 - N:3', 'C:16 aromatic N:3 -> C:16 - N:3']",[],"[(0, '[#6][#7&+:1]([#7:2])([#6])[#6]', 'N:3 - N:4', 'N', 'SINGLE', 'N')]","[(1, '[#8]=[#15]([#8]-[#7])(c)c', 'N:4 - O:19', 'O', 'SINGLE', 'N', '[#8]=[#15]([#8])([c])[c]', '[#7]')]","[(0, 'c12c([#7]([#6][#6]1)-[#7])cccc2', 'N:3 - N:4', 'N', 'SINGLE', 'N', '[c]12[c]([#7][#6][#6]1)[c][c][c][c]2', '[#7]')]"
c4,NOP(=O)(c1ccccc1)c1ccccc1.S=C=Nc1cccnc1>>NC(=S)Nc1cccnc1,NC(=S)Nc1cccnc1,[NH2:1][O:13][P:12](=[O:11])([c:14]1[cH:15][cH:16][cH:17][cH:18][cH:19]1)[c:20]1[cH:21][cH:22][cH:23][cH:24][cH:25]1.[C:2](=[S:3])=[N:4][c:5]1[cH:6][cH:7][cH:8][n:9][cH:10]1>>[NH2:1][C:2](=[S:3])[NH:4][c:5]1[cH:6][cH:7][cH:8][n:9][cH:10]1,"[['N:1 - O:13'], None]","[['N:4 - H', 'C:2 - N:1']]",['C:2 = N:4 -> C:2 - N:4'],[],"[(0, '[#7&X3&H1:2]([#6])[#6]', 'N:4 - H', 'N', 'SINGLE', 'H', '[#7;X3H1]([#6])([#6])', '[H]'), (0, '[#7&X3&H2:1][#6:2]', 'C:2 - N:1', 'C', 'SINGLE', 'N')]","[(0, '[#8]=[#15]([#8]-[#7])(c)c', 'N:1 - O:13', 'O', 'SINGLE', 'N', '[#8]=[#15]([#8])([c])[c]', '[#7]')]","[(0, '[#7&X3&H1]([#6]-[#7])[#6]', 'C:2 - N:1', 'C', 'SINGLE', 'N', '[#7;X3H1]([#6])([#6])', '[#7]')]"
c4,CCCCP(=CC#N)(CCCC)CCCC.NOP(=O)(c1ccccc1)c1ccccc1>>CCCCP(CCCC)(CCCC)=C(N)C#N,CCCCP(CCCC)(CCCC)=C(N)C#N,[CH3:1][CH2:2][CH2:3][CH2:4][P:5]([CH2:6][CH2:7][CH2:8][CH3:9])([CH2:10][CH2:11][CH2:12][CH3:13])=[CH:14][C:16]#[N:17].[NH2:15][O:20][P:19](=[O:18])([c:21]1[cH:22][cH:23][cH:24][cH:25][cH:26]1)[c:27]1[cH:28][cH:29][cH:30][cH:31][cH:32]1>>[CH3:1][CH2:2][CH2:3][CH2:4][P:5]([CH2:6][CH2:7][CH2:8][CH3:9])([CH2:10][CH2:11][CH2:12][CH3:13])=[C:14]([NH2:15])[C:16]#[N:17],"[['C:14 - H'], ['N:15 - O:20']]",[['C:14 - N:15']],[],"[(0, '[#6:2]=[#15]([#6])[#6]', 'C:14 - H', 'C', 'SINGLE', 'H', '[#6]=[#15]([#6])[#6]', '[H]')]","[(0, '[#7&X3&H2:1][#6:2]', 'C:14 - N:15', 'C', 'SINGLE', 'N')]","[(1, '[#8]=[#15]([#8]-[#7])(c)c', 'N:15 - O:20', 'O', 'SINGLE', 'N', '[#8]=[#15]([#8])([c])[c]', '[#7]')]","[(0, '[#6](=[#15]([#6])[#6])-[#7]', 'C:14 - N:15', 'C', 'SINGLE', 'N', '[#6]=[#15]([#6])[#6]', '[#7]')]"
c4,CC1=NN(c2ccccc2)C(=O)C1.NOP(=O)(c1ccccc1)c1ccccc1>>CC1=N[N+](N)(c2ccccc2)C(=O)C1,CC1=N[N+](N)(c2ccccc2)C(=O)C1,[CH3:1][C:2]1=[N:3][N:4]([c:6]2[cH:7][cH:8][cH:9][cH:10][cH:11]2)[C:12](=[O:13])[CH2:14]1.[NH2:5][O:17][P:16](=[O:15])([c:18]1[cH:19][cH:20][cH:21][cH:22][cH:23]1)[c:24]1[cH:25][cH:26][cH:27][cH:28][cH:29]1>>[CH3:1][C:2]1=[N:3][N+:4]([NH2:5])([c:6]2[cH:7][cH:8][cH:9][cH:10][cH:11]2)[C:12](=[O:13])[CH2:14]1,"[None, ['N:5 - O:17']]",[['N:4 - N:5']],[],[],"[(0, '[#6&X3](=[#8])[#7;H1,H0:1][#7;X3&H1&+0,X3&H2&+0,X3&H0&+0:2]', 'N:4 - N:5', 'N', 'SINGLE', 'N')]","[(1, '[#8]=[#15]([#8]-[#7])(c)c', 'N:5 - O:17', 'O', 'SINGLE', 'N', '[#8]=[#15]([#8])([c])[c]', '[#7]')]","[(0, '[#6]1=[#7][#7]([#6][#6]1)-[#7]', 'N:4 - N:5', 'N', 'SINGLE', 'N', '[#6]1=[#7][#7][#6][#6]1', '[#7]')]"
c4,NOP(=O)(c1ccccc1)c1ccccc1.c1cnc2[nH]ccc2c1>>N[n+]1cccc2cc[nH]c21,N[n+]1cccc2cc[nH]c21,[NH2:1][O:13][P:12](=[O:11])([c:14]1[cH:15][cH:16][cH:17][cH:18][cH:19]1)[c:20]1[cH:21][cH:22][cH:23][cH:24][cH:25]1.[n:2]1[cH:3][cH:4][cH:5][c:6]2[cH:7][cH:8][nH:9][c:10]12>>[NH2:1][n+:2]1[cH:3][cH:4][cH:5][c:6]2[cH:7][cH:8][nH:9][c:10]12,"[['N:1 - O:13'], None]",[['N:1 - N:2']],[],[],"[(0, '[N:1][n&+:2]1ccccc1', 'N:1 - N:2', 'N', 'SINGLE', 'N')]","[(0, '[#8]=[#15]([#8]-[#7])(c)c', 'N:1 - O:13', 'O', 'SINGLE', 'N', '[#8]=[#15]([#8])([c])[c]', '[#7]')]","[(0, '[#6]1[#6][#6][#7]([#6][#6]1)-[#7]', 'N:1 - N:2', 'N', 'SINGLE', 'N', '[#6]1[#6][#6][#7][#6][#6]1', '[#7]')]"
c4,Fc1ccc(N=C=S)cc1.NOP(=O)(c1ccccc1)c1ccccc1>>NC(=S)Nc1ccc(F)cc1,NC(=S)Nc1ccc(F)cc1,[C:2](=[S:3])=[N:4][c:5]1[cH:6][cH:7][c:8]([F:9])[cH:10][cH:11]1.[NH2:1][O:14][P:13](=[O:12])([c:15]1[cH:16][cH:17][cH:18][cH:19][cH:20]1)[c:21]1[cH:22][cH:23][cH:24][cH:25][cH:26]1>>[NH2:1][C:2](=[S:3])[NH:4][c:5]1[cH:6][cH:7][c:8]([F:9])[cH:10][cH:11]1,"[None, ['N:1 - O:14']]","[['N:4 - H', 'C:2 - N:1']]",['C:2 = N:4 -> C:2 - N:4'],[],"[(0, 'c1ccccc1[#7&!a;X4&H1&+,X4&H2&+,X4&H3&+,X3&H1&+0,X3&H0&+0,X3&H2&+0;!$([#7][!#6]):2]', 'N:4 - H', 'N', 'SINGLE', 'H', '[c]1[c][c][c][c][c]1[#7;!a;X4H+,X4H2+,X4H3+,X3H+0,X3H0+0,X3H2+0;!$([#7][!#6])]', '[H]'), (0, '[#7&X3&H2:1][#6:2]', 'C:2 - N:1', 'C', 'SINGLE', 'N')]","[(1, '[#8]=[#15]([#8]-[#7])(c)c', 'N:1 - O:14', 'O', 'SINGLE', 'N', '[#8]=[#15]([#8])([c])[c]', '[#7]')]","[(0, '[#7&X3&H1]([#6]-[#7])[#6]', 'C:2 - N:1', 'C', 'SINGLE', 'N', '[#7;X3H1]([#6])([#6])', '[#7]')]"
c4,CC(=O)N1CCCNCC1.NOP(=O)(c1ccccc1)c1ccccc1>>CC(=O)N1CCCN(N)CC1,CC(=O)N1CCCN(N)CC1,[CH3:1][C:2](=[O:3])[N:4]1[CH2:5][CH2:6][CH2:7][NH:8][CH2:10][CH2:11]1.[NH2:9][O:14][P:13](=[O:12])([c:15]1[cH:16][cH:17][cH:18][cH:19][cH:20]1)[c:21]1[cH:22][cH:23][cH:24][cH:25][cH:26]1>>[CH3:1][C:2](=[O:3])[N:4]1[CH2:5][CH2:6][CH2:7][N:8]([NH2:9])[CH2:10][CH2:11]1,"[['N:8 - H'], ['N:9 - O:14']]",[['N:8 - N:9']],[],"[(0, '[#6]1[#6][#6][#7:2][#6][#6][#7]1', 'N:8 - H', 'N', 'SINGLE', 'H', '[#6]1[#6][#6][#7][#6][#6][#7]1', '[H]')]","[(0, '[#7;X3&H1&+0,X3&H2&+0,X3&H0&+0:1][#7;X3&H1&+0,X3&H2&+0,X3&H0&+0:2]', 'N:8 - N:9', 'N', 'SINGLE', 'N')]","[(1, '[#8]=[#15]([#8]-[#7])(c)c', 'N:9 - O:14', 'O', 'SINGLE', 'N', '[#8]=[#15]([#8])([c])[c]', '[#7]')]","[(0, '[#6]1[#6][#6][#7]([#6][#6][#7]1)-[#7]', 'N:8 - N:9', 'N', 'SINGLE', 'N', '[#6]1[#6][#6][#7][#6][#6][#7]1', '[#7]')]"
c4,C1CSCCN1.NOP(=O)(c1ccccc1)c1ccccc1>>N=S1CCNCC1,N=S1CCNCC1,[S:2]1[CH2:3][CH2:4][NH:5][CH2:6][CH2:7]1.[NH2:1][O:10][P:9](=[O:8])([c:11]1[cH:12][cH:13][cH:14][cH:15][cH:16]1)[c:17]1[cH:18][cH:19][cH:20][cH:21][cH:22]1>>[NH:1]=[S:2]1[CH2:3][CH2:4][NH:5][CH2:6][CH2:7]1,"[None, ['N:1 - O:10', 'N:1 - H']]",[['N:1 = S:2']],[],"[(1, '[#7:2]', 'N:1 - H', 'N', 'SINGLE', 'H', '[#7]', '[H]')]","[(0, '[#7:1]=[#16:2]([#6])[#6]', 'N:1 = S:2', 'N', 'DOUBLE', 'S')]","[(1, '[#8]=[#15]([#8]-[#7])(c)c', 'N:1 - O:10', 'O', 'SINGLE', 'N', '[#8]=[#15]([#8])([c])[c]', '[#7]')]","[(0, '[#7]1[#6][#6][#16]([#6][#6]1)=[#7]', 'N:1 = S:2', 'S', 'DOUBLE', 'N', '[#7]1[#6][#6][#16][#6][#6]1', '[#7]')]"
c4,NOP(=O)(c1ccccc1)c1ccccc1.O=C1CCCCCCCCCCCCCC1>>O=C1CCCCCCCCCCCCCCN1,O=C1CCCCCCCCCCCCCCN1,[NH2:17][O:20][P:19](=[O:18])([c:21]1[cH:22][cH:23][cH:24][cH:25][cH:26]1)[c:27]1[cH:28][cH:29][cH:30][cH:31][cH:32]1.[O:1]=[C:2]1[CH2:3][CH2:4][CH2:5][CH2:6][CH2:7][CH2:8][CH2:9][CH2:10][CH2:11][CH2:12][CH2:13][CH2:14][CH2:15][CH2:16]1>>[O:1]=[C:2]1[CH2:3][CH2:4][CH2:5][CH2:6][CH2:7][CH2:8][CH2:9][CH2:10][CH2:11][CH2:12][CH2:13][CH2:14][CH2:15][CH2:16][NH:17]1,"[['N:17 - H', 'N:17 - O:20'], ['C:2 - C:16']]","[['C:16 - N:17', 'C:2 - N:17']]",[],"[(0, '[#7:2]', 'N:17 - H', 'N', 'SINGLE', 'H', '[#7]', '[H]'), (1, '[#6][#6:1](=[#8])[#6:2]', 'C:2 - C:16', 'C', 'SINGLE', 'C')]","[(0, '[#7&X3&H1:1]([#6:2])[#6]', 'C:16 - N:17', 'C', 'SINGLE', 'N'), (0, '[#6:1](=[#8])[#7:2]', 'C:2 - N:17', 'C', 'SINGLE', 'N')]","[(0, '[#8]=[#15]([#8]-[#7])(c)c', 'N:17 - O:20', 'O', 'SINGLE', 'N', '[#8]=[#15]([#8])([c])[c]', '[#7]'), (1, '[#6](=[#8])-[#6]', 'C:2 - C:16', 'C', 'SINGLE', 'C', '[#6]=[#8]', '[#6]')]","[(0, '[#6](=[#8])[#7]-[#6]', 'C:16 - N:17', 'N', 'SINGLE', 'C', '[#6](=[#8])[#7]', '[#6]'), (0, '[#6](=[#8])-[#7]', 'C:2 - N:17', 'C', 'SINGLE', 'N', '[#6]=[#8]', '[#7]')]"
c4,CCOC(=O)c1cccnc1.NOP(=O)(c1ccccc1)c1ccccc1>>CCOC(=O)c1ccc[n+](N)c1,CCOC(=O)c1ccc[n+](N)c1,[CH3:1][CH2:2][O:3][C:4](=[O:5])[c:6]1[cH:7][cH:8][cH:9][n:10][cH:12]1.[NH2:11][O:15][P:14](=[O:13])([c:16]1[cH:17][cH:18][cH:19][cH:20][cH:21]1)[c:22]1[cH:23][cH:24][cH:25][cH:26][cH:27]1>>[CH3:1][CH2:2][O:3][C:4](=[O:5])[c:6]1[cH:7][cH:8][cH:9][n+:10]([NH2:11])[cH:12]1,"[None, ['N:11 - O:15']]",[['N:10 - N:11']],[],[],"[(0, '[N:1][n&+:2]1ccccc1', 'N:10 - N:11', 'N', 'SINGLE', 'N')]","[(1, '[#8]=[#15]([#8]-[#7])(c)c', 'N:11 - O:15', 'O', 'SINGLE', 'N', '[#8]=[#15]([#8])([c])[c]', '[#7]')]","[(0, '[#6]1[#6][#6][#7]([#6][#6]1)-[#7]', 'N:10 - N:11', 'N', 'SINGLE', 'N', '[#6]1[#6][#6][#7][#6][#6]1', '[#7]')]"
c4,CC1(C)CC(=O)c2ccccc21.NOP(=O)(c1ccccc1)c1ccccc1>>CC1(C)C/C(=N/O)c2ccccc21,CC1(C)C/C(=N/O)c2ccccc21,[H][O:13][H].[CH3:1][C:2]1([CH2:4][C:5]([c:6]2[c:11]1[cH:10][cH:9][cH:8][cH:7]2)=O)[CH3:3].[NH2:12]OP(c3ccccc3)(c4ccccc4)=O>>[CH3:1][C:2]5([CH2:4]/[C:5]([c:6]6[c:11]5[cH:10][cH:9][cH:8][cH:7]6)=[N:12]/[OH:13])[CH3:3],"[['C:5 = O:14'], ['N:6 - H', 'O:7 - P:16']]","[['C:5 = N:6', 'O:7 - H']]",[],"[(1, '[c:2]1ccccc1[#6&X4]', 'N:6 - H', 'N', 'SINGLE', 'H', '[c]1[c][c][c][c][c]1[#6X4]', '[H]')]","[(0, '[#6]1[#6][#6:1][#6:2][#6]1', 'C:5 = N:6', 'C', 'DOUBLE', 'N'), (0, '[#6]1[#6]c2:ccc[c:2]c2[#6]1', 'O:7 - H', 'O', 'SINGLE', 'H', '[#6]1[#6][c]2:[c][c][c][c][c]2[#6]1', '[H]')]",[],[]
c4,CCCCCCN=C=S.NOP(=O)(c1ccccc1)c1ccccc1>>CCCCCCNC(N)=S,CCCCCCNC(N)=S,[CH3:1][CH2:2][CH2:3][CH2:4][CH2:5][CH2:6][N:7]=[C:8]=[S:10].[NH2:9][O:13][P:12](=[O:11])([c:14]1[cH:15][cH:16][cH:17][cH:18][cH:19]1)[c:20]1[cH:21][cH:22][cH:23][cH:24][cH:25]1>>[CH3:1][CH2:2][CH2:3][CH2:4][CH2:5][CH2:6][NH:7][C:8]([NH2:9])=[S:10],"[None, ['N:9 - O:13']]","[['C:8 - N:9', 'N:7 - H']]",['C:8 = N:7 -> C:8 - N:7'],[],"[(0, '[#7&X3&H2:1][#6:2]', 'C:8 - N:9', 'C', 'SINGLE', 'N'), (0, '[#7&X3&H1:2]([#6])[#6]', 'N:7 - H', 'N', 'SINGLE', 'H', '[#7;X3H1]([#6])([#6])', '[H]')]","[(1, '[#8]=[#15]([#8]-[#7])(c)c', 'N:9 - O:13', 'O', 'SINGLE', 'N', '[#8]=[#15]([#8])([c])[c]', '[#7]')]","[(0, '[#7&X3&H1]([#6]-[#7])[#6]', 'C:8 - N:9', 'C', 'SINGLE', 'N', '[#7;X3H1]([#6])([#6])', '[#7]')]"
c4,CC(C)(C)c1ccc(N=C=S)cc1.NOP(=O)(c1ccccc1)c1ccccc1>>CC(C)(C)c1ccc(NC(N)=S)cc1,CC(C)(C)c1ccc(NC(N)=S)cc1,[CH3:1][C:2]([CH3:3])([CH3:4])[c:5]1[cH:6][cH:7][c:8]([N:9]=[C:10]=[S:12])[cH:13][cH:14]1.[NH2:11][O:17][P:16](=[O:15])([c:18]1[cH:19][cH:20][cH:21][cH:22][cH:23]1)[c:24]1[cH:25][cH:26][cH:27][cH:28][cH:29]1>>[CH3:1][C:2]([CH3:3])([CH3:4])[c:5]1[cH:6][cH:7][c:8]([NH:9][C:10]([NH2:11])=[S:12])[cH:13][cH:14]1,"[None, ['N:11 - O:17']]","[['N:9 - H', 'C:10 - N:11']]",['C:10 = N:9 -> C:10 - N:9'],[],"[(0, 'c1ccccc1[#7&!a;X4&H1&+,X4&H2&+,X4&H3&+,X3&H1&+0,X3&H0&+0,X3&H2&+0;!$([#7][!#6]):2]', 'N:9 - H', 'N', 'SINGLE', 'H', '[c]1[c][c][c][c][c]1[#7;!a;X4H+,X4H2+,X4H3+,X3H+0,X3H0+0,X3H2+0;!$([#7][!#6])]', '[H]'), (0, '[#7&X3&H2:1][#6:2]', 'C:10 - N:11', 'C', 'SINGLE', 'N')]","[(1, '[#8]=[#15]([#8]-[#7])(c)c', 'N:11 - O:17', 'O', 'SINGLE', 'N', '[#8]=[#15]([#8])([c])[c]', '[#7]')]","[(0, '[#7&X3&H1]([#6]-[#7])[#6]', 'C:10 - N:11', 'C', 'SINGLE', 'N', '[#7;X3H1]([#6])([#6])', '[#7]')]"
c4,FC(F)(F)c1ccccn1.NOP(=O)(c1ccccc1)c1ccccc1>>N[n+]1ccccc1C(F)(F)F,N[n+]1ccccc1C(F)(F)F,[n:2]1[cH:3][cH:4][cH:5][cH:6][c:7]1[C:8]([F:9])([F:10])[F:11].[NH2:1][O:14][P:13](=[O:12])([c:15]1[cH:16][cH:17][cH:18][cH:19][cH:20]1)[c:21]1[cH:22][cH:23][cH:24][cH:25][cH:26]1>>[NH2:1][n+:2]1[cH:3][cH:4][cH:5][cH:6][c:7]1[C:8]([F:9])([F:10])[F:11],"[None, ['N:1 - O:14']]",[['N:1 - N:2']],[],[],"[(0, '[N:1][n&+:2]1ccccc1', 'N:1 - N:2', 'N', 'SINGLE', 'N')]","[(1, '[#8]=[#15]([#8]-[#7])(c)c', 'N:1 - O:14', 'O', 'SINGLE', 'N', '[#8]=[#15]([#8])([c])[c]', '[#7]')]","[(0, '[#6]1[#6][#6][#7]([#6][#6]1)-[#7]', 'N:1 - N:2', 'N', 'SINGLE', 'N', '[#6]1[#6][#6][#7][#6][#6]1', '[#7]')]"
c4,NOP(=O)(c1ccccc1)c1ccccc1.O=C(Cl)N(c1ccccc1)c1ccccc1>>NC(=O)N(c1ccccc1)c1ccccc1,NC(=O)N(c1ccccc1)c1ccccc1,[NH2:1][O:19][P:18](=[O:17])([c:20]1[cH:21][cH:22][cH:23][cH:24][cH:25]1)[c:26]1[cH:27][cH:28][cH:29][cH:30][cH:31]1.[C:2](=[O:3])([N:4]([c:5]1[cH:6][cH:7][cH:8][cH:9][cH:10]1)[c:11]1[cH:12][cH:13][cH:14][cH:15][cH:16]1)[Cl:32]>>[NH2:1][C:2](=[O:3])[N:4]([c:5]1[cH:6][cH:7][cH:8][cH:9][cH:10]1)[c:11]1[cH:12][cH:13][cH:14][cH:15][cH:16]1,"[['N:1 - O:19'], ['C:2 - Cl:32']]",[['C:2 - N:1']],[],"[(1, '[#6:1](=[#8])[#9,#17,#35,#53:2]', 'C:2 - Cl:32', 'C', 'SINGLE', 'Cl')]","[(0, '[#6:1](=[#8])[#7:2]', 'C:2 - N:1', 'C', 'SINGLE', 'N')]","[(0, '[#8]=[#15]([#8]-[#7])(c)c', 'N:1 - O:19', 'O', 'SINGLE', 'N', '[#8]=[#15]([#8])([c])[c]', '[#7]'), (1, '[#6](=[#8])([#7])-[#17&v1]', 'C:2 - Cl:32', 'C', 'SINGLE', 'Cl', '[#6](=[#8])[#7]', '[#17v1]')]","[(0, '[#6](=[#8])([#7])-[#7]', 'C:2 - N:1', 'C', 'SINGLE', 'N', '[#6](=[#8])[#7]', '[#7]')]"
c4,FC(F)(F)c1cccc(CN=C=S)c1.NOP(=O)(c1ccccc1)c1ccccc1>>NC(=S)NCc1cccc(C(F)(F)F)c1,NC(=S)NCc1cccc(C(F)(F)F)c1,[C:2](=[S:3])=[N:4][CH2:5][c:6]1[cH:7][cH:8][cH:9][c:10]([C:11]([F:12])([F:13])[F:14])[cH:15]1.[NH2:1][O:18][P:17](=[O:16])([c:19]1[cH:20][cH:21][cH:22][cH:23][cH:24]1)[c:25]1[cH:26][cH:27][cH:28][cH:29][cH:30]1>>[NH2:1][C:2](=[S:3])[NH:4][CH2:5][c:6]1[cH:7][cH:8][cH:9][c:10]([C:11]([F:12])([F:13])[F:14])[cH:15]1,"[None, ['N:1 - O:18']]","[['N:4 - H', 'C:2 - N:1']]",['C:2 = N:4 -> C:2 - N:4'],[],"[(0, '[#7&X3&H1:2]([#6])[#6]', 'N:4 - H', 'N', 'SINGLE', 'H', '[#7;X3H1]([#6])([#6])', '[H]'), (0, '[#7&X3&H2:1][#6:2]', 'C:2 - N:1', 'C', 'SINGLE', 'N')]","[(1, '[#8]=[#15]([#8]-[#7])(c)c', 'N:1 - O:18', 'O', 'SINGLE', 'N', '[#8]=[#15]([#8])([c])[c]', '[#7]')]","[(0, '[#7&X3&H1]([#6]-[#7])[#6]', 'C:2 - N:1', 'C', 'SINGLE', 'N', '[#7;X3H1]([#6])([#6])', '[#7]')]"
c4,ClCC1CN(Cc2ccccc2)CCO1.NOP(=O)(c1ccccc1)c1ccccc1>>N[N+]1(Cc2ccccc2)CCOC(CCl)C1,N[N+]1(Cc2ccccc2)CCOC(CCl)C1,[N:2]1([CH2:3][c:4]2[cH:5][cH:6][cH:7][cH:8][cH:9]2)[CH2:10][CH2:11][O:12][CH:13]([CH2:14][Cl:15])[CH2:16]1.[NH2:1][O:19][P:18](=[O:17])([c:20]1[cH:21][cH:22][cH:23][cH:24][cH:25]1)[c:26]1[cH:27][cH:28][cH:29][cH:30][cH:31]1>>[NH2:1][N+:2]1([CH2:3][c:4]2[cH:5][cH:6][cH:7][cH:8][cH:9]2)[CH2:10][CH2:11][O:12][CH:13]([CH2:14][Cl:15])[CH2:16]1,"[None, ['N:1 - O:19']]",[['N:1 - N:2']],[],[],"[(0, '[#6][#7&+:1]([#7:2])([#6])[#6]', 'N:1 - N:2', 'N', 'SINGLE', 'N')]","[(1, '[#8]=[#15]([#8]-[#7])(c)c', 'N:1 - O:19', 'O', 'SINGLE', 'N', '[#8]=[#15]([#8])([c])[c]', '[#7]')]","[(0, '[#7]1([#6][#6][#8][#6][#6]1)-[#7]', 'N:1 - N:2', 'N', 'SINGLE', 'N', '[#7]1[#6][#6][#8][#6][#6]1', '[#7]')]"
c4,CC(C)(C)c1ccc2c(c1)Cc1cc(C(C)(C)C)ccc1-2.NOP(=O)(c1ccccc1)c1ccccc1>>CC(C)(C)c1ccc2c(c1)C(N)c1cc(C(C)(C)C)ccc1-2,CC(C)(C)c1ccc2c(c1)C(N)c1cc(C(C)(C)C)ccc1-2,[CH3:1][C:2]([CH3:3])([CH3:4])[c:5]1[cH:6][cH:7][c:8]2[c:9]([cH:10]1)[CH2:11][c:13]1[cH:14][c:15]([C:16]([CH3:17])([CH3:18])[CH3:19])[cH:20][cH:21][c:22]1-2.[NH2:12][O:25][P:24](=[O:23])([c:26]1[cH:27][cH:28][cH:29][cH:30][cH:31]1)[c:32]1[cH:33][cH:34][cH:35][cH:36][cH:37]1>>[CH3:1][C:2]([CH3:3])([CH3:4])[c:5]1[cH:6][cH:7][c:8]2[c:9]([cH:10]1)[CH:11]([NH2:12])[c:13]1[cH:14][c:15]([C:16]([CH3:17])([CH3:18])[CH3:19])[cH:20][cH:21][c:22]1-2,"[['C:11 - H'], ['N:12 - O:25']]",[['C:11 - N:12']],[],"[(0, '[C:2]1-c2ccccc2-c2ccccc2-1', 'C:11 - H', 'C', 'SINGLE', 'H', '[C]1-[c]2[c][c][c][c][c]2-[c]2[c][c][c][c][c]2-1', '[H]')]","[(0, '[#7&X3&H2:1][#6:2]', 'C:11 - N:12', 'C', 'SINGLE', 'N')]","[(1, '[#8]=[#15]([#8]-[#7])(c)c', 'N:12 - O:25', 'O', 'SINGLE', 'N', '[#8]=[#15]([#8])([c])[c]', '[#7]')]","[(0, 'C1(-c2ccccc2-c2ccccc2-1)-[#7]', 'C:11 - N:12', 'C', 'SINGLE', 'N', '[C]1-[c]2[c][c][c][c][c]2-[c]2[c][c][c][c][c]2-1', '[#7]')]"
c4,CS(=O)c1ccccc1.NOP(=O)(c1ccccc1)c1ccccc1>>CS(=N)(=O)c1ccccc1,CS(=N)(=O)c1ccccc1,[CH3:1][S:2](=[O:4])[c:5]1[cH:6][cH:7][cH:8][cH:9][cH:10]1.[NH2:3][O:13][P:12](=[O:11])([c:14]1[cH:15][cH:16][cH:17][cH:18][cH:19]1)[c:20]1[cH:21][cH:22][cH:23][cH:24][cH:25]1>>[CH3:1][S:2](=[NH:3])(=[O:4])[c:5]1[cH:6][cH:7][cH:8][cH:9][cH:10]1,"[None, ['N:3 - O:13', 'N:3 - H']]",[['N:3 = S:2']],[],"[(1, '[#7:2]', 'N:3 - H', 'N', 'SINGLE', 'H', '[#7]', '[H]')]","[(0, '[#7:1]=[#16:2]([#6])[#6]', 'N:3 = S:2', 'N', 'DOUBLE', 'S')]","[(1, '[#8]=[#15]([#8]-[#7])(c)c', 'N:3 - O:13', 'O', 'SINGLE', 'N', '[#8]=[#15]([#8])([c])[c]', '[#7]')]","[(0, '[#7]=[#16]', 'N:3 = S:2', 'N', 'DOUBLE', 'S', '[#7]', '[#16]')]"
c4,Cc1ccc(N=C=S)c(C)c1.NOP(=O)(c1ccccc1)c1ccccc1>>Cc1ccc(NC(N)=S)c(C)c1,Cc1ccc(NC(N)=S)c(C)c1,[CH3:1][c:2]1[cH:3][cH:4][c:5]([N:6]=[C:7]=[S:9])[c:10]([CH3:11])[cH:12]1.[NH2:8][O:15][P:14](=[O:13])([c:16]1[cH:17][cH:18][cH:19][cH:20][cH:21]1)[c:22]1[cH:23][cH:24][cH:25][cH:26][cH:27]1>>[CH3:1][c:2]1[cH:3][cH:4][c:5]([NH:6][C:7]([NH2:8])=[S:9])[c:10]([CH3:11])[cH:12]1,"[None, ['N:8 - O:15']]","[['N:6 - H', 'C:7 - N:8']]",['C:7 = N:6 -> C:7 - N:6'],[],"[(0, 'c1ccccc1[#7&!a;X4&H1&+,X4&H2&+,X4&H3&+,X3&H1&+0,X3&H0&+0,X3&H2&+0;!$([#7][!#6]):2]', 'N:6 - H', 'N', 'SINGLE', 'H', '[c]1[c][c][c][c][c]1[#7;!a;X4H+,X4H2+,X4H3+,X3H+0,X3H0+0,X3H2+0;!$([#7][!#6])]', '[H]'), (0, '[#7&X3&H2:1][#6:2]', 'C:7 - N:8', 'C', 'SINGLE', 'N')]","[(1, '[#8]=[#15]([#8]-[#7])(c)c', 'N:8 - O:15', 'O', 'SINGLE', 'N', '[#8]=[#15]([#8])([c])[c]', '[#7]')]","[(0, '[#7&X3&H1]([#6]-[#7])[#6]', 'C:7 - N:8', 'C', 'SINGLE', 'N', '[#7;X3H1]([#6])([#6])', '[#7]')]"
c4,CN(C)C=S.NOP(=O)(c1ccccc1)c1ccccc1>>CN(C)C(N)=S,CN(C)C(N)=S,[CH3:1][N:2]([CH3:3])[CH:4]=[S:6].[NH2:5][O:9][P:8](=[O:7])([c:10]1[cH:11][cH:12][cH:13][cH:14][cH:15]1)[c:16]1[cH:17][cH:18][cH:19][cH:20][cH:21]1>>[CH3:1][N:2]([CH3:3])[C:4]([NH2:5])=[S:6],"[['C:4 - H'], ['N:5 - O:9']]",[['C:4 - N:5']],[],"[(0, '[#6;H1,H2:2]=[#16&X1]', 'C:4 - H', 'C', 'SINGLE', 'H', '[#6;H1,H2](=[#16X1])', '[H]')]","[(0, '[#7&X3&H2:1][#6:2]', 'C:4 - N:5', 'C', 'SINGLE', 'N')]","[(1, '[#8]=[#15]([#8]-[#7])(c)c', 'N:5 - O:9', 'O', 'SINGLE', 'N', '[#8]=[#15]([#8])([c])[c]', '[#7]')]","[(0, '[#7&X3&H0]([#6]-[#7])([#6])[#6]', 'C:4 - N:5', 'C', 'SINGLE', 'N', '[#7;X3H0]([#6])([#6])([#6])', '[#7]')]"
c4,NOP(=O)(c1ccccc1)c1ccccc1.c1cncc(C2=NCCC2)c1>>c1cncc(C2=NNCCC2)c1,c1cncc(C2=NNCCC2)c1,[NH2:7][O:15][P:14](=[O:13])([c:16]1[cH:17][cH:18][cH:19][cH:20][cH:21]1)[c:22]1[cH:23][cH:24][cH:25][cH:26][cH:27]1.[cH:1]1[cH:2][n:3][cH:4][c:5]([C:6]2=[N:8][CH2:9][CH2:10][CH2:11]2)[cH:12]1>>[cH:1]1[cH:2][n:3][cH:4][c:5]([C:6]2=[N:7][NH:8][CH2:9][CH2:10][CH2:11]2)[cH:12]1,"[['N:7 - O:15', 'N:7 - H'], ['C:6 = N:8']]","[['N:8 - H', 'C:6 = N:7', 'N:7 - N:8']]",[],"[(0, '[#7:2]', 'N:7 - H', 'N', 'SINGLE', 'H', '[#7]', '[H]'), (1, '[#7&X2;H1,H0;!$([#7&X2][#7,#8,#9,#15,#16,#17,Br,I]):1]=[#6&X3:2]', 'C:6 = N:8', 'C', 'DOUBLE', 'N')]","[(0, '[#7:2]1[#7]=[#6][#6][#6][#6]1', 'N:8 - H', 'N', 'SINGLE', 'H', '[#7]1[#7]=[#6][#6][#6][#6]1', '[H]'), (0, '[#7]1[#7:1]=[#6:2][#6][#6][#6]1', 'C:6 = N:7', 'C', 'DOUBLE', 'N'), (0, '[#7:1]1[#7:2]=[#6][#6][#6][#6]1', 'N:7 - N:8', 'N', 'SINGLE', 'N')]","[(0, '[#8]=[#15]([#8]-[#7])(c)c', 'N:7 - O:15', 'O', 'SINGLE', 'N', '[#8]=[#15]([#8])([c])[c]', '[#7]'), (1, '[#6]=[#7]', 'C:6 = N:8', 'C', 'DOUBLE', 'N', '[#6]', '[#7]')]","[(0, '[#6]=[#7]', 'C:6 = N:7', 'C', 'DOUBLE', 'N', '[#6]', '[#7]'), (0, '[#7]-[#7]', 'N:7 - N:8', 'N', 'SINGLE', 'N', '[#7]', '[#7]')]"
c4,NOP(=O)(c1ccccc1)c1ccccc1.O=Cc1cc2ccccc2o1>>NC(=O)c1cc2ccccc2o1,NC(=O)c1cc2ccccc2o1,[NH2:1][O:15][P:14](=[O:13])([c:16]1[cH:17][cH:18][cH:19][cH:20][cH:21]1)[c:22]1[cH:23][cH:24][cH:25][cH:26][cH:27]1.[CH:2](=[O:3])[c:4]1[cH:5][c:6]2[cH:7][cH:8][cH:9][cH:10][c:11]2[o:12]1>>[NH2:1][C:2](=[O:3])[c:4]1[cH:5][c:6]2[cH:7][cH:8][cH:9][cH:10][c:11]2[o:12]1,"[['N:1 - O:15'], ['C:2 - H']]",[['C:2 - N:1']],[],"[(1, '[#6&X3&H1:2]=[#8]', 'C:2 - H', 'C', 'SINGLE', 'H', '[#6X3;H1](=[#8])', '[H]')]","[(0, '[#6:1](=[#8])[#7:2]', 'C:2 - N:1', 'C', 'SINGLE', 'N')]","[(0, '[#8]=[#15]([#8]-[#7])(c)c', 'N:1 - O:15', 'O', 'SINGLE', 'N', '[#8]=[#15]([#8])([c])[c]', '[#7]')]","[(0, '[#6](=[#8])-[#7]', 'C:2 - N:1', 'C', 'SINGLE', 'N', '[#6]=[#8]', '[#7]')]"
c4,NOP(=O)(c1ccccc1)c1ccccc1.c1cnc2ncccc2c1>>N[n+]1cccc2cccnc21,N[n+]1cccc2cccnc21,[NH2:1][O:14][P:13](=[O:12])([c:15]1[cH:16][cH:17][cH:18][cH:19][cH:20]1)[c:21]1[cH:22][cH:23][cH:24][cH:25][cH:26]1.[n:2]1[cH:3][cH:4][cH:5][c:6]2[cH:7][cH:8][cH:9][n:10][c:11]12>>[NH2:1][n+:2]1[cH:3][cH:4][cH:5][c:6]2[cH:7][cH:8][cH:9][n:10][c:11]12,"[['N:1 - O:14'], None]",[['N:1 - N:2']],[],[],"[(0, '[N:1][n&+:2]1ccccc1', 'N:1 - N:2', 'N', 'SINGLE', 'N')]","[(0, '[#8]=[#15]([#8]-[#7])(c)c', 'N:1 - O:14', 'O', 'SINGLE', 'N', '[#8]=[#15]([#8])([c])[c]', '[#7]')]","[(0, '[#6]1[#6][#6][#7]([#6][#6]1)-[#7]', 'N:1 - N:2', 'N', 'SINGLE', 'N', '[#6]1[#6][#6][#7][#6][#6]1', '[#7]')]"
c4,NOP(=O)(c1ccccc1)c1ccccc1.O=C1C=CN(C(=O)OCc2ccccc2)CC1>>N[N+]1(C(=O)OCc2ccccc2)C=CC(=O)CC1,N[N+]1(C(=O)OCc2ccccc2)C=CC(=O)CC1,[NH2:1][O:21][P:20](=[O:19])([c:22]1[cH:23][cH:24][cH:25][cH:26][cH:27]1)[c:28]1[cH:29][cH:30][cH:31][cH:32][cH:33]1.[N:2]1([C:3](=[O:4])[O:5][CH2:6][c:7]2[cH:8][cH:9][cH:10][cH:11][cH:12]2)[CH:13]=[CH:14][C:15](=[O:16])[CH2:17][CH2:18]1>>[NH2:1][N+:2]1([C:3](=[O:4])[O:5][CH2:6][c:7]2[cH:8][cH:9][cH:10][cH:11][cH:12]2)[CH:13]=[CH:14][C:15](=[O:16])[CH2:17][CH2:18]1,"[['N:1 - O:21'], None]",[['N:1 - N:2']],[],[],"[(0, '[#6&X3](=[#8])[#7;H1,H0:1][#7;X3&H1&+0,X3&H2&+0,X3&H0&+0:2]', 'N:1 - N:2', 'N', 'SINGLE', 'N')]","[(0, '[#8]=[#15]([#8]-[#7])(c)c', 'N:1 - O:21', 'O', 'SINGLE', 'N', '[#8]=[#15]([#8])([c])[c]', '[#7]')]","[(0, '[#6]1[#7]([#6]=[#6][#6][#6]1)-[#7]', 'N:1 - N:2', 'N', 'SINGLE', 'N', '[#6]1[#7][#6]=[#6][#6][#6]1', '[#7]')]"
c4,NOP(=O)(c1ccccc1)c1ccccc1.c1cnc2[nH]ncc2c1>>Nn1ncc2cccnc21,Nn1ncc2cccnc21,[NH2:1][O:13][P:12](=[O:11])([c:14]1[cH:15][cH:16][cH:17][cH:18][cH:19]1)[c:20]1[cH:21][cH:22][cH:23][cH:24][cH:25]1.[nH:2]1[n:3][cH:4][c:5]2[cH:6][cH:7][cH:8][n:9][c:10]12>>[NH2:1][n:2]1[n:3][cH:4][c:5]2[cH:6][cH:7][cH:8][n:9][c:10]12,"[['N:1 - O:13'], ['N:2 - H']]",[['N:1 - N:2']],[],"[(1, 'c12cn[n:2]c1nccc2', 'N:2 - H', 'N', 'SINGLE', 'H', '[c]1([c][n][n]2)[c]2[n][c][c][c]1', '[H]')]","[(0, '[#7;X3&H1&+0,X3&H2&+0,X3&H0&+0:1][#7;X3&H1&+0,X3&H2&+0,X3&H0&+0:2]', 'N:1 - N:2', 'N', 'SINGLE', 'N')]","[(0, '[#8]=[#15]([#8]-[#7])(c)c', 'N:1 - O:13', 'O', 'SINGLE', 'N', '[#8]=[#15]([#8])([c])[c]', '[#7]')]","[(0, '[#6]1[#7]([#7][#6][#6]1)-[#7]', 'N:1 - N:2', 'N', 'SINGLE', 'N', '[#6]1[#7][#7][#6][#6]1', '[#7]')]"
c4,NOP(=O)(c1ccccc1)c1ccccc1.c1ccc(C2=NCCN2)cc1>>NN1CCN=C1c1ccccc1,NN1CCN=C1c1ccccc1,[NH2:1][O:15][P:14](=[O:13])([c:16]1[cH:17][cH:18][cH:19][cH:20][cH:21]1)[c:22]1[cH:23][cH:24][cH:25][cH:26][cH:27]1.[NH:2]1[CH2:3][CH2:4][N:5]=[C:6]1[c:7]1[cH:8][cH:9][cH:10][cH:11][cH:12]1>>[NH2:1][N:2]1[CH2:3][CH2:4][N:5]=[C:6]1[c:7]1[cH:8][cH:9][cH:10][cH:11][cH:12]1,"[['N:1 - O:15'], ['N:2 - H']]",[['N:1 - N:2']],[],"[(1, '[N:2]1C=NCC1', 'N:2 - H', 'N', 'SINGLE', 'H', '[N]1[C]=[N][C][C]1', '[H]')]","[(0, '[#7;X3&H1&+0,X3&H2&+0,X3&H0&+0:1][#7;X3&H1&+0,X3&H2&+0,X3&H0&+0:2]', 'N:1 - N:2', 'N', 'SINGLE', 'N')]","[(0, '[#8]=[#15]([#8]-[#7])(c)c', 'N:1 - O:15', 'O', 'SINGLE', 'N', '[#8]=[#15]([#8])([c])[c]', '[#7]')]","[(0, 'N1(C=NCC1)-[#7]', 'N:1 - N:2', 'N', 'SINGLE', 'N', '[N]1[C]=[N][C][C]1', '[#7]')]"
c4,Fc1ccc(F)c(C2=NCCC2)c1.NOP(=O)(c1ccccc1)c1ccccc1>>Fc1ccc(F)c(C2=NNCCC2)c1,Fc1ccc(F)c(C2=NNCCC2)c1,[F:1][c:2]1[cH:13][c:7]([C:8]2=[N:9][CH2:10][CH2:11][CH2:12]2)[c:5]([F:6])[cH:4][cH:3]1.[NH2:14]OP(c3ccccc3)(c4ccccc4)=O>>[F:1][c:2]5[cH:13][c:7]([C:8]6=[N:14][NH:9][CH2:10][CH2:11][CH2:12]6)[c:5]([F:6])[cH:4][cH:3]5,"[['C:11 - N:9'], ['N:10 - H', 'N:10 - O:17']]","[['C:11 - N:10', 'N:9 - N:10']]",[],[],"[(0, '[#7]1[#7]=[#6][#6][#6:1][#6:2]1', 'C:11 - N:10', 'C', 'SINGLE', 'N'), (0, '[#7:2]1[#7]=[#6][#6][#6][#6:1]1', 'N:9 - N:10', 'N', 'SINGLE', 'N')]",[],"[(0, '[#6]-[#6]', 'C:11 - N:10', 'C', 'SINGLE', 'C', '[#6]', '[#6]'), (0, '[#6]-[#7][#7&X2]=[#6&X3]', 'N:9 - N:10', 'C', 'SINGLE', 'N', '[#6]', '[#7][#7X2]=[#6X3]')]"
c4,NOP(=O)(c1ccccc1)c1ccccc1.O=C1CC(c2ccccc2)N1>>NN1C(=O)CC1c1ccccc1,NN1C(=O)CC1c1ccccc1,[NH2:1][O:15][P:14](=[O:13])([c:16]1[cH:17][cH:18][cH:19][cH:20][cH:21]1)[c:22]1[cH:23][cH:24][cH:25][cH:26][cH:27]1.[NH:2]1[C:3](=[O:4])[CH2:5][CH:6]1[c:7]1[cH:8][cH:9][cH:10][cH:11][cH:12]1>>[NH2:1][N:2]1[C:3](=[O:4])[CH2:5][CH:6]1[c:7]1[cH:8][cH:9][cH:10][cH:11][cH:12]1,"[['N:1 - O:15'], ['N:2 - H']]",[['N:1 - N:2']],[],"[(1, '[#7&H1:2]1[#6][#6][#6]1=[#8]', 'N:2 - H', 'N', 'SINGLE', 'H', '[#7;H1]1[#6][#6][#6]1=[#8]', '[H]')]","[(0, '[#6&X3](=[#8])[#7;H1,H0:1][#7;X3&H1&+0,X3&H2&+0,X3&H0&+0:2]', 'N:1 - N:2', 'N', 'SINGLE', 'N')]","[(0, '[#8]=[#15]([#8]-[#7])(c)c', 'N:1 - O:15', 'O', 'SINGLE', 'N', '[#8]=[#15]([#8])([c])[c]', '[#7]')]","[(0, '[#7]1([#6][#6][#6]1=[#8])-[#7]', 'N:1 - N:2', 'N', 'SINGLE', 'N', '[#7]1[#6][#6][#6]1=[#8]', '[#7]')]"
c4,CC(=O)c1ccc2c(c1)CCC2.NOP(=O)(c1ccccc1)c1ccccc1>>CC(=O)Nc1ccc2c(c1)CCC2,CC(=O)Nc1ccc2c(c1)CCC2,[CH3:1][C:2](=[O:3])[c:5]1[cH:6][cH:7][c:8]2[c:9]([cH:10]1)[CH2:11][CH2:12][CH2:13]2.[NH2:4][O:16][P:15](=[O:14])([c:17]1[cH:18][cH:19][cH:20][cH:21][cH:22]1)[c:23]1[cH:24][cH:25][cH:26][cH:27][cH:28]1>>[CH3:1][C:2](=[O:3])[NH:4][c:5]1[cH:6][cH:7][c:8]2[c:9]([cH:10]1)[CH2:11][CH2:12][CH2:13]2,"[['C:2 - C:5'], ['N:4 - H', 'N:4 - O:16']]","[['C:2 - N:4', 'C:5 - N:4']]",[],"[(0, '[#6][#6:1](=[#8])[#6:2]', 'C:2 - C:5', 'C', 'SINGLE', 'C'), (1, '[#7:2]', 'N:4 - H', 'N', 'SINGLE', 'H', '[#7]', '[H]')]","[(0, '[#6:1](=[#8])[#7:2]', 'C:2 - N:4', 'C', 'SINGLE', 'N'), (0, '[#7&X3&H1:1]([#6])[#6:2]', 'C:5 - N:4', 'C', 'SINGLE', 'N')]","[(0, '[#6]1[#6]c2:cc(ccc2[#6]1)-[#6](=[#8])[#6&H3]', 'C:2 - C:5', 'C', 'SINGLE', 'C', '[#6]1[#6][c]2:[c][c][c][c][c]2[#6]1', '[#6](=[#8])[#6;H3]'), (1, '[#8]=[#15]([#8]-[#7])(c)c', 'N:4 - O:16', 'O', 'SINGLE', 'N', '[#8]=[#15]([#8])([c])[c]', '[#7]')]","[(0, 'c1ccccc1[#7&!a;X4&H1&+,X4&H2&+,X4&H3&+,X3&H1&+0,X3&H0&+0,X3&H2&+0;!$([#7][!#6])]-[#6](=[#8])[#6&H3]', 'C:2 - N:4', 'N', 'SINGLE', 'C', '[c]1[c][c][c][c][c]1[#7;!a;X4H+,X4H2+,X4H3+,X3H+0,X3H0+0,X3H2+0;!$([#7][!#6])]', '[#6](=[#8])[#6;H3]'), (0, '[#6]1[#6]c2:cc(ccc2[#6]1)-[#7][#6]=[#8]', 'C:5 - N:4', 'C', 'SINGLE', 'N', '[#6]1[#6][c]2:[c][c][c][c][c]2[#6]1', '[#6](=[#8])[#7]')]"
c4,Cc1ccc2cccnc2n1.NOP(=O)(c1ccccc1)c1ccccc1>>Cc1ccc2cccnc2[n+]1N,Cc1ccc2cccnc2[n+]1N,[CH3:1][c:2]1[cH:3][cH:4][c:5]2[cH:6][cH:7][cH:8][n:9][c:10]2[n:11]1.[NH2:12][O:15][P:14](=[O:13])([c:16]1[cH:17][cH:18][cH:19][cH:20][cH:21]1)[c:22]1[cH:23][cH:24][cH:25][cH:26][cH:27]1>>[CH3:1][c:2]1[cH:3][cH:4][c:5]2[cH:6][cH:7][cH:8][n:9][c:10]2[n+:11]1[NH2:12],"[None, ['N:12 - O:15']]",[['N:11 - N:12']],[],[],"[(0, '[N:1][n&+:2]1ccccc1', 'N:11 - N:12', 'N', 'SINGLE', 'N')]","[(1, '[#8]=[#15]([#8]-[#7])(c)c', 'N:12 - O:15', 'O', 'SINGLE', 'N', '[#8]=[#15]([#8])([c])[c]', '[#7]')]","[(0, '[#6]1[#6][#6][#7]([#6][#6]1)-[#7]', 'N:11 - N:12', 'N', 'SINGLE', 'N', '[#6]1[#6][#6][#7][#6][#6]1', '[#7]')]"
c4,C=C1N(C)c2ccccc2C1(C)C.NOP(=O)(c1ccccc1)c1ccccc1>>C=C1C(C)(C)c2ccccc2[N+]1(C)N,C=C1C(C)(C)c2ccccc2[N+]1(C)N,[CH2:1]=[C:2]1[C:3]([CH3:4])([CH3:5])[c:6]2[cH:7][cH:8][cH:9][cH:10][c:11]2[N:12]1[CH3:13].[NH2:14][O:17][P:16](=[O:15])([c:18]1[cH:19][cH:20][cH:21][cH:22][cH:23]1)[c:24]1[cH:25][cH:26][cH:27][cH:28][cH:29]1>>[CH2:1]=[C:2]1[C:3]([CH3:4])([CH3:5])[c:6]2[cH:7][cH:8][cH:9][cH:10][c:11]2[N+:12]1([CH3:13])[NH2:14],"[None, ['N:14 - O:17']]",[['N:12 - N:14']],[],[],"[(0, '[#6][#7&+:1]([#7:2])([#6])[#6]', 'N:12 - N:14', 'N', 'SINGLE', 'N')]","[(1, '[#8]=[#15]([#8]-[#7])(c)c', 'N:14 - O:17', 'O', 'SINGLE', 'N', '[#8]=[#15]([#8])([c])[c]', '[#7]')]","[(0, 'c12c([#7]([#6][#6]1)-[#7])cccc2', 'N:12 - N:14', 'N', 'SINGLE', 'N', '[c]12[c]([#7][#6][#6]1)[c][c][c][c]2', '[#7]')]"
c4,CC1=Nc2ccc(Cl)cc2C1(C)C.NOP(=O)(c1ccccc1)c1ccccc1>>C=C(C)c1cc(Cl)ccc1/N=C(\C)N,C=C(C)c1cc(Cl)ccc1/N=C(\C)N,[CH3:1][C:2]1([CH3:3])[c:4]2[cH:5][c:6]([Cl:7])[cH:8][cH:9][c:10]2[N:11]=[C:12]1[CH3:13].[NH2:14][O:17][P:16](=[O:15])([c:18]1[cH:19][cH:20][cH:21][cH:22][cH:23]1)[c:24]1[cH:25][cH:26][cH:27][cH:28][cH:29]1>>[CH2:1]=[C:2]([CH3:3])[c:4]1[cH:5][c:6]([Cl:7])[cH:8][cH:9][c:10]1/[N:11]=[C:12](\[CH3:13])[NH2:14],"[['C:1 - H', 'C:2 - C:12'], ['N:14 - O:17']]",[['C:12 - N:14']],['C:1 - C:2 -> C:1 = C:2'],"[(0, '[#6:2]', 'C:1 - H', 'C', 'SINGLE', 'H', '[#6]', '[H]'), (0, '[#6:1]1[#6:2]=[#7]c2ccccc2-1', 'C:2 - C:12', 'C', 'SINGLE', 'C')]","[(0, '[#7&X3&H2:1][#6:2]', 'C:12 - N:14', 'C', 'SINGLE', 'N')]","[(0, 'c1ccccc1[#6&X4]-[#6&X3]=[#7&X2;H1,H0;!$([#7&X2][#7,#8,#9,#15,#16,#17,Br,I])]', 'C:2 - C:12', 'C', 'SINGLE', 'C', '[c]1[c][c][c][c][c]1[#6X4]', '[#7X2;H1,H0;!$([#7X2][#7,#8,#9,#15,#16,#17,Br,I])]=[#6X3]'), (1, '[#8]=[#15]([#8]-[#7])(c)c', 'N:14 - O:17', 'O', 'SINGLE', 'N', '[#8]=[#15]([#8])([c])[c]', '[#7]')]","[(0, '[#7&X2;H1,H0;!$([#7&X2][#7,#8,#9,#15,#16,#17,Br,I])]=[#6&X3]-[#7]', 'C:12 - N:14', 'C', 'SINGLE', 'N', '[#7X2;H1,H0;!$([#7X2][#7,#8,#9,#15,#16,#17,Br,I])]=[#6X3]', '[#7]')]"
c4,COC(=O)C1CC2(CC(=O)C2)C1.NOP(=O)(c1ccccc1)c1ccccc1>>COC(=O)C1CC2(CNC(=O)C2)C1,COC(=O)C1CC2(CNC(=O)C2)C1,[CH3:1][O:2][C:3](=[O:4])[CH:5]1[CH2:6][C:7]2([CH2:8][C:10](=[O:11])[CH2:12]2)[CH2:13]1.[NH2:9][O:16][P:15](=[O:14])([c:17]1[cH:18][cH:19][cH:20][cH:21][cH:22]1)[c:23]1[cH:24][cH:25][cH:26][cH:27][cH:28]1>>[CH3:1][O:2][C:3](=[O:4])[CH:5]1[CH2:6][C:7]2([CH2:8][NH:9][C:10](=[O:11])[CH2:12]2)[CH2:13]1,"[['C:8 - C:10'], ['N:9 - H', 'N:9 - O:16']]","[['C:8 - N:9', 'C:10 - N:9']]",[],"[(0, '[#6]1[#6:1][#6:2][#6]1', 'C:8 - C:10', 'C', 'SINGLE', 'C'), (1, '[#7:2]', 'N:9 - H', 'N', 'SINGLE', 'H', '[#7]', '[H]')]","[(0, '[#6]1[#6][#6][#6]12[#6:1][#7:2][#6][#6]2', 'C:8 - N:9', 'C', 'SINGLE', 'N'), (0, '[#6:1](=[#8])[#7:2]', 'C:10 - N:9', 'C', 'SINGLE', 'N')]","[(0, '[#6](=[#8])-[#6]', 'C:8 - C:10', 'C', 'SINGLE', 'C', '[#6]=[#8]', '[#6]'), (1, '[#8]=[#15]([#8]-[#7])(c)c', 'N:9 - O:16', 'O', 'SINGLE', 'N', '[#8]=[#15]([#8])([c])[c]', '[#7]')]","[(0, '[#6](=[#8])[#7]-[#6]', 'C:8 - N:9', 'N', 'SINGLE', 'C', '[#6](=[#8])[#7]', '[#6]'), (0, '[#6](=[#8])-[#7]', 'C:10 - N:9', 'C', 'SINGLE', 'N', '[#6]=[#8]', '[#7]')]"
c4,C[C@H]1CCCNC1.NOP(=O)(c1ccccc1)c1ccccc1>>C[C@H]1CCCN(N)C1,C[C@H]1CCCN(N)C1,[CH3:1][C@H:2]1[CH2:3][CH2:4][CH2:5][NH:6][CH2:8]1.[NH2:7][O:11][P:10](=[O:9])([c:12]1[cH:13][cH:14][cH:15][cH:16][cH:17]1)[c:18]1[cH:19][cH:20][cH:21][cH:22][cH:23]1>>[CH3:1][C@H:2]1[CH2:3][CH2:4][CH2:5][N:6]([NH2:7])[CH2:8]1,"[['N:6 - H'], ['N:7 - O:11']]",[['N:6 - N:7']],[],"[(0, '[#6]1[#6][#6][#7:2][#6][#6]1', 'N:6 - H', 'N', 'SINGLE', 'H', '[#6]1[#6][#6][#7][#6][#6]1', '[H]')]","[(0, '[#7;X3&H1&+0,X3&H2&+0,X3&H0&+0:1][#7;X3&H1&+0,X3&H2&+0,X3&H0&+0:2]', 'N:6 - N:7', 'N', 'SINGLE', 'N')]","[(1, '[#8]=[#15]([#8]-[#7])(c)c', 'N:7 - O:11', 'O', 'SINGLE', 'N', '[#8]=[#15]([#8])([c])[c]', '[#7]')]","[(0, '[#6]1[#6][#6][#7]([#6][#6]1)-[#7]', 'N:6 - N:7', 'N', 'SINGLE', 'N', '[#6]1[#6][#6][#7][#6][#6]1', '[#7]')]"
c4,NOP(=O)(c1ccccc1)c1ccccc1.c1ccc(C2=NCCc3ccccc32)cc1>>c1ccc(C2=NNCCc3ccccc32)cc1,c1ccc(C2=NNCCc3ccccc32)cc1,[NH2:6][O:20][P:19](=[O:18])([c:21]1[cH:22][cH:23][cH:24][cH:25][cH:26]1)[c:27]1[cH:28][cH:29][cH:30][cH:31][cH:32]1.[cH:1]1[cH:2][cH:3][c:4]([C:5]2=[N:7][CH2:8][CH2:9][c:10]3[cH:11][cH:12][cH:13][cH:14][c:15]32)[cH:16][cH:17]1>>[cH:1]1[cH:2][cH:3][c:4]([C:5]2=[N:6][NH:7][CH2:8][CH2:9][c:10]3[cH:11][cH:12][cH:13][cH:14][c:15]32)[cH:16][cH:17]1,"[['N:6 - H', 'N:6 - O:20'], ['C:5 = N:7']]","[['C:5 = N:6', 'N:6 - N:7', 'N:7 - H']]",[],"[(0, '[#7:2]', 'N:6 - H', 'N', 'SINGLE', 'H', '[#7]', '[H]'), (1, '[#7&X2;H1,H0;!$([#7&X2][#7,#8,#9,#15,#16,#17,Br,I]):1]=[#6&X3:2]', 'C:5 = N:7', 'C', 'DOUBLE', 'N')]","[(0, '[#7][#7&X2:1]=[#6&X3:2]', 'C:5 = N:6', 'C', 'DOUBLE', 'N'), (0, '[#7:1][#7&X2:2]=[#6&X3]', 'N:6 - N:7', 'N', 'SINGLE', 'N'), (0, '[#7:2][#7&X2]=[#6&X3]', 'N:7 - H', 'N', 'SINGLE', 'H', '[#7][#7X2]=[#6X3]', '[H]')]","[(0, '[#8]=[#15]([#8]-[#7])(c)c', 'N:6 - O:20', 'O', 'SINGLE', 'N', '[#8]=[#15]([#8])([c])[c]', '[#7]'), (1, '[#6]=[#7]', 'C:5 = N:7', 'C', 'DOUBLE', 'N', '[#6]', '[#7]')]","[(0, '[#6]=[#7]', 'C:5 = N:6', 'C', 'DOUBLE', 'N', '[#6]', '[#7]'), (0, '[#7]-[#7]', 'N:6 - N:7', 'N', 'SINGLE', 'N', '[#7]', '[#7]')]"
c4,NOP(=O)(c1ccccc1)c1ccccc1.c1ccc(SSc2ccccn2)nc1>>N[n+]1ccccc1SSc1ccccn1,N[n+]1ccccc1SSc1ccccn1,[NH2:1][O:18][P:17](=[O:16])([c:19]1[cH:20][cH:21][cH:22][cH:23][cH:24]1)[c:25]1[cH:26][cH:27][cH:28][cH:29][cH:30]1.[n:2]1[cH:3][cH:4][cH:5][cH:6][c:7]1[S:8][S:9][c:10]1[cH:11][cH:12][cH:13][cH:14][n:15]1>>[NH2:1][n+:2]1[cH:3][cH:4][cH:5][cH:6][c:7]1[S:8][S:9][c:10]1[cH:11][cH:12][cH:13][cH:14][n:15]1,"[['N:1 - O:18'], None]",[['N:1 - N:2']],[],[],"[(0, '[N:1][n&+:2]1ccccc1', 'N:1 - N:2', 'N', 'SINGLE', 'N')]","[(0, '[#8]=[#15]([#8]-[#7])(c)c', 'N:1 - O:18', 'O', 'SINGLE', 'N', '[#8]=[#15]([#8])([c])[c]', '[#7]')]","[(0, '[#6]1[#6][#6][#7]([#6][#6]1)-[#7]', 'N:1 - N:2', 'N', 'SINGLE', 'N', '[#6]1[#6][#6][#7][#6][#6]1', '[#7]')]"
c4,CC(=O)c1ccc2ncc(Br)cc2c1.NOP(=O)(c1ccccc1)c1ccccc1>>CC(=O)c1ccc2c(cc(Br)c[n+]2N)c1,CC(=O)c1ccc2c(cc(Br)c[n+]2N)c1,[CH3:1][C:2](=[O:3])[c:4]1[cH:5][cH:6][c:7]2[c:8]([cH:9][c:10]([Br:11])[cH:12][n:13]2)[cH:15]1.[NH2:14][O:18][P:17](=[O:16])([c:19]1[cH:20][cH:21][cH:22][cH:23][cH:24]1)[c:25]1[cH:26][cH:27][cH:28][cH:29][cH:30]1>>[CH3:1][C:2](=[O:3])[c:4]1[cH:5][cH:6][c:7]2[c:8]([cH:9][c:10]([Br:11])[cH:12][n+:13]2[NH2:14])[cH:15]1,"[None, ['N:14 - O:18']]",[['N:13 - N:14']],[],[],"[(0, '[N:1][n&+:2]1ccccc1', 'N:13 - N:14', 'N', 'SINGLE', 'N')]","[(1, '[#8]=[#15]([#8]-[#7])(c)c', 'N:14 - O:18', 'O', 'SINGLE', 'N', '[#8]=[#15]([#8])([c])[c]', '[#7]')]","[(0, '[#6]12[#6][#6][#6][#7]([#6]1[#6][#6][#6][#6]2)-[#7]', 'N:13 - N:14', 'N', 'SINGLE', 'N', '[#6]1([#6][#6][#6][#7]2)[#6]2[#6][#6][#6][#6]1', '[#7]')]"
c4,CCn1c2ccccc2c2cc(C(C)=O)ccc21.NOP(=O)(c1ccccc1)c1ccccc1>>CC(=O)Nc1ccc2c(c1)c1ccccc1n2C,CC(=O)Nc1ccc2c(c1)c1ccccc1n2C,[CH3:1][C:2](=[O:3])[c:5]1[cH:6][cH:7][c:8]2[c:9]([cH:10]1)[c:11]1[cH:12][cH:13][cH:14][cH:15][c:16]1[n:17]2[CH2:18][CH3:19].[NH2:4][O:22][P:21](=[O:20])([c:23]1[cH:24][cH:25][cH:26][cH:27][cH:28]1)[c:29]1[cH:30][cH:31][cH:32][cH:33][cH:34]1>>[CH3:1][C:2](=[O:3])[NH:4][c:5]1[cH:6][cH:7][c:8]2[c:9]([cH:10]1)[c:11]1[cH:12][cH:13][cH:14][cH:15][c:16]1[n:17]2[CH3:18],"[['C:18 - C:19', 'C:2 - C:5'], ['N:4 - O:22', 'N:4 - H']]","[['C:2 - N:4', 'C:5 - N:4', 'C:18 - H']]",[],"[(0, '[#6&H2:1][#6&H3:2]', 'C:18 - C:19', 'C', 'SINGLE', 'C'), (0, '[#6][#6:1](=[#8])[#6:2]', 'C:2 - C:5', 'C', 'SINGLE', 'C'), (1, '[#7:2]', 'N:4 - H', 'N', 'SINGLE', 'H', '[#7]', '[H]')]","[(0, '[#6:1](=[#8])[#7:2]', 'C:2 - N:4', 'C', 'SINGLE', 'N'), (0, '[#7&X3&H1:1]([#6])[#6:2]', 'C:5 - N:4', 'C', 'SINGLE', 'N'), (0, '[#7&X3&H0]([#6])([#6:2])[#6]', 'C:18 - H', 'C', 'SINGLE', 'H', '[#7;X3H0]([#6])([#6])([#6])', '[H]')]","[(0, '[#7&X3&H0]([#6]-[#6])([#6])[#6]', 'C:18 - C:19', 'C', 'SINGLE', 'C', '[#7;X3H0]([#6])([#6])([#6])', '[#6]'), (0, 'c12c3cc(ccc3nc1cccc2)-[#6](=[#8])[#6&H3]', 'C:2 - C:5', 'C', 'SINGLE', 'C', '[c]1([c]([c][c][c][c]3)[c]3[n]2)[c]2[c][c][c][c]1', '[#6](=[#8])[#6;H3]'), (1, '[#8]=[#15]([#8]-[#7])(c)c', 'N:4 - O:22', 'O', 'SINGLE', 'N', '[#8]=[#15]([#8])([c])[c]', '[#7]')]","[(0, 'c1ccccc1[#7&!a;X4&H1&+,X4&H2&+,X4&H3&+,X3&H1&+0,X3&H0&+0,X3&H2&+0;!$([#7][!#6])]-[#6](=[#8])[#6&H3]', 'C:2 - N:4', 'N', 'SINGLE', 'C', '[c]1[c][c][c][c][c]1[#7;!a;X4H+,X4H2+,X4H3+,X3H+0,X3H0+0,X3H2+0;!$([#7][!#6])]', '[#6](=[#8])[#6;H3]'), (0, 'c12c3cc(ccc3nc1cccc2)-[#7][#6]=[#8]', 'C:5 - N:4', 'C', 'SINGLE', 'N', '[c]1([c]([c][c][c][c]3)[c]3[n]2)[c]2[c][c][c][c]1', '[#6](=[#8])[#7]')]"
c4,NOP(=O)(c1ccccc1)c1ccccc1.O=C1CC2CCC(C1)N2Cc1ccccc1>>O=C1C[C@H]2CC[C@@H](CN1)N2Cc1ccccc1,O=C1C[C@H]2CC[C@@H](CN1)N2Cc1ccccc1,[NH2:9][O:20][P:19](=[O:18])([c:21]1[cH:22][cH:23][cH:24][cH:25][cH:26]1)[c:27]1[cH:28][cH:29][cH:30][cH:31][cH:32]1.[O:1]=[C:2]1[CH2:3][CH:4]2[CH2:5][CH2:6][CH:7]([CH2:8]1)[N:10]2[CH2:11][c:12]1[cH:13][cH:14][cH:15][cH:16][cH:17]1>>[O:1]=[C:2]1[CH2:3][C@H:4]2[CH2:5][CH2:6][C@@H:7]([CH2:8][NH:9]1)[N:10]2[CH2:11][c:12]1[cH:13][cH:14][cH:15][cH:16][cH:17]1,"[['N:9 - H', 'N:9 - O:20'], ['C:2 - C:8']]","[['C:8 - N:9', 'C:2 - N:9']]",[],"[(0, '[#7:2]', 'N:9 - H', 'N', 'SINGLE', 'H', '[#7]', '[H]'), (1, '[#6:2]1[#6][#6][#6][#6][#6][#6:1]1', 'C:2 - C:8', 'C', 'SINGLE', 'C')]","[(0, '[#6]1[#6][#6][#6][#6][#6:1][#7:2][#6]1', 'C:8 - N:9', 'C', 'SINGLE', 'N'), (0, '[#6:1](=[#8])[#7:2]', 'C:2 - N:9', 'C', 'SINGLE', 'N')]","[(0, '[#8]=[#15]([#8]-[#7])(c)c', 'N:9 - O:20', 'O', 'SINGLE', 'N', '[#8]=[#15]([#8])([c])[c]', '[#7]'), (1, '[#6](=[#8])-[#6]', 'C:2 - C:8', 'C', 'SINGLE', 'C', '[#6]=[#8]', '[#6]')]","[(0, '[#6](=[#8])[#7]-[#6]', 'C:8 - N:9', 'N', 'SINGLE', 'C', '[#6](=[#8])[#7]', '[#6]'), (0, '[#6](=[#8])-[#7]', 'C:2 - N:9', 'C', 'SINGLE', 'N', '[#6]=[#8]', '[#7]')]"
c4,NOP(=O)(c1ccccc1)c1ccccc1.S=C1N[C@@H](Cc2ccccc2)CO1>>NN1C(=S)OC[C@@H]1Cc1ccccc1,NN1C(=S)OC[C@@H]1Cc1ccccc1,[NH2:1][O:17][P:16](=[O:15])([c:18]1[cH:19][cH:20][cH:21][cH:22][cH:23]1)[c:24]1[cH:25][cH:26][cH:27][cH:28][cH:29]1.[NH:2]1[C:3](=[S:4])[O:5][CH2:6][C@@H:7]1[CH2:8][c:9]1[cH:10][cH:11][cH:12][cH:13][cH:14]1>>[NH2:1][N:2]1[C:3](=[S:4])[O:5][CH2:6][C@@H:7]1[CH2:8][c:9]1[cH:10][cH:11][cH:12][cH:13][cH:14]1,"[['N:1 - O:17'], ['N:2 - H']]",[['N:1 - N:2']],[],"[(1, '[#6]1[#8][#6][#7:2][#6]1', 'N:2 - H', 'N', 'SINGLE', 'H', '[#6]1[#8][#6][#7][#6]1', '[H]')]","[(0, '[#7;X3&H1&+0,X3&H2&+0,X3&H0&+0:1][#7;X3&H1&+0,X3&H2&+0,X3&H0&+0:2]', 'N:1 - N:2', 'N', 'SINGLE', 'N')]","[(0, '[#8]=[#15]([#8]-[#7])(c)c', 'N:1 - O:17', 'O', 'SINGLE', 'N', '[#8]=[#15]([#8])([c])[c]', '[#7]')]","[(0, '[#6]1[#8][#6][#7]([#6]1)-[#7]', 'N:1 - N:2', 'N', 'SINGLE', 'N', '[#6]1[#8][#6][#7][#6]1', '[#7]')]"
c4,CC(C)[C@@H]1COC(=S)N1.NOP(=O)(c1ccccc1)c1ccccc1>>CC(C)[C@@H]1COC(=S)N1N,CC(C)[C@@H]1COC(=S)N1N,[CH3:1][CH:2]([CH3:3])[C@@H:4]1[CH2:5][O:6][C:7](=[S:8])[NH:9]1.[NH2:10][O:13][P:12](=[O:11])([c:14]1[cH:15][cH:16][cH:17][cH:18][cH:19]1)[c:20]1[cH:21][cH:22][cH:23][cH:24][cH:25]1>>[CH3:1][CH:2]([CH3:3])[C@@H:4]1[CH2:5][O:6][C:7](=[S:8])[N:9]1[NH2:10],"[['N:9 - H'], ['N:10 - O:13']]",[['N:9 - N:10']],[],"[(0, '[#6]1[#8][#6][#7:2][#6]1', 'N:9 - H', 'N', 'SINGLE', 'H', '[#6]1[#8][#6][#7][#6]1', '[H]')]","[(0, '[#7;X3&H1&+0,X3&H2&+0,X3&H0&+0:1][#7;X3&H1&+0,X3&H2&+0,X3&H0&+0:2]', 'N:9 - N:10', 'N', 'SINGLE', 'N')]","[(1, '[#8]=[#15]([#8]-[#7])(c)c', 'N:10 - O:13', 'O', 'SINGLE', 'N', '[#8]=[#15]([#8])([c])[c]', '[#7]')]","[(0, '[#6]1[#8][#6][#7]([#6]1)-[#7]', 'N:9 - N:10', 'N', 'SINGLE', 'N', '[#6]1[#8][#6][#7][#6]1', '[#7]')]"
c4,COc1ccc(Cc2nccc3ccccc23)cc1.NOP(=O)(c1ccccc1)c1ccccc1>>COc1ccc(Cc2c3ccccc3cc[n+]2N)cc1,COc1ccc(Cc2c3ccccc3cc[n+]2N)cc1,[CH3:1][O:2][c:3]1[cH:4][cH:5][c:6]([CH2:7][c:8]2[c:9]3[cH:10][cH:11][cH:12][cH:13][c:14]3[cH:15][cH:16][n:17]2)[cH:19][cH:20]1.[NH2:18][O:23][P:22](=[O:21])([c:24]1[cH:25][cH:26][cH:27][cH:28][cH:29]1)[c:30]1[cH:31][cH:32][cH:33][cH:34][cH:35]1>>[CH3:1][O:2][c:3]1[cH:4][cH:5][c:6]([CH2:7][c:8]2[c:9]3[cH:10][cH:11][cH:12][cH:13][c:14]3[cH:15][cH:16][n+:17]2[NH2:18])[cH:19][cH:20]1,"[None, ['N:18 - O:23']]",[['N:17 - N:18']],[],[],"[(0, '[N:1][n&+:2]1ccccc1', 'N:17 - N:18', 'N', 'SINGLE', 'N')]","[(1, '[#8]=[#15]([#8]-[#7])(c)c', 'N:18 - O:23', 'O', 'SINGLE', 'N', '[#8]=[#15]([#8])([c])[c]', '[#7]')]","[(0, '[#6]12[#6][#6][#7]([#6][#6]1[#6][#6][#6][#6]2)-[#7]', 'N:17 - N:18', 'N', 'SINGLE', 'N', '[#6]1([#6][#6][#7][#6]2)[#6]2[#6][#6][#6][#6]1', '[#7]')]"
c4,NOP(=O)(c1ccccc1)c1ccccc1.O=Cc1ccc2cccnc2c1>>NC(=O)c1ccc2cccnc2c1,NC(=O)c1ccc2cccnc2c1,[NH2:1][O:16][P:15](=[O:14])([c:17]1[cH:18][cH:19][cH:20][cH:21][cH:22]1)[c:23]1[cH:24][cH:25][cH:26][cH:27][cH:28]1.[CH:2](=[O:3])[c:4]1[cH:5][cH:6][c:7]2[cH:8][cH:9][cH:10][n:11][c:12]2[cH:13]1>>[NH2:1][C:2](=[O:3])[c:4]1[cH:5][cH:6][c:7]2[cH:8][cH:9][cH:10][n:11][c:12]2[cH:13]1,"[['N:1 - O:16'], ['C:2 - H']]",[['C:2 - N:1']],[],"[(1, '[#6&X3&H1:2]=[#8]', 'C:2 - H', 'C', 'SINGLE', 'H', '[#6X3;H1](=[#8])', '[H]')]","[(0, '[#6:1](=[#8])[#7:2]', 'C:2 - N:1', 'C', 'SINGLE', 'N')]","[(0, '[#8]=[#15]([#8]-[#7])(c)c', 'N:1 - O:16', 'O', 'SINGLE', 'N', '[#8]=[#15]([#8])([c])[c]', '[#7]')]","[(0, '[#6](=[#8])-[#7]', 'C:2 - N:1', 'C', 'SINGLE', 'N', '[#6]=[#8]', '[#7]')]"
c4,NOP(=O)(c1ccccc1)c1ccccc1.O=C1CCCCN1c1ccc(N2CCC=C(N3CCOCC3)C2=O)cc1>>N[N+]1(C2=CCCN(c3ccc(N4CCCCC4=O)cc3)C2=O)CCOCC1,N[N+]1(C2=CCCN(c3ccc(N4CCCCC4=O)cc3)C2=O)CCOCC1,[NH2:1][O:30][P:29](=[O:28])([c:31]1[cH:32][cH:33][cH:34][cH:35][cH:36]1)[c:37]1[cH:38][cH:39][cH:40][cH:41][cH:42]1.[N:2]1([C:3]2=[CH:4][CH2:5][CH2:6][N:7]([c:8]3[cH:9][cH:10][c:11]([N:12]4[CH2:13][CH2:14][CH2:15][CH2:16][C:17]4=[O:18])[cH:19][cH:20]3)[C:21]2=[O:22])[CH2:23][CH2:24][O:25][CH2:26][CH2:27]1>>[NH2:1][N+:2]1([C:3]2=[CH:4][CH2:5][CH2:6][N:7]([c:8]3[cH:9][cH:10][c:11]([N:12]4[CH2:13][CH2:14][CH2:15][CH2:16][C:17]4=[O:18])[cH:19][cH:20]3)[C:21]2=[O:22])[CH2:23][CH2:24][O:25][CH2:26][CH2:27]1,"[['N:1 - O:30'], None]",[['N:1 - N:2']],[],[],"[(0, '[#6][#7&+:1]([#7:2])([#6])[#6]', 'N:1 - N:2', 'N', 'SINGLE', 'N')]","[(0, '[#8]=[#15]([#8]-[#7])(c)c', 'N:1 - O:30', 'O', 'SINGLE', 'N', '[#8]=[#15]([#8])([c])[c]', '[#7]')]","[(0, '[#7]1([#6][#6][#8][#6][#6]1)-[#7]', 'N:1 - N:2', 'N', 'SINGLE', 'N', '[#7]1[#6][#6][#8][#6][#6]1', '[#7]')]"
c4,NOP(=O)(c1ccccc1)c1ccccc1.c1ccc(Cc2ncc[nH]2)cc1>>Nn1cc[n+](N)c1Cc1ccccc1,Nn1cc[n+](N)c1Cc1ccccc1,[NH2:14][O:15][P:16]([c:17]1[cH:18][cH:19][cH:20][cH:21][cH:22]1)([c:23]1[cH:24][cH:25][cH:26][cH:27][cH:28]1)=[O:29].[NH2:1][O:30][P:31]([c:32]1[cH:33][cH:34][cH:35][cH:36][cH:37]1)([c:38]1[cH:39][cH:40][cH:41][cH:42][cH:43]1)=[O:44].[n:2]1[cH:3][cH:4][nH:5][c:6]1[CH2:7][c:8]1[cH:9][cH:10][cH:11][cH:12][cH:13]1>>[NH2:1][n+:2]1[cH:3][cH:4][n:5]([NH2:14])[c:6]1[CH2:7][c:8]1[cH:9][cH:10][cH:11][cH:12][cH:13]1,"[['N:14 - O:15'], ['N:1 - O:30'], ['N:5 - H']]","[['N:5 - N:14', 'N:1 - N:2']]",[],"[(2, '[#7]1[#6][#7:2][#6][#6]1', 'N:5 - H', 'N', 'SINGLE', 'H', '[#7]1[#6][#7][#6][#6]1', '[H]')]","[(0, '[#7;X3&H1&+0,X3&H2&+0,X3&H0&+0:1][#7;X3&H1&+0,X3&H2&+0,X3&H0&+0:2]', 'N:5 - N:14', 'N', 'SINGLE', 'N')]","[(0, '[#8]=[#15]([#8]-[#7])(c)c', 'N:14 - O:15', 'O', 'SINGLE', 'N', '[#8]=[#15]([#8])([c])[c]', '[#7]'), (1, '[#8]=[#15]([#8]-[#7])(c)c', 'N:1 - O:30', 'O', 'SINGLE', 'N', '[#8]=[#15]([#8])([c])[c]', '[#7]')]","[(0, '[#7]1([#6][#7][#6][#6]1)-[#7]', 'N:5 - N:14', 'N', 'SINGLE', 'N', '[#7]1[#6][#7][#6][#6]1', '[#7]'), (0, '[#7]1([#6][#7][#6][#6]1)-[#7]', 'N:1 - N:2', 'N', 'SINGLE', 'N', '[#7]1[#6][#7][#6][#6]1', '[#7]')]"
c4,CC(C)(C)OC(=O)N1CC2(CCNCC2)C1.NOP(=O)(c1ccccc1)c1ccccc1>>CC(C)(C)OC(=O)N1CC2(CCN(N)CC2)C1,CC(C)(C)OC(=O)N1CC2(CCN(N)CC2)C1,[CH3:1][C:2]([CH3:3])([CH3:4])[O:5][C:6](=[O:7])[N:8]1[CH2:9][C:10]2([CH2:11][CH2:12][NH:13][CH2:15][CH2:16]2)[CH2:17]1.[NH2:14][O:20][P:19](=[O:18])([c:21]1[cH:22][cH:23][cH:24][cH:25][cH:26]1)[c:27]1[cH:28][cH:29][cH:30][cH:31][cH:32]1>>[CH3:1][C:2]([CH3:3])([CH3:4])[O:5][C:6](=[O:7])[N:8]1[CH2:9][C:10]2([CH2:11][CH2:12][N:13]([NH2:14])[CH2:15][CH2:16]2)[CH2:17]1,"[['N:13 - H'], ['N:14 - O:20']]",[['N:13 - N:14']],[],"[(0, '[#6]1[#6][#7:2][#6][#6][#6]12[#6][#7][#6]2', 'N:13 - H', 'N', 'SINGLE', 'H', '[#6]1[#6][#7][#6][#6][#6]12[#6][#7][#6]2', '[H]')]","[(0, '[#7;X3&H1&+0,X3&H2&+0,X3&H0&+0:1][#7;X3&H1&+0,X3&H2&+0,X3&H0&+0:2]', 'N:13 - N:14', 'N', 'SINGLE', 'N')]","[(1, '[#8]=[#15]([#8]-[#7])(c)c', 'N:14 - O:20', 'O', 'SINGLE', 'N', '[#8]=[#15]([#8])([c])[c]', '[#7]')]","[(0, '[#6]1[#6][#7]([#6][#6][#6]12[#6][#7][#6]2)-[#7]', 'N:13 - N:14', 'N', 'SINGLE', 'N', '[#6]1[#6][#7][#6][#6][#6]12[#6][#7][#6]2', '[#7]')]"
c4,Cn1cnnc1.NOP(=O)(c1ccccc1)c1ccccc1>>Cn1cn[n+](N)c1,Cn1cn[n+](N)c1,[CH3:1][n:2]1[cH:3][n:4][n:5][cH:7]1.[NH2:6][O:10][P:9](=[O:8])([c:11]1[cH:12][cH:13][cH:14][cH:15][cH:16]1)[c:17]1[cH:18][cH:19][cH:20][cH:21][cH:22]1>>[CH3:1][n:2]1[cH:3][n:4][n+:5]([NH2:6])[cH:7]1,"[None, ['N:6 - O:10']]",[['N:5 - N:6']],[],[],[],"[(1, '[#8]=[#15]([#8]-[#7])(c)c', 'N:6 - O:10', 'O', 'SINGLE', 'N', '[#8]=[#15]([#8])([c])[c]', '[#7]')]","[(0, '[#7]-[#7]', 'N:5 - N:6', 'N', 'SINGLE', 'N', '[#7]', '[#7]')]"
c4,Cc1nc2ccccc2[nH]1.NOP(=O)(c1ccccc1)c1ccccc1>>Cc1n(N)c2ccccc2[n+]1N,Cc1n(N)c2ccccc2[n+]1N,[CH3:1][c:2]1[n:3][c:4]2[cH:5][cH:6][cH:7][cH:8][c:9]2[nH:10]1.[NH2:11][O:13][P:14]([c:15]1[cH:16][cH:17][cH:18][cH:19][cH:20]1)([c:21]1[cH:22][cH:23][cH:24][cH:25][cH:26]1)=[O:27].[NH2:12][O:28][P:29]([c:30]1[cH:31][cH:32][cH:33][cH:34][cH:35]1)([c:36]1[cH:37][cH:38][cH:39][cH:40][cH:41]1)=[O:42]>>[CH3:1][c:2]1[n+:3]([NH2:11])[c:4]2[cH:5][cH:6][cH:7][cH:8][c:9]2[n:10]1[NH2:12],"[['N:10 - H'], ['N:11 - O:13'], ['N:12 - O:28']]","[['N:10 - N:12', 'N:3 - N:11']]",[],"[(0, 'c12nc[n:2]c1cccc2', 'N:10 - H', 'N', 'SINGLE', 'H', '[c]1([n][c][n]2)[c]2[c][c][c][c]1', '[H]')]","[(0, '[#7;X3&H1&+0,X3&H2&+0,X3&H0&+0:1][#7;X3&H1&+0,X3&H2&+0,X3&H0&+0:2]', 'N:10 - N:12', 'N', 'SINGLE', 'N')]","[(1, '[#8]=[#15]([#8]-[#7])(c)c', 'N:11 - O:13', 'O', 'SINGLE', 'N', '[#8]=[#15]([#8])([c])[c]', '[#7]'), (2, '[#8]=[#15]([#8]-[#7])(c)c', 'N:12 - O:28', 'O', 'SINGLE', 'N', '[#8]=[#15]([#8])([c])[c]', '[#7]')]","[(0, '[#7]1([#6][#7][#6][#6]1)-[#7]', 'N:10 - N:12', 'N', 'SINGLE', 'N', '[#7]1[#6][#7][#6][#6]1', '[#7]'), (0, '[#7]1([#6][#7][#6][#6]1)-[#7]', 'N:3 - N:11', 'N', 'SINGLE', 'N', '[#7]1[#6][#7][#6][#6]1', '[#7]')]"
c4,NOP(=O)(c1ccccc1)c1ccccc1.O=C(O)C1CCN(Cc2ccccn2)CC1>>N[n+]1ccccc1CN1CCC(C(=O)O)CC1,N[n+]1ccccc1CN1CCC(C(=O)O)CC1,[NH2:1][O:20][P:19](=[O:18])([c:21]1[cH:22][cH:23][cH:24][cH:25][cH:26]1)[c:27]1[cH:28][cH:29][cH:30][cH:31][cH:32]1.[n:2]1[cH:3][cH:4][cH:5][cH:6][c:7]1[CH2:8][N:9]1[CH2:10][CH2:11][CH:12]([C:13](=[O:14])[OH:15])[CH2:16][CH2:17]1>>[NH2:1][n+:2]1[cH:3][cH:4][cH:5][cH:6][c:7]1[CH2:8][N:9]1[CH2:10][CH2:11][CH:12]([C:13](=[O:14])[OH:15])[CH2:16][CH2:17]1,"[['N:1 - O:20'], None]",[['N:1 - N:2']],[],[],"[(0, '[N:1][n&+:2]1ccccc1', 'N:1 - N:2', 'N', 'SINGLE', 'N')]","[(0, '[#8]=[#15]([#8]-[#7])(c)c', 'N:1 - O:20', 'O', 'SINGLE', 'N', '[#8]=[#15]([#8])([c])[c]', '[#7]')]","[(0, '[#6]1[#6][#6][#7]([#6][#6]1)-[#7]', 'N:1 - N:2', 'N', 'SINGLE', 'N', '[#6]1[#6][#6][#7][#6][#6]1', '[#7]')]"
c4,Cc1ccc(S(=O)(=O)N2CC(=O)C2)cc1.NOP(=O)(c1ccccc1)c1ccccc1>>Cc1ccc(S(=O)(=O)[N+]2(N)CC(=O)C2)cc1,Cc1ccc(S(=O)(=O)[N+]2(N)CC(=O)C2)cc1,[CH3:1][c:2]1[cH:3][cH:4][c:5]([S:6](=[O:7])(=[O:8])[N:9]2[CH2:11][C:12](=[O:13])[CH2:14]2)[cH:15][cH:16]1.[NH2:10][O:19][P:18](=[O:17])([c:20]1[cH:21][cH:22][cH:23][cH:24][cH:25]1)[c:26]1[cH:27][cH:28][cH:29][cH:30][cH:31]1>>[CH3:1][c:2]1[cH:3][cH:4][c:5]([S:6](=[O:7])(=[O:8])[N+:9]2([NH2:10])[CH2:11][C:12](=[O:13])[CH2:14]2)[cH:15][cH:16]1,"[None, ['N:10 - O:19']]",[['N:9 - N:10']],[],[],"[(0, '[#16&v6](=[#8])(=[#8])[#7;H1,H0:1][#7;X3&H1&+0,X3&H2&+0,X3&H0&+0:2]', 'N:9 - N:10', 'N', 'SINGLE', 'N')]","[(1, '[#8]=[#15]([#8]-[#7])(c)c', 'N:10 - O:19', 'O', 'SINGLE', 'N', '[#8]=[#15]([#8])([c])[c]', '[#7]')]","[(0, '[#6]1[#6][#7]([#6]1)-[#7]', 'N:9 - N:10', 'N', 'SINGLE', 'N', '[#6]1[#6][#7][#6]1', '[#7]')]"
c4,NOP(=O)(c1ccccc1)c1ccccc1.O=c1[nH]cnc2ccncc12>>Nn1cnc2ccncc2c1=O,Nn1cnc2ccncc2c1=O,[NH2:1]OP(c1ccccc1)(c2ccccc2)=O.[O:12]=[C:11]3[C:10]4=[C:5]([CH:6]=[CH:7][N:8]=[CH:9]4)[N:4]=[CH:3][NH:2]3>>[NH2:1][N:2]5[CH:3]=[N:4][C:5]6=[C:10]([C:11]5=[O:12])[CH:9]=[N:8][CH:7]=[CH:6]6,"[['N:1 - O:15'], ['N:2 - H']]",[['N:1 - N:2']],[],"[(1, 'c12ccncc1c[n:2]cn2', 'N:2 - H', 'N', 'SINGLE', 'H', '[c]1([c][c][n][c]2)[c]2[c][n][c][n]1', '[H]')]","[(0, '[#6&X3](=[#8])[#7;H1,H0:1][#7;X3&H1&+0,X3&H2&+0,X3&H0&+0:2]', 'N:1 - N:2', 'N', 'SINGLE', 'N')]",[],"[(0, '[#6](=[#8])[#7]-[#7]', 'N:1 - N:2', 'N', 'SINGLE', 'N', '[#6](=[#8])[#7]', '[#7]')]"
c4,NOP(=O)(c1ccccc1)c1ccccc1.O=C(O)c1ccn2nccc2c1>>N[n+]1ccc2cc(C(=O)O)ccn21,N[n+]1ccc2cc(C(=O)O)ccn21,[NH2:1][O:16][P:15](=[O:14])([c:17]1[cH:18][cH:19][cH:20][cH:21][cH:22]1)[c:23]1[cH:24][cH:25][cH:26][cH:27][cH:28]1.[n:2]1[cH:3][cH:4][c:5]2[cH:6][c:7]([C:8](=[O:9])[OH:10])[cH:11][cH:12][n:13]12>>[NH2:1][n+:2]1[cH:3][cH:4][c:5]2[cH:6][c:7]([C:8](=[O:9])[OH:10])[cH:11][cH:12][n:13]12,"[['N:1 - O:16'], None]",[['N:1 - N:2']],[],[],[],"[(0, '[#8]=[#15]([#8]-[#7])(c)c', 'N:1 - O:16', 'O', 'SINGLE', 'N', '[#8]=[#15]([#8])([c])[c]', '[#7]')]","[(0, '[#7]12[#7]([#6][#6][#6]1[#6][#6][#6][#6]2)-[#7]', 'N:1 - N:2', 'N', 'SINGLE', 'N', '[#7]1([#7][#6][#6]2)[#6]2[#6][#6][#6][#6]1', '[#7]')]"
c4,NOP(=O)(c1ccccc1)c1ccccc1.O=c1[nH]cnc2cccnc12>>Nn1cnc2cccnc2c1=O,Nn1cnc2cccnc2c1=O,[NH2:1]OP(c1ccccc1)(c2ccccc2)=O.[O:12]=[C:11]3[C:10]4=[C:5]([CH:6]=[CH:7][CH:8]=[N:9]4)[N:4]=[CH:3][NH:2]3>>[NH2:1][N:2]5[CH:3]=[N:4][C:5]6=[C:10]([C:11]5=[O:12])[N:9]=[CH:8][CH:7]=[CH:6]6,"[['N:1 - O:15'], ['N:2 - H']]",[['N:1 - N:2']],[],"[(1, 'c12cccnc1c[n:2]cn2', 'N:2 - H', 'N', 'SINGLE', 'H', '[c]1([c][c][c][n]2)[c]2[c][n][c][n]1', '[H]')]","[(0, '[#6&X3](=[#8])[#7;H1,H0:1][#7;X3&H1&+0,X3&H2&+0,X3&H0&+0:2]', 'N:1 - N:2', 'N', 'SINGLE', 'N')]",[],"[(0, '[#6](=[#8])[#7]-[#7]', 'N:1 - N:2', 'N', 'SINGLE', 'N', '[#6](=[#8])[#7]', '[#7]')]"
c4,NOP(=O)(c1ccccc1)c1ccccc1.O=c1cc[nH]c2ccnn12>>Nn1ccc(=O)n2nccc12,Nn1ccc(=O)n2nccc12,[NH2:1]OP(c1ccccc1)(c2ccccc2)=O.[O:6]=[C:5]3[CH:4]=[CH:3][NH:2][C:11]4=[CH:10][CH:9]=[N:8][N:7]34>>[NH2:1][N:2]5[CH:3]=[CH:4][C:5]([N:7]6[N:8]=[CH:9][CH:10]=[C:11]56)=[O:6],"[['N:1 - O:14'], ['N:2 - H']]",[['N:1 - N:2']],[],"[(1, '[#7]12[#7][#6][#6][#6]1[#7:2][#6][#6][#6]2', 'N:2 - H', 'N', 'SINGLE', 'H', '[#7]1([#7][#6][#6]2)[#6]2[#7][#6][#6][#6]1', '[H]')]","[(0, '[#7;X3&H1&+0,X3&H2&+0,X3&H0&+0:1][#7;X3&H1&+0,X3&H2&+0,X3&H0&+0:2]', 'N:1 - N:2', 'N', 'SINGLE', 'N')]",[],"[(0, '[#7]12[#7][#6][#6][#6]1[#7]([#6][#6][#6]2)-[#7]', 'N:1 - N:2', 'N', 'SINGLE', 'N', '[#7]1([#7][#6][#6]2)[#6]2[#7][#6][#6][#6]1', '[#7]')]"
c4,NOP(=O)(c1ccccc1)c1ccccc1.OB(O)c1ccncc1>>N[n+]1ccc(B(O)O)cc1,N[n+]1ccc(B(O)O)cc1,[NH2:1][O:13][P:12](=[O:11])([c:14]1[cH:15][cH:16][cH:17][cH:18][cH:19]1)[c:20]1[cH:21][cH:22][cH:23][cH:24][cH:25]1.[n:2]1[cH:3][cH:4][c:5]([B:6]([OH:7])[OH:8])[cH:9][cH:10]1>>[NH2:1][n+:2]1[cH:3][cH:4][c:5]([B:6]([OH:7])[OH:8])[cH:9][cH:10]1,"[['N:1 - O:13'], None]",[['N:1 - N:2']],[],[],"[(0, '[N:1][n&+:2]1ccccc1', 'N:1 - N:2', 'N', 'SINGLE', 'N')]","[(0, '[#8]=[#15]([#8]-[#7])(c)c', 'N:1 - O:13', 'O', 'SINGLE', 'N', '[#8]=[#15]([#8])([c])[c]', '[#7]')]","[(0, '[#6]1[#6][#6][#7]([#6][#6]1)-[#7]', 'N:1 - N:2', 'N', 'SINGLE', 'N', '[#6]1[#6][#6][#7][#6][#6]1', '[#7]')]"
c4,NOP(=O)(c1ccccc1)c1ccccc1.c1ccc(-c2nnn[nH]2)cc1>>Nn1nnnc1-c1ccccc1,Nn1nnnc1-c1ccccc1,[NH2:1][O:15][P:14](=[O:13])([c:16]1[cH:17][cH:18][cH:19][cH:20][cH:21]1)[c:22]1[cH:23][cH:24][cH:25][cH:26][cH:27]1.[nH:2]1[n:3][n:4][n:5][c:6]1-[c:7]1[cH:8][cH:9][cH:10][cH:11][cH:12]1>>[NH2:1][n:2]1[n:3][n:4][n:5][c:6]1-[c:7]1[cH:8][cH:9][cH:10][cH:11][cH:12]1,"[['N:1 - O:15'], ['N:2 - H']]",[['N:1 - N:2']],[],"[(1, 'n1nnc[n:2]1', 'N:2 - H', 'N', 'SINGLE', 'H', 'n1nncn1', '[H]')]","[(0, '[#7;X3&H1&+0,X3&H2&+0,X3&H0&+0:1][#7;X3&H1&+0,X3&H2&+0,X3&H0&+0:2]', 'N:1 - N:2', 'N', 'SINGLE', 'N')]","[(0, '[#8]=[#15]([#8]-[#7])(c)c', 'N:1 - O:15', 'O', 'SINGLE', 'N', '[#8]=[#15]([#8])([c])[c]', '[#7]')]","[(0, '[#7]-[#7]', 'N:1 - N:2', 'N', 'SINGLE', 'N', '[#7]', '[#7]')]"
c4,NOP(=O)(c1ccccc1)c1ccccc1.O=c1[nH]ccc2nccn12>>Nn1ccc2nccn2c1=O,Nn1ccc2nccn2c1=O,[NH2:1][O:14][P:13](=[O:12])([c:15]1[cH:16][cH:17][cH:18][cH:19][cH:20]1)[c:21]1[cH:22][cH:23][cH:24][cH:25][cH:26]1.[nH:2]1[cH:3][cH:4][c:5]2[n:6][cH:7][cH:8][n:9]2[c:10]1=[O:11]>>[NH2:1][n:2]1[cH:3][cH:4][c:5]2[n:6][cH:7][cH:8][n:9]2[c:10]1=[O:11],"[['N:1 - O:14'], ['N:2 - H']]",[['N:1 - N:2']],[],"[(1, '[#6]1[#6]([#7][#6](=[#8])[#7:2][#6]1)[#7]', 'N:2 - H', 'N', 'SINGLE', 'H', '[#6]1[#6]([#7][#6](=[#8])[#7][#6]1)[#7]', '[H]')]","[(0, '[#6&X3](=[#8])[#7;H1,H0:1][#7;X3&H1&+0,X3&H2&+0,X3&H0&+0:2]', 'N:1 - N:2', 'N', 'SINGLE', 'N')]","[(0, '[#8]=[#15]([#8]-[#7])(c)c', 'N:1 - O:14', 'O', 'SINGLE', 'N', '[#8]=[#15]([#8])([c])[c]', '[#7]')]","[(0, '[#6]1[#6]([#7][#6](=[#8])[#7]([#6]1)-[#7])[#7]', 'N:1 - N:2', 'N', 'SINGLE', 'N', '[#6]1[#6]([#7][#6](=[#8])[#7][#6]1)[#7]', '[#7]')]"
c4,NOP(=O)(c1ccccc1)c1ccccc1.OCc1ccccc1N1CCN(Cc2ccccc2)CC1>>NOCc1ccccc1N1CCN(Cc2ccccc2)CC1,NOCc1ccccc1N1CCN(Cc2ccccc2)CC1,[NH2:1]OP(c1ccccc1)(c2ccccc2)=O.[OH:22][CH2:2][c:3]3[c:8]([N:9]4[CH2:10][CH2:11][N:12]([CH2:20][CH2:21]4)[CH2:13][c:14]5[cH:19][cH:18][cH:17][cH:16][cH:15]5)[cH:7][cH:6][cH:5][cH:4]3>>[NH2:1][O:22][CH2:2][c:3]6[c:8]([N:9]7[CH2:10][CH2:11][N:12]([CH2:20][CH2:21]7)[CH2:13][c:14]8[cH:19][cH:18][cH:17][cH:16][cH:15]8)[cH:7][cH:6][cH:5][cH:4]6,"[['O:2 - P:24'], ['C:3 - O:37']]",[['C:3 - O:2']],[],[],"[(0, 'c1cccc[c:1]1[#6&X4:2]', 'C:3 - O:2', 'C', 'SINGLE', 'O')]",[],"[(0, '[#6]-c1ccccc1[#7&!a;X4&H1&+,X4&H2&+,X4&H3&+,X3&H1&+0,X3&H0&+0,X3&H2&+0;!$([#7][!#6])]', 'C:3 - O:2', 'C', 'SINGLE', 'C', '[#6]', '[c]1[c][c][c][c][c]1[#7;!a;X4H+,X4H2+,X4H3+,X3H+0,X3H0+0,X3H2+0;!$([#7][!#6])]')]"
c4,CN1CCN(C)C(C(=O)O)C1.NOP(=O)(c1ccccc1)c1ccccc1>>CN1CC[N+](C)(N)CC1C(=O)O,CN1CC[N+](C)(N)CC1C(=O)O,[CH3:1][N:2]1[CH2:3][CH2:4][N:5]([CH3:6])[CH2:8][CH:9]1[C:10](=[O:11])[OH:12].[NH2:7][O:15][P:14](=[O:13])([c:16]1[cH:17][cH:18][cH:19][cH:20][cH:21]1)[c:22]1[cH:23][cH:24][cH:25][cH:26][cH:27]1>>[CH3:1][N:2]1[CH2:3][CH2:4][N+:5]([CH3:6])([NH2:7])[CH2:8][CH:9]1[C:10](=[O:11])[OH:12],"[None, ['N:7 - O:15']]",[['N:5 - N:7']],[],[],"[(0, '[#6][#7&+:1]([#7:2])([#6])[#6]', 'N:5 - N:7', 'N', 'SINGLE', 'N')]","[(1, '[#8]=[#15]([#8]-[#7])(c)c', 'N:7 - O:15', 'O', 'SINGLE', 'N', '[#8]=[#15]([#8])([c])[c]', '[#7]')]","[(0, 'N1(CCNCC1)-[#7]', 'N:5 - N:7', 'N', 'SINGLE', 'N', '[N]1[C][C][N][C][C]1', '[#7]')]"
c4,NOP(=O)(c1ccccc1)c1ccccc1.O=CC(C=O)c1ccncc1>>N[n+]1ccc(C(C=O)C=O)cc1,N[n+]1ccc(C(C=O)C=O)cc1,[NH2:1][O:15][P:14](=[O:13])([c:16]1[cH:17][cH:18][cH:19][cH:20][cH:21]1)[c:22]1[cH:23][cH:24][cH:25][cH:26][cH:27]1.[n:2]1[cH:3][cH:4][c:5]([CH:6]([CH:7]=[O:8])[CH:9]=[O:10])[cH:11][cH:12]1>>[NH2:1][n+:2]1[cH:3][cH:4][c:5]([CH:6]([CH:7]=[O:8])[CH:9]=[O:10])[cH:11][cH:12]1,"[['N:1 - O:15'], None]",[['N:1 - N:2']],[],[],"[(0, '[N:1][n&+:2]1ccccc1', 'N:1 - N:2', 'N', 'SINGLE', 'N')]","[(0, '[#8]=[#15]([#8]-[#7])(c)c', 'N:1 - O:15', 'O', 'SINGLE', 'N', '[#8]=[#15]([#8])([c])[c]', '[#7]')]","[(0, '[#6]1[#6][#6][#7]([#6][#6]1)-[#7]', 'N:1 - N:2', 'N', 'SINGLE', 'N', '[#6]1[#6][#6][#7][#6][#6]1', '[#7]')]"
c4,NOP(=O)(c1ccccc1)c1ccccc1.c1ncc2[nH]cnc2n1>>Nn1c[n+](N)c2ncncc21,Nn1c[n+](N)c2ncncc21,[NH2:11][O:12][P:13]([c:14]1[cH:15][cH:16][cH:17][cH:18][cH:19]1)([c:20]1[cH:21][cH:22][cH:23][cH:24][cH:25]1)=[O:26].[NH2:1][O:27][P:28]([c:29]1[cH:30][cH:31][cH:32][cH:33][cH:34]1)([c:35]1[cH:36][cH:37][cH:38][cH:39][cH:40]1)=[O:41].[n:2]1[c:3]2[n:4][cH:5][nH:6][c:7]2[cH:8][n:9][cH:10]1>>[NH2:1][n+:4]1[c:3]2[n:2][cH:10][n:9][cH:8][c:7]2[n:6]([NH2:11])[cH:5]1,"[['N:11 - O:12'], ['N:1 - O:27'], ['N:6 - H']]","[['N:1 - N:4', 'N:6 - N:11']]",[],"[(2, 'c12nc[n:2]c1cncn2', 'N:6 - H', 'N', 'SINGLE', 'H', '[c]1([n][c][n]2)[c]2[c][n][c][n]1', '[H]')]","[(0, '[#7;X3&H1&+0,X3&H2&+0,X3&H0&+0:1][#7;X3&H1&+0,X3&H2&+0,X3&H0&+0:2]', 'N:6 - N:11', 'N', 'SINGLE', 'N')]","[(0, '[#8]=[#15]([#8]-[#7])(c)c', 'N:11 - O:12', 'O', 'SINGLE', 'N', '[#8]=[#15]([#8])([c])[c]', '[#7]'), (1, '[#8]=[#15]([#8]-[#7])(c)c', 'N:1 - O:27', 'O', 'SINGLE', 'N', '[#8]=[#15]([#8])([c])[c]', '[#7]')]","[(0, '[#7]1([#6][#7][#6][#6]1)-[#7]', 'N:1 - N:4', 'N', 'SINGLE', 'N', '[#7]1[#6][#7][#6][#6]1', '[#7]'), (0, '[#7]1([#6][#7][#6][#6]1)-[#7]', 'N:6 - N:11', 'N', 'SINGLE', 'N', '[#7]1[#6][#7][#6][#6]1', '[#7]')]"
c4,Cn1cnc(N)c2ncnc1-2.NOP(=O)(c1ccccc1)c1ccccc1>>Cn1cnc(N)c2[n+](N)cnc1-2,Cn1cnc(N)c2[n+](N)cnc1-2,[CH3:1][n:2]1[cH:3][n:4][c:5]([NH2:6])[c:7]2[n:8][cH:10][n:11][c:12]1-2.[NH2:9][O:15][P:14](=[O:13])([c:16]1[cH:17][cH:18][cH:19][cH:20][cH:21]1)[c:22]1[cH:23][cH:24][cH:25][cH:26][cH:27]1>>[CH3:1][n:2]1[cH:3][n:4][c:5]([NH2:6])[c:7]2[n+:8]([NH2:9])[cH:10][n:11][c:12]1-2,"[None, ['N:9 - O:15']]",[['N:8 - N:9']],[],[],[],"[(1, '[#8]=[#15]([#8]-[#7])(c)c', 'N:9 - O:15', 'O', 'SINGLE', 'N', '[#8]=[#15]([#8])([c])[c]', '[#7]')]","[(0, '[#7]1([#6][#7][#6][#6]1)-[#7]', 'N:8 - N:9', 'N', 'SINGLE', 'N', '[#7]1[#6][#7][#6][#6]1', '[#7]')]"
c4,NOP(=O)(c1ccccc1)c1ccccc1.O=[PH](c1cccc2ccccc12)c1cccc2ccccc12>>NP(=O)(c1cccc2ccccc12)c1cccc2ccccc12,NP(=O)(c1cccc2ccccc12)c1cccc2ccccc12,[NH2:1][O:26][P:25](=[O:24])([c:27]1[cH:28][cH:29][cH:30][cH:31][cH:32]1)[c:33]1[cH:34][cH:35][cH:36][cH:37][cH:38]1.[PH:2](=[O:3])([c:4]1[cH:5][cH:6][cH:7][c:8]2[cH:9][cH:10][cH:11][cH:12][c:13]12)[c:14]1[cH:15][cH:16][cH:17][c:18]2[cH:19][cH:20][cH:21][cH:22][c:23]12>>[NH2:1][P:2](=[O:3])([c:4]1[cH:5][cH:6][cH:7][c:8]2[cH:9][cH:10][cH:11][cH:12][c:13]12)[c:14]1[cH:15][cH:16][cH:17][c:18]2[cH:19][cH:20][cH:21][cH:22][c:23]12,"[['N:1 - O:26'], ['P:2 - H']]",[['N:1 - P:2']],[],"[(1, '[#8]=[#15:2]([#6])[#6]', 'P:2 - H', 'P', 'SINGLE', 'H', '[#8]=[#15]([#6])[#6]', '[H]')]","[(0, '[#8]=[#15:1]([#7:2])([#6])[#6]', 'N:1 - P:2', 'N', 'SINGLE', 'P')]","[(0, '[#8]=[#15]([#8]-[#7])(c)c', 'N:1 - O:26', 'O', 'SINGLE', 'N', '[#8]=[#15]([#8])([c])[c]', '[#7]')]","[(0, '[#8]=[#15]([#6])([#6])-[#7]', 'N:1 - P:2', 'P', 'SINGLE', 'N', '[#8]=[#15]([#6])[#6]', '[#7]')]"
c4,Clc1cccc2cn[nH]c12.NOP(=O)(c1ccccc1)c1ccccc1>>Nn1ncc2cccc(Cl)c21,Nn1ncc2cccc(Cl)c21,[nH:2]1[n:3][cH:4][c:5]2[cH:6][cH:7][cH:8][c:9]([Cl:10])[c:11]12.[NH2:1][O:14][P:13](=[O:12])([c:15]1[cH:16][cH:17][cH:18][cH:19][cH:20]1)[c:21]1[cH:22][cH:23][cH:24][cH:25][cH:26]1>>[NH2:1][n:2]1[n:3][cH:4][c:5]2[cH:6][cH:7][cH:8][c:9]([Cl:10])[c:11]12,"[['N:2 - H'], ['N:1 - O:14']]",[['N:1 - N:2']],[],"[(0, 'c12[n:2]ncc1cccc2', 'N:2 - H', 'N', 'SINGLE', 'H', '[c]1([n][n][c]2)[c]2[c][c][c][c]1', '[H]')]","[(0, '[#7;X3&H1&+0,X3&H2&+0,X3&H0&+0:1][#7;X3&H1&+0,X3&H2&+0,X3&H0&+0:2]', 'N:1 - N:2', 'N', 'SINGLE', 'N')]","[(1, '[#8]=[#15]([#8]-[#7])(c)c', 'N:1 - O:14', 'O', 'SINGLE', 'N', '[#8]=[#15]([#8])([c])[c]', '[#7]')]","[(0, '[#6]1[#7]([#7][#6][#6]1)-[#7]', 'N:1 - N:2', 'N', 'SINGLE', 'N', '[#6]1[#7][#7][#6][#6]1', '[#7]')]"
c4,NOP(=O)(c1ccccc1)c1ccccc1.O=C1CCC2(CC1)COC2>>O=C1CCC2(CCN1)COC2,O=C1CCC2(CCN1)COC2,[NH2:8][O:14][P:13](=[O:12])([c:15]1[cH:16][cH:17][cH:18][cH:19][cH:20]1)[c:21]1[cH:22][cH:23][cH:24][cH:25][cH:26]1.[O:1]=[C:2]1[CH2:3][CH2:4][C:5]2([CH2:6][CH2:7]1)[CH2:9][O:10][CH2:11]2>>[O:1]=[C:2]1[CH2:3][CH2:4][C:5]2([CH2:6][CH2:7][NH:8]1)[CH2:9][O:10][CH2:11]2,"[['N:8 - O:14', 'N:8 - H'], ['C:2 - C:7']]","[['C:7 - N:8', 'C:2 - N:8']]",[],"[(0, '[#7:2]', 'N:8 - H', 'N', 'SINGLE', 'H', '[#7]', '[H]'), (1, '[#6]1[#6][#6:1][#6:2][#6][#6]12[#6][#8][#6]2', 'C:2 - C:7', 'C', 'SINGLE', 'C')]","[(0, '[#7&X3&H1:1]([#6:2])[#6]', 'C:7 - N:8', 'C', 'SINGLE', 'N'), (0, '[#6:1](=[#8])[#7:2]', 'C:2 - N:8', 'C', 'SINGLE', 'N')]","[(0, '[#8]=[#15]([#8]-[#7])(c)c', 'N:8 - O:14', 'O', 'SINGLE', 'N', '[#8]=[#15]([#8])([c])[c]', '[#7]'), (1, '[#6](=[#8])-[#6]', 'C:2 - C:7', 'C', 'SINGLE', 'C', '[#6]=[#8]', '[#6]')]","[(0, '[#6](=[#8])[#7]-[#6]', 'C:7 - N:8', 'N', 'SINGLE', 'C', '[#6](=[#8])[#7]', '[#6]'), (0, '[#6](=[#8])-[#7]', 'C:2 - N:8', 'C', 'SINGLE', 'N', '[#6]=[#8]', '[#7]')]"
c4,NOP(=O)(c1ccccc1)c1ccccc1.O=C1C(N2CCOCC2)=CCCN1c1ccc(I)cc1>>N[N+]1(c2ccc(I)cc2)CCC=C(N2CCOCC2)C1=O,N[N+]1(c2ccc(I)cc2)CCC=C(N2CCOCC2)C1=O,[NH2:1][O:24][P:23](=[O:22])([c:25]1[cH:26][cH:27][cH:28][cH:29][cH:30]1)[c:31]1[cH:32][cH:33][cH:34][cH:35][cH:36]1.[N:2]1([c:3]2[cH:4][cH:5][c:6]([I:7])[cH:8][cH:9]2)[CH2:10][CH2:11][CH:12]=[C:13]([N:14]2[CH2:15][CH2:16][O:17][CH2:18][CH2:19]2)[C:20]1=[O:21]>>[NH2:1][N+:2]1([c:3]2[cH:4][cH:5][c:6]([I:7])[cH:8][cH:9]2)[CH2:10][CH2:11][CH:12]=[C:13]([N:14]2[CH2:15][CH2:16][O:17][CH2:18][CH2:19]2)[C:20]1=[O:21],"[['N:1 - O:24'], None]",[['N:1 - N:2']],[],[],"[(0, '[#6&X3](=[#8])[#7;H1,H0:1][#7;X3&H1&+0,X3&H2&+0,X3&H0&+0:2]', 'N:1 - N:2', 'N', 'SINGLE', 'N')]","[(0, '[#8]=[#15]([#8]-[#7])(c)c', 'N:1 - O:24', 'O', 'SINGLE', 'N', '[#8]=[#15]([#8])([c])[c]', '[#7]')]","[(0, '[#6]1=[#6][#6][#7]([#6][#6]1)-[#7]', 'N:1 - N:2', 'N', 'SINGLE', 'N', '[#6]1=[#6][#6][#7][#6][#6]1', '[#7]')]"
c4,NOP(=O)(c1ccccc1)c1ccccc1.Sc1nc(-c2ccncc2)cs1>>N[n+]1ccc(-c2csc(S)n2)cc1,N[n+]1ccc(-c2csc(S)n2)cc1,[NH2:1][O:16][P:15](=[O:14])([c:17]1[cH:18][cH:19][cH:20][cH:21][cH:22]1)[c:23]1[cH:24][cH:25][cH:26][cH:27][cH:28]1.[n:2]1[cH:3][cH:4][c:5](-[c:6]2[cH:7][s:8][c:9]([SH:10])[n:11]2)[cH:12][cH:13]1>>[NH2:1][n+:2]1[cH:3][cH:4][c:5](-[c:6]2[cH:7][s:8][c:9]([SH:10])[n:11]2)[cH:12][cH:13]1,"[['N:1 - O:16'], None]",[['N:1 - N:2']],[],[],"[(0, '[N:1][n&+:2]1ccccc1', 'N:1 - N:2', 'N', 'SINGLE', 'N')]","[(0, '[#8]=[#15]([#8]-[#7])(c)c', 'N:1 - O:16', 'O', 'SINGLE', 'N', '[#8]=[#15]([#8])([c])[c]', '[#7]')]","[(0, '[#6]1[#6][#6][#7]([#6][#6]1)-[#7]', 'N:1 - N:2', 'N', 'SINGLE', 'N', '[#6]1[#6][#6][#7][#6][#6]1', '[#7]')]"
c4,NOP(=O)(c1ccccc1)c1ccccc1.O=[PH](c1ccc2ccccc2c1)c1ccc2ccccc2c1>>NP(=O)(c1ccc2ccccc2c1)c1ccc2ccccc2c1,NP(=O)(c1ccc2ccccc2c1)c1ccc2ccccc2c1,[NH2:1][O:26][P:25](=[O:24])([c:27]1[cH:28][cH:29][cH:30][cH:31][cH:32]1)[c:33]1[cH:34][cH:35][cH:36][cH:37][cH:38]1.[PH:2](=[O:3])([c:4]1[cH:5][cH:6][c:7]2[cH:8][cH:9][cH:10][cH:11][c:12]2[cH:13]1)[c:14]1[cH:15][cH:16][c:17]2[cH:18][cH:19][cH:20][cH:21][c:22]2[cH:23]1>>[NH2:1][P:2](=[O:3])([c:4]1[cH:5][cH:6][c:7]2[cH:8][cH:9][cH:10][cH:11][c:12]2[cH:13]1)[c:14]1[cH:15][cH:16][c:17]2[cH:18][cH:19][cH:20][cH:21][c:22]2[cH:23]1,"[['N:1 - O:26'], ['P:2 - H']]",[['N:1 - P:2']],[],"[(1, '[#8]=[#15:2]([#6])[#6]', 'P:2 - H', 'P', 'SINGLE', 'H', '[#8]=[#15]([#6])[#6]', '[H]')]","[(0, '[#8]=[#15:1]([#7:2])([#6])[#6]', 'N:1 - P:2', 'N', 'SINGLE', 'P')]","[(0, '[#8]=[#15]([#8]-[#7])(c)c', 'N:1 - O:26', 'O', 'SINGLE', 'N', '[#8]=[#15]([#8])([c])[c]', '[#7]')]","[(0, '[#8]=[#15]([#6])([#6])-[#7]', 'N:1 - P:2', 'P', 'SINGLE', 'N', '[#8]=[#15]([#6])[#6]', '[#7]')]"
c4,NOP(=O)(c1ccccc1)c1ccccc1.O=C1CCc2c1cccc2C(F)(F)F>>O/N=C1/CCc2c1cccc2C(F)(F)F,O/N=C1/CCc2c1cccc2C(F)(F)F,[H][O:15][H].[NH2:1]OP(c1ccccc1)(c2ccccc2)=O.O=[C:2]3[CH2:3][CH2:4][c:5]4[c:10]([C:11]([F:13])([F:14])[F:12])[cH:9][cH:8][cH:7][c:6]43>>[OH:15]/[N:1]=[C:2]5[CH2:3][CH2:4][c:5]6[c:10]([C:11]([F:13])([F:14])[F:12])[cH:9][cH:8][cH:7][c:6]6/5,"[['O:1 - P:17', 'N:2 - H'], ['C:3 = O:30']]","[['C:3 = N:2', 'O:1 - H']]",[],[],"[(0, '[#6:1]1[#6:2][#6][#6][#6]1', 'C:3 = N:2', 'C', 'DOUBLE', 'N'), (0, '[#7:2][#8&X2&H1]', 'O:1 - H', 'O', 'SINGLE', 'H', '[#7][#8X2H]', '[H]')]",[],[]
c4,CC1=Nc2ccc3ccccc3c2C1(C)C.NOP(=O)(c1ccccc1)c1ccccc1>>C=C(C)c1c(/N=C(/C)N)ccc2ccccc12,C=C(C)c1c(/N=C(/C)N)ccc2ccccc12,[CH3:1][C:2]1([CH3:3])[c:4]2[c:5]([cH:10][cH:11][c:12]3[cH:13][cH:14][cH:15][cH:16][c:17]23)[N:6]=[C:7]1[CH3:8].[NH2:9][O:20][P:19](=[O:18])([c:21]1[cH:22][cH:23][cH:24][cH:25][cH:26]1)[c:27]1[cH:28][cH:29][cH:30][cH:31][cH:32]1>>[CH2:1]=[C:2]([CH3:3])[c:4]1[c:5](/[N:6]=[C:7](/[CH3:8])[NH2:9])[cH:10][cH:11][c:12]2[cH:13][cH:14][cH:15][cH:16][c:17]12,"[['C:1 - H', 'C:2 - C:7'], ['N:9 - O:20']]",[['C:7 - N:9']],['C:1 - C:2 -> C:1 = C:2'],"[(0, '[#6:2]', 'C:1 - H', 'C', 'SINGLE', 'H', '[#6]', '[H]'), (0, '[#6:1]1[#6:2]=[#7]c2ccccc2-1', 'C:2 - C:7', 'C', 'SINGLE', 'C')]","[(0, '[#7&X3&H2:1][#6:2]', 'C:7 - N:9', 'C', 'SINGLE', 'N')]","[(0, 'c1ccccc1[#6&X4]-[#6&X3]=[#7&X2;H1,H0;!$([#7&X2][#7,#8,#9,#15,#16,#17,Br,I])]', 'C:2 - C:7', 'C', 'SINGLE', 'C', '[c]1[c][c][c][c][c]1[#6X4]', '[#7X2;H1,H0;!$([#7X2][#7,#8,#9,#15,#16,#17,Br,I])]=[#6X3]'), (1, '[#8]=[#15]([#8]-[#7])(c)c', 'N:9 - O:20', 'O', 'SINGLE', 'N', '[#8]=[#15]([#8])([c])[c]', '[#7]')]","[(0, '[#7&X2;H1,H0;!$([#7&X2][#7,#8,#9,#15,#16,#17,Br,I])]=[#6&X3]-[#7]', 'C:7 - N:9', 'C', 'SINGLE', 'N', '[#7X2;H1,H0;!$([#7X2][#7,#8,#9,#15,#16,#17,Br,I])]=[#6X3]', '[#7]')]"
c4,NOP(=O)(c1ccccc1)c1ccccc1.O=Cc1nc2ccccc2s1>>NC(=O)c1nc2ccccc2s1,NC(=O)c1nc2ccccc2s1,[NH2:1][O:15][P:14](=[O:13])([c:16]1[cH:17][cH:18][cH:19][cH:20][cH:21]1)[c:22]1[cH:23][cH:24][cH:25][cH:26][cH:27]1.[CH:2](=[O:3])[c:4]1[n:5][c:6]2[cH:7][cH:8][cH:9][cH:10][c:11]2[s:12]1>>[NH2:1][C:2](=[O:3])[c:4]1[n:5][c:6]2[cH:7][cH:8][cH:9][cH:10][c:11]2[s:12]1,"[['N:1 - O:15'], ['C:2 - H']]",[['C:2 - N:1']],[],"[(1, '[#6&X3&H1:2]=[#8]', 'C:2 - H', 'C', 'SINGLE', 'H', '[#6X3;H1](=[#8])', '[H]')]","[(0, '[#6:1](=[#8])[#7:2]', 'C:2 - N:1', 'C', 'SINGLE', 'N')]","[(0, '[#8]=[#15]([#8]-[#7])(c)c', 'N:1 - O:15', 'O', 'SINGLE', 'N', '[#8]=[#15]([#8])([c])[c]', '[#7]')]","[(0, '[#6](=[#8])-[#7]', 'C:2 - N:1', 'C', 'SINGLE', 'N', '[#6]=[#8]', '[#7]')]"
c4,NOP(=O)(c1ccccc1)c1ccccc1.O=C1CC(c2ccccc2)C1>>O=C1CC(c2ccccc2)CN1,O=C1CC(c2ccccc2)CN1,[NH2:12][O:15][P:14](=[O:13])([c:16]1[cH:17][cH:18][cH:19][cH:20][cH:21]1)[c:22]1[cH:23][cH:24][cH:25][cH:26][cH:27]1.[O:1]=[C:2]1[CH2:3][CH:4]([c:5]2[cH:6][cH:7][cH:8][cH:9][cH:10]2)[CH2:11]1>>[O:1]=[C:2]1[CH2:3][CH:4]([c:5]2[cH:6][cH:7][cH:8][cH:9][cH:10]2)[CH2:11][NH:12]1,"[['N:12 - H', 'N:12 - O:15'], ['C:2 - C:11']]","[['C:2 - N:12', 'C:11 - N:12']]",[],"[(0, '[#7:2]', 'N:12 - H', 'N', 'SINGLE', 'H', '[#7]', '[H]'), (1, '[#6:2]1[#6][#6][#6:1]1', 'C:2 - C:11', 'C', 'SINGLE', 'C')]","[(0, '[#6:1](=[#8])[#7:2]', 'C:2 - N:12', 'C', 'SINGLE', 'N'), (0, '[#6]1[#6][#7:1][#6:2][#6]1', 'C:11 - N:12', 'C', 'SINGLE', 'N')]","[(0, '[#8]=[#15]([#8]-[#7])(c)c', 'N:12 - O:15', 'O', 'SINGLE', 'N', '[#8]=[#15]([#8])([c])[c]', '[#7]'), (1, '[#6](=[#8])-[#6]', 'C:2 - C:11', 'C', 'SINGLE', 'C', '[#6]=[#8]', '[#6]')]","[(0, '[#6](=[#8])-[#7]', 'C:2 - N:12', 'C', 'SINGLE', 'N', '[#6]=[#8]', '[#7]'), (0, '[#6](=[#8])[#7]-[#6]', 'C:11 - N:12', 'N', 'SINGLE', 'C', '[#6](=[#8])[#7]', '[#6]')]"
c4,Cc1ccc(-c2ccccn2)cc1.NOP(=O)(c1ccccc1)c1ccccc1>>Cc1ccc(-c2cccc[n+]2N)cc1,Cc1ccc(-c2cccc[n+]2N)cc1,[CH3:1][c:2]1[cH:3][cH:4][c:5](-[c:6]2[cH:7][cH:8][cH:9][cH:10][n:11]2)[cH:13][cH:14]1.[NH2:12][O:17][P:16](=[O:15])([c:18]1[cH:19][cH:20][cH:21][cH:22][cH:23]1)[c:24]1[cH:25][cH:26][cH:27][cH:28][cH:29]1>>[CH3:1][c:2]1[cH:3][cH:4][c:5](-[c:6]2[cH:7][cH:8][cH:9][cH:10][n+:11]2[NH2:12])[cH:13][cH:14]1,"[None, ['N:12 - O:17']]",[['N:11 - N:12']],[],[],"[(0, '[N:1][n&+:2]1ccccc1', 'N:11 - N:12', 'N', 'SINGLE', 'N')]","[(1, '[#8]=[#15]([#8]-[#7])(c)c', 'N:12 - O:17', 'O', 'SINGLE', 'N', '[#8]=[#15]([#8])([c])[c]', '[#7]')]","[(0, '[#6]1[#6][#6][#7]([#6][#6]1)-[#7]', 'N:11 - N:12', 'N', 'SINGLE', 'N', '[#6]1[#6][#6][#7][#6][#6]1', '[#7]')]"
c4,CN1CCN(C2CCNCC2)CC1.NOP(=O)(c1ccccc1)c1ccccc1>>CN1CCN(C2CCN(N)CC2)CC1,CN1CCN(C2CCN(N)CC2)CC1,[CH3:1][N:2]1[CH2:3][CH2:4][N:5]([CH:6]2[CH2:7][CH2:8][NH:9][CH2:11][CH2:12]2)[CH2:13][CH2:14]1.[NH2:10][O:17][P:16](=[O:15])([c:18]1[cH:19][cH:20][cH:21][cH:22][cH:23]1)[c:24]1[cH:25][cH:26][cH:27][cH:28][cH:29]1>>[CH3:1][N:2]1[CH2:3][CH2:4][N:5]([CH:6]2[CH2:7][CH2:8][N:9]([NH2:10])[CH2:11][CH2:12]2)[CH2:13][CH2:14]1,"[['N:9 - H'], ['N:10 - O:17']]",[['N:9 - N:10']],[],"[(0, '[#6]1[#6][#6][#7:2][#6][#6]1', 'N:9 - H', 'N', 'SINGLE', 'H', '[#6]1[#6][#6][#7][#6][#6]1', '[H]')]","[(0, '[#7;X3&H1&+0,X3&H2&+0,X3&H0&+0:1][#7;X3&H1&+0,X3&H2&+0,X3&H0&+0:2]', 'N:9 - N:10', 'N', 'SINGLE', 'N')]","[(1, '[#8]=[#15]([#8]-[#7])(c)c', 'N:10 - O:17', 'O', 'SINGLE', 'N', '[#8]=[#15]([#8])([c])[c]', '[#7]')]","[(0, '[#6]1[#6][#6][#7]([#6][#6]1)-[#7]', 'N:9 - N:10', 'N', 'SINGLE', 'N', '[#6]1[#6][#6][#7][#6][#6]1', '[#7]')]"
c4,C(=Cc1ccccc1)CN1CCNCC1.NOP(=O)(c1ccccc1)c1ccccc1>>NN1CCN(CC=Cc2ccccc2)CC1,NN1CCN(CC=Cc2ccccc2)CC1,[NH:2]1[CH2:3][CH2:4][N:5]([CH2:6][CH:7]=[CH:8][c:9]2[cH:10][cH:11][cH:12][cH:13][cH:14]2)[CH2:15][CH2:16]1.[NH2:1][O:19][P:18](=[O:17])([c:20]1[cH:21][cH:22][cH:23][cH:24][cH:25]1)[c:26]1[cH:27][cH:28][cH:29][cH:30][cH:31]1>>[NH2:1][N:2]1[CH2:3][CH2:4][N:5]([CH2:6][CH:7]=[CH:8][c:9]2[cH:10][cH:11][cH:12][cH:13][cH:14]2)[CH2:15][CH2:16]1,"[['N:2 - H'], ['N:1 - O:19']]",[['N:1 - N:2']],[],"[(0, '[N:2]1CCNCC1', 'N:2 - H', 'N', 'SINGLE', 'H', '[N]1[C][C][N][C][C]1', '[H]')]","[(0, '[#7;X3&H1&+0,X3&H2&+0,X3&H0&+0:1][#7;X3&H1&+0,X3&H2&+0,X3&H0&+0:2]', 'N:1 - N:2', 'N', 'SINGLE', 'N')]","[(1, '[#8]=[#15]([#8]-[#7])(c)c', 'N:1 - O:19', 'O', 'SINGLE', 'N', '[#8]=[#15]([#8])([c])[c]', '[#7]')]","[(0, 'N1(CCNCC1)-[#7]', 'N:1 - N:2', 'N', 'SINGLE', 'N', '[N]1[C][C][N][C][C]1', '[#7]')]"
c4,CC(C)S(=O)c1ccc(Br)cc1.NOP(=O)(c1ccccc1)c1ccccc1>>CC(C)S(=N)(=O)c1ccc(Br)cc1,CC(C)S(=N)(=O)c1ccc(Br)cc1,[CH3:1][CH:2]([CH3:3])[S:4](=[O:6])[c:7]1[cH:8][cH:9][c:10]([Br:11])[cH:12][cH:13]1.[NH2:5][O:16][P:15](=[O:14])([c:17]1[cH:18][cH:19][cH:20][cH:21][cH:22]1)[c:23]1[cH:24][cH:25][cH:26][cH:27][cH:28]1>>[CH3:1][CH:2]([CH3:3])[S:4](=[NH:5])(=[O:6])[c:7]1[cH:8][cH:9][c:10]([Br:11])[cH:12][cH:13]1,"[None, ['N:5 - H', 'N:5 - O:16']]",[['N:5 = S:4']],[],"[(1, '[#7:2]', 'N:5 - H', 'N', 'SINGLE', 'H', '[#7]', '[H]')]","[(0, '[#7:1]=[#16:2]([#6])[#6]', 'N:5 = S:4', 'N', 'DOUBLE', 'S')]","[(1, '[#8]=[#15]([#8]-[#7])(c)c', 'N:5 - O:16', 'O', 'SINGLE', 'N', '[#8]=[#15]([#8])([c])[c]', '[#7]')]","[(0, '[#7]=[#16]', 'N:5 = S:4', 'N', 'DOUBLE', 'S', '[#7]', '[#16]')]"
c4,CC(C)(C)[C@H]1COC(c2ccccn2)=N1.NOP(=O)(c1ccccc1)c1ccccc1>>CC(C)(C)[C@H]1COC(c2cccc[n+]2N)=N1,CC(C)(C)[C@H]1COC(c2cccc[n+]2N)=N1,[CH3:1][C:2]([CH3:3])([CH3:4])[C@H:5]1[CH2:6][O:7][C:8]([c:9]2[cH:10][cH:11][cH:12][cH:13][n:14]2)=[N:16]1.[NH2:15][O:19][P:18](=[O:17])([c:20]1[cH:21][cH:22][cH:23][cH:24][cH:25]1)[c:26]1[cH:27][cH:28][cH:29][cH:30][cH:31]1>>[CH3:1][C:2]([CH3:3])([CH3:4])[C@H:5]1[CH2:6][O:7][C:8]([c:9]2[cH:10][cH:11][cH:12][cH:13][n+:14]2[NH2:15])=[N:16]1,"[None, ['N:15 - O:19']]",[['N:14 - N:15']],[],[],"[(0, '[N:1][n&+:2]1ccccc1', 'N:14 - N:15', 'N', 'SINGLE', 'N')]","[(1, '[#8]=[#15]([#8]-[#7])(c)c', 'N:15 - O:19', 'O', 'SINGLE', 'N', '[#8]=[#15]([#8])([c])[c]', '[#7]')]","[(0, '[#6]1[#6][#6][#7]([#6][#6]1)-[#7]', 'N:14 - N:15', 'N', 'SINGLE', 'N', '[#6]1[#6][#6][#7][#6][#6]1', '[#7]')]"
c4,Cc1cc(N2CCNCC2)n(-c2ccccc2)n1.NOP(=O)(c1ccccc1)c1ccccc1>>Cc1cc(N2CCN(N)CC2)n(-c2ccccc2)n1,Cc1cc(N2CCN(N)CC2)n(-c2ccccc2)n1,[CH3:1][c:2]1[cH:3][c:4]([N:5]2[CH2:6][CH2:7][NH:8][CH2:10][CH2:11]2)[n:12](-[c:13]2[cH:14][cH:15][cH:16][cH:17][cH:18]2)[n:19]1.[NH2:9][O:22][P:21](=[O:20])([c:23]1[cH:24][cH:25][cH:26][cH:27][cH:28]1)[c:29]1[cH:30][cH:31][cH:32][cH:33][cH:34]1>>[CH3:1][c:2]1[cH:3][c:4]([N:5]2[CH2:6][CH2:7][N:8]([NH2:9])[CH2:10][CH2:11]2)[n:12](-[c:13]2[cH:14][cH:15][cH:16][cH:17][cH:18]2)[n:19]1,"[['N:8 - H'], ['N:9 - O:22']]",[['N:8 - N:9']],[],"[(0, 'N1CC[N:2]CC1', 'N:8 - H', 'N', 'SINGLE', 'H', '[N]1[C][C][N][C][C]1', '[H]')]","[(0, '[#7;X3&H1&+0,X3&H2&+0,X3&H0&+0:1][#7;X3&H1&+0,X3&H2&+0,X3&H0&+0:2]', 'N:8 - N:9', 'N', 'SINGLE', 'N')]","[(1, '[#8]=[#15]([#8]-[#7])(c)c', 'N:9 - O:22', 'O', 'SINGLE', 'N', '[#8]=[#15]([#8])([c])[c]', '[#7]')]","[(0, 'N1(CCNCC1)-[#7]', 'N:8 - N:9', 'N', 'SINGLE', 'N', '[N]1[C][C][N][C][C]1', '[#7]')]"
c4,C1CC(N2CCNCC2)C1.NOP(=O)(c1ccccc1)c1ccccc1>>NN1CCN(C2CCC2)CC1,NN1CCN(C2CCC2)CC1,[NH:2]1[CH2:3][CH2:4][N:5]([CH:6]2[CH2:7][CH2:8][CH2:9]2)[CH2:10][CH2:11]1.[NH2:1][O:14][P:13](=[O:12])([c:15]1[cH:16][cH:17][cH:18][cH:19][cH:20]1)[c:21]1[cH:22][cH:23][cH:24][cH:25][cH:26]1>>[NH2:1][N:2]1[CH2:3][CH2:4][N:5]([CH:6]2[CH2:7][CH2:8][CH2:9]2)[CH2:10][CH2:11]1,"[['N:2 - H'], ['N:1 - O:14']]",[['N:1 - N:2']],[],"[(0, '[N:2]1CCNCC1', 'N:2 - H', 'N', 'SINGLE', 'H', '[N]1[C][C][N][C][C]1', '[H]')]","[(0, '[#7;X3&H1&+0,X3&H2&+0,X3&H0&+0:1][#7;X3&H1&+0,X3&H2&+0,X3&H0&+0:2]', 'N:1 - N:2', 'N', 'SINGLE', 'N')]","[(1, '[#8]=[#15]([#8]-[#7])(c)c', 'N:1 - O:14', 'O', 'SINGLE', 'N', '[#8]=[#15]([#8])([c])[c]', '[#7]')]","[(0, 'N1(CCNCC1)-[#7]', 'N:1 - N:2', 'N', 'SINGLE', 'N', '[N]1[C][C][N][C][C]1', '[#7]')]"
c4,CNC(C)(C)C.NOP(=O)(c1ccccc1)c1ccccc1>>CN(N)C(C)(C)C,CN(N)C(C)(C)C,[CH3:1][NH:2][C:4]([CH3:5])([CH3:6])[CH3:7].[NH2:3][O:10][P:9](=[O:8])([c:11]1[cH:12][cH:13][cH:14][cH:15][cH:16]1)[c:17]1[cH:18][cH:19][cH:20][cH:21][cH:22]1>>[CH3:1][N:2]([NH2:3])[C:4]([CH3:5])([CH3:6])[CH3:7],"[['N:2 - H'], ['N:3 - O:10']]",[['N:2 - N:3']],[],"[(0, '[#7&X3&H1:2]([#6])[#6]', 'N:2 - H', 'N', 'SINGLE', 'H', '[#7;X3H1]([#6])([#6])', '[H]')]","[(0, '[#7;X3&H1&+0,X3&H2&+0,X3&H0&+0:1][#7;X3&H1&+0,X3&H2&+0,X3&H0&+0:2]', 'N:2 - N:3', 'N', 'SINGLE', 'N')]","[(1, '[#8]=[#15]([#8]-[#7])(c)c', 'N:3 - O:10', 'O', 'SINGLE', 'N', '[#8]=[#15]([#8])([c])[c]', '[#7]')]","[(0, '[#7]-[#7]', 'N:2 - N:3', 'N', 'SINGLE', 'N', '[#7]', '[#7]')]"
c4,CCCN1CCNCC1.NOP(=O)(c1ccccc1)c1ccccc1>>CCCN1CCN(N)CC1,CCCN1CCN(N)CC1,[CH3:1][CH2:2][CH2:3][N:4]1[CH2:5][CH2:6][NH:7][CH2:9][CH2:10]1.[NH2:8][O:13][P:12](=[O:11])([c:14]1[cH:15][cH:16][cH:17][cH:18][cH:19]1)[c:20]1[cH:21][cH:22][cH:23][cH:24][cH:25]1>>[CH3:1][CH2:2][CH2:3][N:4]1[CH2:5][CH2:6][N:7]([NH2:8])[CH2:9][CH2:10]1,"[['N:7 - H'], ['N:8 - O:13']]",[['N:7 - N:8']],[],"[(0, 'N1CC[N:2]CC1', 'N:7 - H', 'N', 'SINGLE', 'H', '[N]1[C][C][N][C][C]1', '[H]')]","[(0, '[#7;X3&H1&+0,X3&H2&+0,X3&H0&+0:1][#7;X3&H1&+0,X3&H2&+0,X3&H0&+0:2]', 'N:7 - N:8', 'N', 'SINGLE', 'N')]","[(1, '[#8]=[#15]([#8]-[#7])(c)c', 'N:8 - O:13', 'O', 'SINGLE', 'N', '[#8]=[#15]([#8])([c])[c]', '[#7]')]","[(0, 'N1(CCNCC1)-[#7]', 'N:7 - N:8', 'N', 'SINGLE', 'N', '[N]1[C][C][N][C][C]1', '[#7]')]"
c4,COC(=O)N1CCNCC1.NOP(=O)(c1ccccc1)c1ccccc1>>COC(=O)N1CCN(N)CC1,COC(=O)N1CCN(N)CC1,[CH3:1][O:2][C:3](=[O:4])[N:5]1[CH2:6][CH2:7][NH:8][CH2:10][CH2:11]1.[NH2:9][O:14][P:13](=[O:12])([c:15]1[cH:16][cH:17][cH:18][cH:19][cH:20]1)[c:21]1[cH:22][cH:23][cH:24][cH:25][cH:26]1>>[CH3:1][O:2][C:3](=[O:4])[N:5]1[CH2:6][CH2:7][N:8]([NH2:9])[CH2:10][CH2:11]1,"[['N:8 - H'], ['N:9 - O:14']]",[['N:8 - N:9']],[],"[(0, 'N1CC[N:2]CC1', 'N:8 - H', 'N', 'SINGLE', 'H', '[N]1[C][C][N][C][C]1', '[H]')]","[(0, '[#7;X3&H1&+0,X3&H2&+0,X3&H0&+0:1][#7;X3&H1&+0,X3&H2&+0,X3&H0&+0:2]', 'N:8 - N:9', 'N', 'SINGLE', 'N')]","[(1, '[#8]=[#15]([#8]-[#7])(c)c', 'N:9 - O:14', 'O', 'SINGLE', 'N', '[#8]=[#15]([#8])([c])[c]', '[#7]')]","[(0, 'N1(CCNCC1)-[#7]', 'N:8 - N:9', 'N', 'SINGLE', 'N', '[N]1[C][C][N][C][C]1', '[#7]')]"
c4,CC(=O)N1CCNCC1.NOP(=O)(c1ccccc1)c1ccccc1>>CC(=O)N1CCN(N)CC1,CC(=O)N1CCN(N)CC1,[CH3:1][C:2](=[O:3])[N:4]1[CH2:5][CH2:6][NH:7][CH2:9][CH2:10]1.[NH2:8][O:13][P:12](=[O:11])([c:14]1[cH:15][cH:16][cH:17][cH:18][cH:19]1)[c:20]1[cH:21][cH:22][cH:23][cH:24][cH:25]1>>[CH3:1][C:2](=[O:3])[N:4]1[CH2:5][CH2:6][N:7]([NH2:8])[CH2:9][CH2:10]1,"[['N:7 - H'], ['N:8 - O:13']]",[['N:7 - N:8']],[],"[(0, 'N1CC[N:2]CC1', 'N:7 - H', 'N', 'SINGLE', 'H', '[N]1[C][C][N][C][C]1', '[H]')]","[(0, '[#7;X3&H1&+0,X3&H2&+0,X3&H0&+0:1][#7;X3&H1&+0,X3&H2&+0,X3&H0&+0:2]', 'N:7 - N:8', 'N', 'SINGLE', 'N')]","[(1, '[#8]=[#15]([#8]-[#7])(c)c', 'N:8 - O:13', 'O', 'SINGLE', 'N', '[#8]=[#15]([#8])([c])[c]', '[#7]')]","[(0, 'N1(CCNCC1)-[#7]', 'N:7 - N:8', 'N', 'SINGLE', 'N', '[N]1[C][C][N][C][C]1', '[#7]')]"
c4,Cc1ccc(C=O)cc1.NOP(=O)(c1ccccc1)c1ccccc1>>Cc1ccc(C(N)=O)cc1,Cc1ccc(C(N)=O)cc1,[CH3:1][c:2]1[cH:3][cH:4][c:5]([CH:6]=[O:8])[cH:9][cH:10]1.[NH2:7][O:13][P:12](=[O:11])([c:14]1[cH:15][cH:16][cH:17][cH:18][cH:19]1)[c:20]1[cH:21][cH:22][cH:23][cH:24][cH:25]1>>[CH3:1][c:2]1[cH:3][cH:4][c:5]([C:6]([NH2:7])=[O:8])[cH:9][cH:10]1,"[['C:6 - H'], ['N:7 - O:13']]",[['C:6 - N:7']],[],"[(0, '[#6&X3&H1:2]=[#8]', 'C:6 - H', 'C', 'SINGLE', 'H', '[#6X3;H1](=[#8])', '[H]')]","[(0, '[#6:1](=[#8])[#7:2]', 'C:6 - N:7', 'C', 'SINGLE', 'N')]","[(1, '[#8]=[#15]([#8]-[#7])(c)c', 'N:7 - O:13', 'O', 'SINGLE', 'N', '[#8]=[#15]([#8])([c])[c]', '[#7]')]","[(0, '[#6](=[#8])-[#7]', 'C:6 - N:7', 'C', 'SINGLE', 'N', '[#6]=[#8]', '[#7]')]"
c4,CC(C)(C)NC=O.NOP(=O)(c1ccccc1)c1ccccc1>>CC(C)(C)NC(N)=O,CC(C)(C)NC(N)=O,[CH3:1][C:2]([CH3:3])([CH3:4])[NH:5][CH:6]=[O:8].[NH2:7][O:11][P:10](=[O:9])([c:12]1[cH:13][cH:14][cH:15][cH:16][cH:17]1)[c:18]1[cH:19][cH:20][cH:21][cH:22][cH:23]1>>[CH3:1][C:2]([CH3:3])([CH3:4])[NH:5][C:6]([NH2:7])=[O:8],"[['C:6 - H'], ['N:7 - O:11']]",[['C:6 - N:7']],[],"[(0, '[#6:2](=[#8])[#7]', 'C:6 - H', 'C', 'SINGLE', 'H', '[#6](=[#8])[#7]', '[H]')]","[(0, '[#6:1](=[#8])[#7:2]', 'C:6 - N:7', 'C', 'SINGLE', 'N')]","[(1, '[#8]=[#15]([#8]-[#7])(c)c', 'N:7 - O:11', 'O', 'SINGLE', 'N', '[#8]=[#15]([#8])([c])[c]', '[#7]')]","[(0, '[#6](=[#8])([#7])-[#7]', 'C:6 - N:7', 'C', 'SINGLE', 'N', '[#6](=[#8])[#7]', '[#7]')]"
c4,CC(=O)CC(C)(C)C.NOP(=O)(c1ccccc1)c1ccccc1>>CC(=O)NCC(C)(C)C,CC(=O)NCC(C)(C)C,[CH3:1][C:2](=[O:3])[CH2:5][C:6]([CH3:7])([CH3:8])[CH3:9].[NH2:4][O:12][P:11](=[O:10])([c:13]1[cH:14][cH:15][cH:16][cH:17][cH:18]1)[c:19]1[cH:20][cH:21][cH:22][cH:23][cH:24]1>>[CH3:1][C:2](=[O:3])[NH:4][CH2:5][C:6]([CH3:7])([CH3:8])[CH3:9],"[['C:2 - C:5'], ['N:4 - H', 'N:4 - O:12']]","[['C:2 - N:4', 'C:5 - N:4']]",[],"[(0, '[#6][#6:1](=[#8])[#6:2]', 'C:2 - C:5', 'C', 'SINGLE', 'C'), (1, '[#7:2]', 'N:4 - H', 'N', 'SINGLE', 'H', '[#7]', '[H]')]","[(0, '[#6:1](=[#8])[#7:2]', 'C:2 - N:4', 'C', 'SINGLE', 'N'), (0, '[#7&X3&H1:1]([#6])[#6:2]', 'C:5 - N:4', 'C', 'SINGLE', 'N')]","[(0, '[#6](=[#8])([#6&H3])-[C&X4&!R][C&X4&!R][C&X4&!R]', 'C:2 - C:5', 'C', 'SINGLE', 'C', '[#6](=[#8])[#6;H3]', '[CX4;!R][CX4;!R][CX4;!R]'), (1, '[#8]=[#15]([#8]-[#7])(c)c', 'N:4 - O:12', 'O', 'SINGLE', 'N', '[#8]=[#15]([#8])([c])[c]', '[#7]')]","[(0, '[#6](=[#8])([#6&H3])-[#7]', 'C:2 - N:4', 'C', 'SINGLE', 'N', '[#6](=[#8])[#6;H3]', '[#7]'), (0, '[#6](=[#8])[#7]-[C&X4&!R][C&X4&!R][C&X4&!R]', 'C:5 - N:4', 'N', 'SINGLE', 'C', '[#6](=[#8])[#7]', '[CX4;!R][CX4;!R][CX4;!R]')]"
c4,NOP(=O)(c1ccccc1)c1ccccc1.O=S(=O)(c1ccccc1)N1CCNCC1>>NN1CCN(S(=O)(=O)c2ccccc2)CC1,NN1CCN(S(=O)(=O)c2ccccc2)CC1,[NH2:1][O:19][P:18](=[O:17])([c:20]1[cH:21][cH:22][cH:23][cH:24][cH:25]1)[c:26]1[cH:27][cH:28][cH:29][cH:30][cH:31]1.[NH:2]1[CH2:3][CH2:4][N:5]([S:6](=[O:7])(=[O:8])[c:9]2[cH:10][cH:11][cH:12][cH:13][cH:14]2)[CH2:15][CH2:16]1>>[NH2:1][N:2]1[CH2:3][CH2:4][N:5]([S:6](=[O:7])(=[O:8])[c:9]2[cH:10][cH:11][cH:12][cH:13][cH:14]2)[CH2:15][CH2:16]1,"[['N:1 - O:19'], ['N:2 - H']]",[['N:1 - N:2']],[],"[(1, '[N:2]1CCNCC1', 'N:2 - H', 'N', 'SINGLE', 'H', '[N]1[C][C][N][C][C]1', '[H]')]","[(0, '[#7;X3&H1&+0,X3&H2&+0,X3&H0&+0:1][#7;X3&H1&+0,X3&H2&+0,X3&H0&+0:2]', 'N:1 - N:2', 'N', 'SINGLE', 'N')]","[(0, '[#8]=[#15]([#8]-[#7])(c)c', 'N:1 - O:19', 'O', 'SINGLE', 'N', '[#8]=[#15]([#8])([c])[c]', '[#7]')]","[(0, 'N1(CCNCC1)-[#7]', 'N:1 - N:2', 'N', 'SINGLE', 'N', '[N]1[C][C][N][C][C]1', '[#7]')]"
c4,CCOC(=O)c1cn[nH]c1.NOP(=O)(c1ccccc1)c1ccccc1>>CCOC(=O)c1cnn(N)c1,CCOC(=O)c1cnn(N)c1,[CH3:1][CH2:2][O:3][C:4](=[O:5])[c:6]1[cH:7][n:8][nH:9][cH:11]1.[NH2:10][O:14][P:13](=[O:12])([c:15]1[cH:16][cH:17][cH:18][cH:19][cH:20]1)[c:21]1[cH:22][cH:23][cH:24][cH:25][cH:26]1>>[CH3:1][CH2:2][O:3][C:4](=[O:5])[c:6]1[cH:7][n:8][n:9]([NH2:10])[cH:11]1,"[['N:9 - H'], ['N:10 - O:14']]",[['N:9 - N:10']],[],"[(0, '[#6]1[#7][#7:2][#6][#6]1', 'N:9 - H', 'N', 'SINGLE', 'H', '[#6]1[#7][#7][#6][#6]1', '[H]')]","[(0, '[#7;X3&H1&+0,X3&H2&+0,X3&H0&+0:1][#7;X3&H1&+0,X3&H2&+0,X3&H0&+0:2]', 'N:9 - N:10', 'N', 'SINGLE', 'N')]","[(1, '[#8]=[#15]([#8]-[#7])(c)c', 'N:10 - O:14', 'O', 'SINGLE', 'N', '[#8]=[#15]([#8])([c])[c]', '[#7]')]","[(0, '[#6]1[#7]([#7][#6][#6]1)-[#7]', 'N:9 - N:10', 'N', 'SINGLE', 'N', '[#6]1[#7][#7][#6][#6]1', '[#7]')]"
c4,NOP(=O)(c1ccccc1)c1ccccc1.c1cc(N2CCNCC2)ccn1>>NN1CCN(c2ccncc2)CC1,NN1CCN(c2ccncc2)CC1,[NH2:1][O:16][P:15](=[O:14])([c:17]1[cH:18][cH:19][cH:20][cH:21][cH:22]1)[c:23]1[cH:24][cH:25][cH:26][cH:27][cH:28]1.[NH:2]1[CH2:3][CH2:4][N:5]([c:6]2[cH:7][cH:8][n:9][cH:10][cH:11]2)[CH2:12][CH2:13]1>>[NH2:1][N:2]1[CH2:3][CH2:4][N:5]([c:6]2[cH:7][cH:8][n:9][cH:10][cH:11]2)[CH2:12][CH2:13]1,"[['N:1 - O:16'], ['N:2 - H']]",[['N:1 - N:2']],[],"[(1, '[N:2]1CCNCC1', 'N:2 - H', 'N', 'SINGLE', 'H', '[N]1[C][C][N][C][C]1', '[H]')]","[(0, '[#7;X3&H1&+0,X3&H2&+0,X3&H0&+0:1][#7;X3&H1&+0,X3&H2&+0,X3&H0&+0:2]', 'N:1 - N:2', 'N', 'SINGLE', 'N')]","[(0, '[#8]=[#15]([#8]-[#7])(c)c', 'N:1 - O:16', 'O', 'SINGLE', 'N', '[#8]=[#15]([#8])([c])[c]', '[#7]')]","[(0, 'N1(CCNCC1)-[#7]', 'N:1 - N:2', 'N', 'SINGLE', 'N', '[N]1[C][C][N][C][C]1', '[#7]')]"
c4,CC(C)(C)OC(=O)N1CCNC(C(N)=O)C1.NOP(=O)(c1ccccc1)c1ccccc1>>CC(C)(C)OC(=O)N1CCN(N)C(C(N)=O)C1,CC(C)(C)OC(=O)N1CCN(N)C(C(N)=O)C1,[CH3:1][C:2]([CH3:3])([CH3:4])[O:5][C:6](=[O:7])[N:8]1[CH2:9][CH2:10][NH:11][CH:13]([C:14]([NH2:15])=[O:16])[CH2:17]1.[NH2:12][O:20][P:19](=[O:18])([c:21]1[cH:22][cH:23][cH:24][cH:25][cH:26]1)[c:27]1[cH:28][cH:29][cH:30][cH:31][cH:32]1>>[CH3:1][C:2]([CH3:3])([CH3:4])[O:5][C:6](=[O:7])[N:8]1[CH2:9][CH2:10][N:11]([NH2:12])[CH:13]([C:14]([NH2:15])=[O:16])[CH2:17]1,"[['N:11 - H'], ['N:12 - O:20']]",[['N:11 - N:12']],[],"[(0, 'N1CC[N:2]CC1', 'N:11 - H', 'N', 'SINGLE', 'H', '[N]1[C][C][N][C][C]1', '[H]')]","[(0, '[#7;X3&H1&+0,X3&H2&+0,X3&H0&+0:1][#7;X3&H1&+0,X3&H2&+0,X3&H0&+0:2]', 'N:11 - N:12', 'N', 'SINGLE', 'N')]","[(1, '[#8]=[#15]([#8]-[#7])(c)c', 'N:12 - O:20', 'O', 'SINGLE', 'N', '[#8]=[#15]([#8])([c])[c]', '[#7]')]","[(0, 'N1(CCNCC1)-[#7]', 'N:11 - N:12', 'N', 'SINGLE', 'N', '[N]1[C][C][N][C][C]1', '[#7]')]"
c4,NOP(=O)(c1ccccc1)c1ccccc1.c1ccc([C@H]2CN3CCSC3=N2)cc1>>N[N+]1=C2SCCN2C[C@@H]1c1ccccc1,N[N+]1=C2SCCN2C[C@@H]1c1ccccc1,[NH2:1][O:18][P:17](=[O:16])([c:19]1[cH:20][cH:21][cH:22][cH:23][cH:24]1)[c:25]1[cH:26][cH:27][cH:28][cH:29][cH:30]1.[N:2]1=[C:3]2[S:4][CH2:5][CH2:6][N:7]2[CH2:8][C@@H:9]1[c:10]1[cH:11][cH:12][cH:13][cH:14][cH:15]1>>[NH2:1][N+:2]1=[C:3]2[S:4][CH2:5][CH2:6][N:7]2[CH2:8][C@@H:9]1[c:10]1[cH:11][cH:12][cH:13][cH:14][cH:15]1,"[['N:1 - O:18'], None]",[['N:1 - N:2']],[],[],[],"[(0, '[#8]=[#15]([#8]-[#7])(c)c', 'N:1 - O:18', 'O', 'SINGLE', 'N', '[#8]=[#15]([#8])([c])[c]', '[#7]')]","[(0, '[#7]-[#7]', 'N:1 - N:2', 'N', 'SINGLE', 'N', '[#7]', '[#7]')]"
c4,CC(=O)c1ccc2c(c1)Cc1ccccc1-2.NOP(=O)(c1ccccc1)c1ccccc1>>CC(=O)Nc1ccc2c(c1)Cc1ccccc1-2,CC(=O)Nc1ccc2c(c1)Cc1ccccc1-2,[CH3:1][C:2](=[O:3])[c:5]1[cH:6][cH:7][c:8]2[c:9]([cH:10]1)[CH2:11][c:12]1[cH:13][cH:14][cH:15][cH:16][c:17]1-2.[NH2:4][O:20][P:19](=[O:18])([c:21]1[cH:22][cH:23][cH:24][cH:25][cH:26]1)[c:27]1[cH:28][cH:29][cH:30][cH:31][cH:32]1>>[CH3:1][C:2](=[O:3])[NH:4][c:5]1[cH:6][cH:7][c:8]2[c:9]([cH:10]1)[CH2:11][c:12]1[cH:13][cH:14][cH:15][cH:16][c:17]1-2,"[['C:2 - C:5'], ['N:4 - H', 'N:4 - O:20']]","[['C:2 - N:4', 'C:5 - N:4']]",[],"[(0, '[#6][#6:1](=[#8])[#6:2]', 'C:2 - C:5', 'C', 'SINGLE', 'C'), (1, '[#7:2]', 'N:4 - H', 'N', 'SINGLE', 'H', '[#7]', '[H]')]","[(0, '[#6:1](=[#8])[#7:2]', 'C:2 - N:4', 'C', 'SINGLE', 'N'), (0, '[#7&X3&H1:1]([#6])[#6:2]', 'C:5 - N:4', 'C', 'SINGLE', 'N')]","[(0, 'C1-c2cc(ccc2-c2ccccc2-1)-[#6](=[#8])[#6&H3]', 'C:2 - C:5', 'C', 'SINGLE', 'C', '[C]1-[c]2[c][c][c][c][c]2-[c]2[c][c][c][c][c]2-1', '[#6](=[#8])[#6;H3]'), (1, '[#8]=[#15]([#8]-[#7])(c)c', 'N:4 - O:20', 'O', 'SINGLE', 'N', '[#8]=[#15]([#8])([c])[c]', '[#7]')]","[(0, 'c1ccccc1[#7&!a;X4&H1&+,X4&H2&+,X4&H3&+,X3&H1&+0,X3&H0&+0,X3&H2&+0;!$([#7][!#6])]-[#6](=[#8])[#6&H3]', 'C:2 - N:4', 'N', 'SINGLE', 'C', '[c]1[c][c][c][c][c]1[#7;!a;X4H+,X4H2+,X4H3+,X3H+0,X3H0+0,X3H2+0;!$([#7][!#6])]', '[#6](=[#8])[#6;H3]'), (0, 'C1-c2cc(ccc2-c2ccccc2-1)-[#7][#6]=[#8]', 'C:5 - N:4', 'C', 'SINGLE', 'N', '[C]1-[c]2[c][c][c][c][c]2-[c]2[c][c][c][c][c]2-1', '[#6](=[#8])[#7]')]"
c4,CC(C)(C)C(=O)CC#N.NOP(=O)(c1ccccc1)c1ccccc1>>CC(C)(C)C(=O)C(N)C#N,CC(C)(C)C(=O)C(N)C#N,[CH3:1][C:2]([CH3:3])([CH3:4])[C:5](=[O:6])[CH2:7][C:9]#[N:10].[NH2:8][O:13][P:12](=[O:11])([c:14]1[cH:15][cH:16][cH:17][cH:18][cH:19]1)[c:20]1[cH:21][cH:22][cH:23][cH:24][cH:25]1>>[CH3:1][C:2]([CH3:3])([CH3:4])[C:5](=[O:6])[CH:7]([NH2:8])[C:9]#[N:10],"[['C:7 - H'], ['N:8 - O:13']]",[['C:7 - N:8']],[],"[(0, '[#6][#6](=[#8])[#6:2]', 'C:7 - H', 'C', 'SINGLE', 'H', '[#6][#6](=[#8])[#6]', '[H]')]","[(0, '[#7&X3&H2:1][#6:2]', 'C:7 - N:8', 'C', 'SINGLE', 'N')]","[(1, '[#8]=[#15]([#8]-[#7])(c)c', 'N:8 - O:13', 'O', 'SINGLE', 'N', '[#8]=[#15]([#8])([c])[c]', '[#7]')]","[(0, '[#6]([#6](=[#8])[#6])-[#7]', 'C:7 - N:8', 'C', 'SINGLE', 'N', '[#6][#6](=[#8])[#6]', '[#7]')]"
c4,CC(C)(C)C(=O)CC(=O)C(C)(C)C.NOP(=O)(c1ccccc1)c1ccccc1>>CC(C)(C)C(=O)C(N)C(=O)C(C)(C)C,CC(C)(C)C(=O)C(N)C(=O)C(C)(C)C,[CH3:1][C:2]([CH3:3])([CH3:4])[C:5](=[O:6])[CH2:7][C:9](=[O:10])[C:11]([CH3:12])([CH3:13])[CH3:14].[NH2:8][O:17][P:16](=[O:15])([c:18]1[cH:19][cH:20][cH:21][cH:22][cH:23]1)[c:24]1[cH:25][cH:26][cH:27][cH:28][cH:29]1>>[CH3:1][C:2]([CH3:3])([CH3:4])[C:5](=[O:6])[CH:7]([NH2:8])[C:9](=[O:10])[C:11]([CH3:12])([CH3:13])[CH3:14],"[['C:7 - H'], ['N:8 - O:17']]",[['C:7 - N:8']],[],"[(0, '[#6:2][#6](=[#8])[#6]', 'C:7 - H', 'C', 'SINGLE', 'H', '[#6][#6](=[#8])[#6]', '[H]')]","[(0, '[#7&X3&H2:1][#6:2]', 'C:7 - N:8', 'C', 'SINGLE', 'N')]","[(1, '[#8]=[#15]([#8]-[#7])(c)c', 'N:8 - O:17', 'O', 'SINGLE', 'N', '[#8]=[#15]([#8])([c])[c]', '[#7]')]","[(0, '[#6]([#6](=[#8])[#6])-[#7]', 'C:7 - N:8', 'C', 'SINGLE', 'N', '[#6][#6](=[#8])[#6]', '[#7]')]"
c4,CC(=O)C1=NCCS1.NOP(=O)(c1ccccc1)c1ccccc1>>CC(=O)NC1=NCCS1,CC(=O)NC1=NCCS1,[CH3:1][C:2](=[O:3])[C:5]1=[N:6][CH2:7][CH2:8][S:9]1.[NH2:4][O:12][P:11](=[O:10])([c:13]1[cH:14][cH:15][cH:16][cH:17][cH:18]1)[c:19]1[cH:20][cH:21][cH:22][cH:23][cH:24]1>>[CH3:1][C:2](=[O:3])[NH:4][C:5]1=[N:6][CH2:7][CH2:8][S:9]1,"[['C:2 - C:5'], ['N:4 - H', 'N:4 - O:12']]","[['C:2 - N:4', 'C:5 - N:4']]",[],"[(0, '[#6][#6:1](=[#8])[#6:2]', 'C:2 - C:5', 'C', 'SINGLE', 'C'), (1, '[#7:2]', 'N:4 - H', 'N', 'SINGLE', 'H', '[#7]', '[H]')]","[(0, '[#6:1](=[#8])[#7:2]', 'C:2 - N:4', 'C', 'SINGLE', 'N'), (0, '[#7&X3&H1:1]([#6])[#6:2]', 'C:5 - N:4', 'C', 'SINGLE', 'N')]","[(0, '[#16]1[#6][#6][#7]=[#6]1-[#6](=[#8])[#6&H3]', 'C:2 - C:5', 'C', 'SINGLE', 'C', '[#16]1[#6][#6][#7]=[#6]1', '[#6](=[#8])[#6;H3]'), (1, '[#8]=[#15]([#8]-[#7])(c)c', 'N:4 - O:12', 'O', 'SINGLE', 'N', '[#8]=[#15]([#8])([c])[c]', '[#7]')]","[(0, '[#6](=[#8])([#6&H3])-[#7]', 'C:2 - N:4', 'C', 'SINGLE', 'N', '[#6](=[#8])[#6;H3]', '[#7]'), (0, '[#16]1[#6][#6][#7]=[#6]1-[#7][#6]=[#8]', 'C:5 - N:4', 'C', 'SINGLE', 'N', '[#16]1[#6][#6][#7]=[#6]1', '[#6](=[#8])[#7]')]"
c4,CSC1=NCCN1.NOP(=O)(c1ccccc1)c1ccccc1>>CSC1=NCCN1N,CSC1=NCCN1N,[CH3:1][S:2][C:3]1=[N:4][CH2:5][CH2:6][NH:7]1.[NH2:8][O:11][P:10](=[O:9])([c:12]1[cH:13][cH:14][cH:15][cH:16][cH:17]1)[c:18]1[cH:19][cH:20][cH:21][cH:22][cH:23]1>>[CH3:1][S:2][C:3]1=[N:4][CH2:5][CH2:6][N:7]1[NH2:8],"[['N:7 - H'], ['N:8 - O:11']]",[['N:7 - N:8']],[],"[(0, '[N:2]1C=NCC1', 'N:7 - H', 'N', 'SINGLE', 'H', '[N]1[C]=[N][C][C]1', '[H]')]","[(0, '[#7;X3&H1&+0,X3&H2&+0,X3&H0&+0:1][#7;X3&H1&+0,X3&H2&+0,X3&H0&+0:2]', 'N:7 - N:8', 'N', 'SINGLE', 'N')]","[(1, '[#8]=[#15]([#8]-[#7])(c)c', 'N:8 - O:11', 'O', 'SINGLE', 'N', '[#8]=[#15]([#8])([c])[c]', '[#7]')]","[(0, 'N1(C=NCC1)-[#7]', 'N:7 - N:8', 'N', 'SINGLE', 'N', '[N]1[C]=[N][C][C]1', '[#7]')]"
c4,CC(=O)C=CC(C)C.NOP(=O)(c1ccccc1)c1ccccc1>>C/C(C=CC(C)C)=N/O,C/C(C=CC(C)C)=N/O,[H][O:9][H].[CH3:1][C:2]([CH:3]=[CH:4][CH:5]([CH3:7])[CH3:6])=O.[NH2:8]OP(c1ccccc1)(c2ccccc2)=O>>[CH3:1]/[C:2]([CH:3]=[CH:4][CH:5]([CH3:7])[CH3:6])=[N:8]/[OH:9],"[['C:2 = O:10'], ['N:8 - H', 'O:9 - P:12']]","[['C:2 = N:8', 'O:9 - H']]",[],[],"[(0, '[#6&X3:1]=[#7:2][#8&X2&H1]', 'C:2 = N:8', 'C', 'DOUBLE', 'N'), (0, '[#7][#8&X2&H1:2]', 'O:9 - H', 'O', 'SINGLE', 'H', '[#7][#8X2H]', '[H]')]",[],"[(0, '[#7]([#8&X2&H1])=[#6]', 'C:2 = N:8', 'N', 'DOUBLE', 'C', '[#7][#8X2H]', '[#6]')]"
c4,CC(=O)/C=C/CC(C)C.NOP(=O)(c1ccccc1)c1ccccc1>>CC(/C=C/CC(C)C)=N/O,CC(/C=C/CC(C)C)=N/O,[H][O:10][H].[CH3:1][C:2](/[CH:3]=[CH:4]/[CH2:5][CH:6]([CH3:8])[CH3:7])=O.[NH2:9]OP(c1ccccc1)(c2ccccc2)=O>>[CH3:1][C:2](/[CH:3]=[CH:4]/[CH2:5][CH:6]([CH3:8])[CH3:7])=[N:9]/[OH:10],"[['C:2 = O:11'], ['N:9 - H', 'O:10 - P:13']]","[['C:2 = N:9', 'O:10 - H']]",[],[],"[(0, '[#6&X3:1]=[#7:2][#8&X2&H1]', 'C:2 = N:9', 'C', 'DOUBLE', 'N'), (0, '[#7][#8&X2&H1:2]', 'O:10 - H', 'O', 'SINGLE', 'H', '[#7][#8X2H]', '[H]')]",[],"[(0, '[#7]([#8&X2&H1])=[#6]', 'C:2 = N:9', 'N', 'DOUBLE', 'C', '[#7][#8X2H]', '[#6]')]"
c4,NOP(=O)(c1ccccc1)c1ccccc1.c1ccc2n[nH]cc2c1>>Nn1cc2ccccc2n1,Nn1cc2ccccc2n1,[NH2:1][O:13][P:12](=[O:11])([c:14]1[cH:15][cH:16][cH:17][cH:18][cH:19]1)[c:20]1[cH:21][cH:22][cH:23][cH:24][cH:25]1.[nH:2]1[cH:3][c:4]2[cH:5][cH:6][cH:7][cH:8][c:9]2[n:10]1>>[NH2:1][n:2]1[cH:3][c:4]2[cH:5][cH:6][cH:7][cH:8][c:9]2[n:10]1,"[['N:1 - O:13'], ['N:2 - H']]",[['N:1 - N:2']],[],"[(1, 'c12n[n:2]cc1cccc2', 'N:2 - H', 'N', 'SINGLE', 'H', '[c]1([n][n][c]2)[c]2[c][c][c][c]1', '[H]')]","[(0, '[#7;X3&H1&+0,X3&H2&+0,X3&H0&+0:1][#7;X3&H1&+0,X3&H2&+0,X3&H0&+0:2]', 'N:1 - N:2', 'N', 'SINGLE', 'N')]","[(0, '[#8]=[#15]([#8]-[#7])(c)c', 'N:1 - O:13', 'O', 'SINGLE', 'N', '[#8]=[#15]([#8])([c])[c]', '[#7]')]","[(0, '[#6]1[#7]([#7][#6][#6]1)-[#7]', 'N:1 - N:2', 'N', 'SINGLE', 'N', '[#6]1[#7][#7][#6][#6]1', '[#7]')]"
c4,CC(C)(C)c1ncc[nH]1.NOP(=O)(c1ccccc1)c1ccccc1>>CC(C)(C)c1n(N)cc[n+]1N,CC(C)(C)c1n(N)cc[n+]1N,[CH3:1][C:2]([CH3:3])([CH3:4])[c:5]1[nH:6][cH:7][cH:8][n:9]1.[NH2:10][O:12][P:13]([c:14]1[cH:15][cH:16][cH:17][cH:18][cH:19]1)([c:20]1[cH:21][cH:22][cH:23][cH:24][cH:25]1)=[O:26].[NH2:11][O:27][P:28]([c:29]1[cH:30][cH:31][cH:32][cH:33][cH:34]1)([c:35]1[cH:36][cH:37][cH:38][cH:39][cH:40]1)=[O:41]>>[CH3:1][C:2]([CH3:3])([CH3:4])[c:5]1[n:6]([NH2:11])[cH:7][cH:8][n+:9]1[NH2:10],"[['N:6 - H'], ['N:10 - O:12'], ['N:11 - O:27']]","[['N:6 - N:11', 'N:9 - N:10']]",[],"[(0, '[#7:2]1[#6][#7][#6][#6]1', 'N:6 - H', 'N', 'SINGLE', 'H', '[#7]1[#6][#7][#6][#6]1', '[H]')]","[(0, '[#7;X3&H1&+0,X3&H2&+0,X3&H0&+0:1][#7;X3&H1&+0,X3&H2&+0,X3&H0&+0:2]', 'N:6 - N:11', 'N', 'SINGLE', 'N')]","[(1, '[#8]=[#15]([#8]-[#7])(c)c', 'N:10 - O:12', 'O', 'SINGLE', 'N', '[#8]=[#15]([#8])([c])[c]', '[#7]'), (2, '[#8]=[#15]([#8]-[#7])(c)c', 'N:11 - O:27', 'O', 'SINGLE', 'N', '[#8]=[#15]([#8])([c])[c]', '[#7]')]","[(0, '[#7]1([#6][#7][#6][#6]1)-[#7]', 'N:6 - N:11', 'N', 'SINGLE', 'N', '[#7]1[#6][#7][#6][#6]1', '[#7]'), (0, '[#7]1([#6][#7][#6][#6]1)-[#7]', 'N:9 - N:10', 'N', 'SINGLE', 'N', '[#7]1[#6][#7][#6][#6]1', '[#7]')]"
c4,NOP(=O)(c1ccccc1)c1ccccc1.SC1=NCCS1>>SC1=NNCCS1,SC1=NNCCS1,[NH2:3][O:10][P:9](=[O:8])([c:11]1[cH:12][cH:13][cH:14][cH:15][cH:16]1)[c:17]1[cH:18][cH:19][cH:20][cH:21][cH:22]1.[SH:1][C:2]1=[N:4][CH2:5][CH2:6][S:7]1>>[SH:1][C:2]1=[N:3][NH:4][CH2:5][CH2:6][S:7]1,"[['N:3 - O:10', 'N:3 - H'], ['C:2 = N:4']]","[['C:2 = N:3', 'N:4 - H', 'N:3 - N:4']]",[],"[(0, '[#7:2]', 'N:3 - H', 'N', 'SINGLE', 'H', '[#7]', '[H]'), (1, '[#16]1[#6][#6][#7:1]=[#6:2]1', 'C:2 = N:4', 'C', 'DOUBLE', 'N')]","[(0, '[#7]1[#6][#6][#16][#6:1]=[#7:2]1', 'C:2 = N:3', 'C', 'DOUBLE', 'N'), (0, '[#7:2]1[#6][#6][#16][#6]=[#7]1', 'N:4 - H', 'N', 'SINGLE', 'H', '[#7]1[#6][#6][#16][#6]=[#7]1', '[H]'), (0, '[#7:2]1[#6][#6][#16][#6]=[#7:1]1', 'N:3 - N:4', 'N', 'SINGLE', 'N')]","[(0, '[#8]=[#15]([#8]-[#7])(c)c', 'N:3 - O:10', 'O', 'SINGLE', 'N', '[#8]=[#15]([#8])([c])[c]', '[#7]'), (1, '[#6&!$(C#N)]([#16&v2&H1])=[#7]', 'C:2 = N:4', 'C', 'DOUBLE', 'N', '[#6&!$([C]#[N])][#16v2H1]', '[#7]')]","[(0, '[#6&!$(C#N)]([#16&v2&H1])=[#7]', 'C:2 = N:3', 'C', 'DOUBLE', 'N', '[#6&!$([C]#[N])][#16v2H1]', '[#7]'), (0, '[#7]-[#7]', 'N:3 - N:4', 'N', 'SINGLE', 'N', '[#7]', '[#7]')]"
c4,NOP(=O)(c1ccccc1)c1ccccc1.c1csc(C2=NCCN2)c1>>NN1CCN=C1c1cccs1,NN1CCN=C1c1cccs1,[NH2:1][O:14][P:13](=[O:12])([c:15]1[cH:16][cH:17][cH:18][cH:19][cH:20]1)[c:21]1[cH:22][cH:23][cH:24][cH:25][cH:26]1.[NH:2]1[CH2:3][CH2:4][N:5]=[C:6]1[c:7]1[cH:8][cH:9][cH:10][s:11]1>>[NH2:1][N:2]1[CH2:3][CH2:4][N:5]=[C:6]1[c:7]1[cH:8][cH:9][cH:10][s:11]1,"[['N:1 - O:14'], ['N:2 - H']]",[['N:1 - N:2']],[],"[(1, '[N:2]1C=NCC1', 'N:2 - H', 'N', 'SINGLE', 'H', '[N]1[C]=[N][C][C]1', '[H]')]","[(0, '[#7;X3&H1&+0,X3&H2&+0,X3&H0&+0:1][#7;X3&H1&+0,X3&H2&+0,X3&H0&+0:2]', 'N:1 - N:2', 'N', 'SINGLE', 'N')]","[(0, '[#8]=[#15]([#8]-[#7])(c)c', 'N:1 - O:14', 'O', 'SINGLE', 'N', '[#8]=[#15]([#8])([c])[c]', '[#7]')]","[(0, 'N1(C=NCC1)-[#7]', 'N:1 - N:2', 'N', 'SINGLE', 'N', '[N]1[C]=[N][C][C]1', '[#7]')]"
c4,NOP(=O)(c1ccccc1)c1ccccc1.O=C1NC(=O)C2=C1CCCC2>>NN1C(=O)C2=C(CCCC2)C1=O,NN1C(=O)C2=C(CCCC2)C1=O,[NH2:1][O:15][P:14](=[O:13])([c:16]1[cH:17][cH:18][cH:19][cH:20][cH:21]1)[c:22]1[cH:23][cH:24][cH:25][cH:26][cH:27]1.[NH:2]1[C:3](=[O:4])[C:5]2=[C:6]([CH2:7][CH2:8][CH2:9][CH2:10]2)[C:11]1=[O:12]>>[NH2:1][N:2]1[C:3](=[O:4])[C:5]2=[C:6]([CH2:7][CH2:8][CH2:9][CH2:10]2)[C:11]1=[O:12],"[['N:1 - O:15'], ['N:2 - H']]",[['N:1 - N:2']],[],"[(1, '[#6]1(=[#8])[#6]=[#6][#6](=[#8])[#7:2]1', 'N:2 - H', 'N', 'SINGLE', 'H', '[#6]1(=[#8])[#6]=[#6][#6](=[#8])[#7]1', '[H]')]","[(0, '[#6&X3](=[#8])[#7;H1,H0:1][#7;X3&H1&+0,X3&H2&+0,X3&H0&+0:2]', 'N:1 - N:2', 'N', 'SINGLE', 'N')]","[(0, '[#8]=[#15]([#8]-[#7])(c)c', 'N:1 - O:15', 'O', 'SINGLE', 'N', '[#8]=[#15]([#8])([c])[c]', '[#7]')]","[(0, '[#6]1(=[#8])[#6]=[#6][#6](=[#8])[#7]1-[#7]', 'N:1 - N:2', 'N', 'SINGLE', 'N', '[#6]1(=[#8])[#6]=[#6][#6](=[#8])[#7]1', '[#7]')]"
c5,Cc1cc[n+]([O-])cc1.NOP(=O)(c1ccccc1)c1ccccc1>>Cc1cc[n+](ON)cc1,Cc1cc[n+](ON)cc1,[CH3:1][c:2]1[cH:3][cH:4][n+:5]([O-:6])[cH:8][cH:9]1.[NH2:7][O:12][P:11](=[O:10])([c:13]1[cH:14][cH:15][cH:16][cH:17][cH:18]1)[c:19]1[cH:20][cH:21][cH:22][cH:23][cH:24]1>>[CH3:1][c:2]1[cH:3][cH:4][n+:5]([O:6][NH2:7])[cH:8][cH:9]1,"[None, ['N:7 - O:12']]",[['N:7 - O:6']],[],[],[],"[(1, '[#8]=[#15]([#8]-[#7])(c)c', 'N:7 - O:12', 'O', 'SINGLE', 'N', '[#8]=[#15]([#8])([c])[c]', '[#7]')]","[(0, '[#7]-[#8]', 'N:7 - O:6', 'N', 'SINGLE', 'O', '[#7]', '[#8]')]"
c5,NOP(=O)(c1ccccc1)c1ccccc1.c1ccc2cnccc2c1>>N[n+]1ccc2ccccc2c1,N[n+]1ccc2ccccc2c1,[NH2:1][O:14][P:13](=[O:12])([c:15]1[cH:16][cH:17][cH:18][cH:19][cH:20]1)[c:21]1[cH:22][cH:23][cH:24][cH:25][cH:26]1.[n:2]1[cH:3][cH:4][c:5]2[cH:6][cH:7][cH:8][cH:9][c:10]2[cH:11]1>>[NH2:1][n+:2]1[cH:3][cH:4][c:5]2[cH:6][cH:7][cH:8][cH:9][c:10]2[cH:11]1,"[['N:1 - O:14'], None]",[['N:1 - N:2']],[],[],"[(0, '[N:1][n&+:2]1ccccc1', 'N:1 - N:2', 'N', 'SINGLE', 'N')]","[(0, '[#8]=[#15]([#8]-[#7])(c)c', 'N:1 - O:14', 'O', 'SINGLE', 'N', '[#8]=[#15]([#8])([c])[c]', '[#7]')]","[(0, '[#6]12[#6][#6][#7]([#6][#6]1[#6][#6][#6][#6]2)-[#7]', 'N:1 - N:2', 'N', 'SINGLE', 'N', '[#6]1([#6][#6][#7][#6]2)[#6]2[#6][#6][#6][#6]1', '[#7]')]"
c5,NOP(=O)(c1ccccc1)c1ccccc1.c1ccc2c(c1)CCCN2>>NN1CCCc2ccccc21,NN1CCCc2ccccc21,[NH2:1][O:14][P:13](=[O:12])([c:15]1[cH:16][cH:17][cH:18][cH:19][cH:20]1)[c:21]1[cH:22][cH:23][cH:24][cH:25][cH:26]1.[NH:2]1[CH2:3][CH2:4][CH2:5][c:6]2[cH:7][cH:8][cH:9][cH:10][c:11]21>>[NH2:1][N:2]1[CH2:3][CH2:4][CH2:5][c:6]2[cH:7][cH:8][cH:9][cH:10][c:11]21,"[['N:1 - O:14'], ['N:2 - H']]",[['N:1 - N:2']],[],"[(1, '[#6]12[#6][#6][#6][#7:2][#6]1[#6][#6][#6][#6]2', 'N:2 - H', 'N', 'SINGLE', 'H', '[#6]1([#6][#6][#6][#7]2)[#6]2[#6][#6][#6][#6]1', '[H]')]","[(0, '[#7;X3&H1&+0,X3&H2&+0,X3&H0&+0:1][#7;X3&H1&+0,X3&H2&+0,X3&H0&+0:2]', 'N:1 - N:2', 'N', 'SINGLE', 'N')]","[(0, '[#8]=[#15]([#8]-[#7])(c)c', 'N:1 - O:14', 'O', 'SINGLE', 'N', '[#8]=[#15]([#8])([c])[c]', '[#7]')]","[(0, '[#6]12[#6][#6][#6][#7]([#6]1[#6][#6][#6][#6]2)-[#7]', 'N:1 - N:2', 'N', 'SINGLE', 'N', '[#6]1([#6][#6][#6][#7]2)[#6]2[#6][#6][#6][#6]1', '[#7]')]"
c5,NOP(=O)(c1ccccc1)c1ccccc1.c1cc2[nH]ccc2cn1>>N[n+]1ccc2[nH]ccc2c1,N[n+]1ccc2[nH]ccc2c1,[NH2:1][O:13][P:12](=[O:11])([c:14]1[cH:15][cH:16][cH:17][cH:18][cH:19]1)[c:20]1[cH:21][cH:22][cH:23][cH:24][cH:25]1.[n:2]1[cH:3][cH:4][c:5]2[nH:6][cH:7][cH:8][c:9]2[cH:10]1>>[NH2:1][n+:2]1[cH:3][cH:4][c:5]2[nH:6][cH:7][cH:8][c:9]2[cH:10]1,"[['N:1 - O:13'], None]",[['N:1 - N:2']],[],[],"[(0, '[N:1][n&+:2]1ccccc1', 'N:1 - N:2', 'N', 'SINGLE', 'N')]","[(0, '[#8]=[#15]([#8]-[#7])(c)c', 'N:1 - O:13', 'O', 'SINGLE', 'N', '[#8]=[#15]([#8])([c])[c]', '[#7]')]","[(0, '[#6]1[#6][#6][#7]([#6][#6]1)-[#7]', 'N:1 - N:2', 'N', 'SINGLE', 'N', '[#6]1[#6][#6][#7][#6][#6]1', '[#7]')]"
c5,NOP(=O)(c1ccccc1)c1ccccc1.c1ccc2[nH]ncc2c1>>Nn1ncc2ccccc21,Nn1ncc2ccccc21,[NH2:1][O:13][P:12](=[O:11])([c:14]1[cH:15][cH:16][cH:17][cH:18][cH:19]1)[c:20]1[cH:21][cH:22][cH:23][cH:24][cH:25]1.[nH:2]1[n:3][cH:4][c:5]2[cH:6][cH:7][cH:8][cH:9][c:10]12>>[NH2:1][n:2]1[n:3][cH:4][c:5]2[cH:6][cH:7][cH:8][cH:9][c:10]12,"[['N:1 - O:13'], ['N:2 - H']]",[['N:1 - N:2']],[],"[(1, 'c12[n:2]ncc1cccc2', 'N:2 - H', 'N', 'SINGLE', 'H', '[c]1([n][n][c]2)[c]2[c][c][c][c]1', '[H]')]","[(0, '[#7;X3&H1&+0,X3&H2&+0,X3&H0&+0:1][#7;X3&H1&+0,X3&H2&+0,X3&H0&+0:2]', 'N:1 - N:2', 'N', 'SINGLE', 'N')]","[(0, '[#8]=[#15]([#8]-[#7])(c)c', 'N:1 - O:13', 'O', 'SINGLE', 'N', '[#8]=[#15]([#8])([c])[c]', '[#7]')]","[(0, '[#6]1[#7]([#7][#6][#6]1)-[#7]', 'N:1 - N:2', 'N', 'SINGLE', 'N', '[#6]1[#7][#7][#6][#6]1', '[#7]')]"
c5,NOP(=O)(c1ccccc1)c1ccccc1.c1c[nH]cn1>>Nn1cc[n+](N)c1,Nn1cc[n+](N)c1,[NH2:7][O:8][P:9]([c:10]1[cH:11][cH:12][cH:13][cH:14][cH:15]1)([c:16]1[cH:17][cH:18][cH:19][cH:20][cH:21]1)=[O:22].[NH2:1][O:23][P:24]([c:25]1[cH:26][cH:27][cH:28][cH:29][cH:30]1)([c:31]1[cH:32][cH:33][cH:34][cH:35][cH:36]1)=[O:37].[n:2]1[cH:3][cH:4][nH:5][cH:6]1>>[NH2:1][n+:2]1[cH:3][cH:4][n:5]([NH2:7])[cH:6]1,"[['N:7 - O:8'], ['N:1 - O:23'], ['N:5 - H']]","[['N:5 - N:7', 'N:1 - N:2']]",[],"[(2, '[#7]1[#6][#7:2][#6][#6]1', 'N:5 - H', 'N', 'SINGLE', 'H', '[#7]1[#6][#7][#6][#6]1', '[H]')]","[(0, '[#7;X3&H1&+0,X3&H2&+0,X3&H0&+0:1][#7;X3&H1&+0,X3&H2&+0,X3&H0&+0:2]', 'N:5 - N:7', 'N', 'SINGLE', 'N')]","[(0, '[#8]=[#15]([#8]-[#7])(c)c', 'N:7 - O:8', 'O', 'SINGLE', 'N', '[#8]=[#15]([#8])([c])[c]', '[#7]'), (1, '[#8]=[#15]([#8]-[#7])(c)c', 'N:1 - O:23', 'O', 'SINGLE', 'N', '[#8]=[#15]([#8])([c])[c]', '[#7]')]","[(0, '[#7]1([#6][#7][#6][#6]1)-[#7]', 'N:5 - N:7', 'N', 'SINGLE', 'N', '[#7]1[#6][#7][#6][#6]1', '[#7]'), (0, '[#7]1([#6][#7][#6][#6]1)-[#7]', 'N:1 - N:2', 'N', 'SINGLE', 'N', '[#7]1[#6][#7][#6][#6]1', '[#7]')]"
c5,NOP(=O)(c1ccccc1)c1ccccc1.c1cnc2cc[nH]c2c1>>N[n+]1cccc2[nH]ccc21,N[n+]1cccc2[nH]ccc21,[NH2:1][O:13][P:12](=[O:11])([c:14]1[cH:15][cH:16][cH:17][cH:18][cH:19]1)[c:20]1[cH:21][cH:22][cH:23][cH:24][cH:25]1.[n:2]1[cH:3][cH:4][cH:5][c:6]2[nH:7][cH:8][cH:9][c:10]12>>[NH2:1][n+:2]1[cH:3][cH:4][cH:5][c:6]2[nH:7][cH:8][cH:9][c:10]12,"[['N:1 - O:13'], None]",[['N:1 - N:2']],[],[],"[(0, '[N:1][n&+:2]1ccccc1', 'N:1 - N:2', 'N', 'SINGLE', 'N')]","[(0, '[#8]=[#15]([#8]-[#7])(c)c', 'N:1 - O:13', 'O', 'SINGLE', 'N', '[#8]=[#15]([#8])([c])[c]', '[#7]')]","[(0, '[#6]1[#6][#6][#7]([#6][#6]1)-[#7]', 'N:1 - N:2', 'N', 'SINGLE', 'N', '[#6]1[#6][#6][#7][#6][#6]1', '[#7]')]"
c5,Cc1c[nH]cn1.NOP(=O)(c1ccccc1)c1ccccc1>>Cc1cn(N)c[n+]1N,Cc1cn(N)c[n+]1N,[CH3:1][c:2]1[cH:3][nH:4][cH:5][n:6]1.[NH2:7][O:9][P:10]([c:11]1[cH:12][cH:13][cH:14][cH:15][cH:16]1)([c:17]1[cH:18][cH:19][cH:20][cH:21][cH:22]1)=[O:23].[NH2:8][O:24][P:25]([c:26]1[cH:27][cH:28][cH:29][cH:30][cH:31]1)([c:32]1[cH:33][cH:34][cH:35][cH:36][cH:37]1)=[O:38]>>[CH3:1][c:2]1[cH:3][n:4]([NH2:8])[cH:5][n+:6]1[NH2:7],"[['N:4 - H'], ['N:7 - O:9'], ['N:8 - O:24']]","[['N:6 - N:7', 'N:4 - N:8']]",[],"[(0, '[#7:2]1[#6][#7][#6][#6]1', 'N:4 - H', 'N', 'SINGLE', 'H', '[#7]1[#6][#7][#6][#6]1', '[H]')]","[(0, '[#7;X3&H1&+0,X3&H2&+0,X3&H0&+0:1][#7;X3&H1&+0,X3&H2&+0,X3&H0&+0:2]', 'N:4 - N:8', 'N', 'SINGLE', 'N')]","[(1, '[#8]=[#15]([#8]-[#7])(c)c', 'N:7 - O:9', 'O', 'SINGLE', 'N', '[#8]=[#15]([#8])([c])[c]', '[#7]'), (2, '[#8]=[#15]([#8]-[#7])(c)c', 'N:8 - O:24', 'O', 'SINGLE', 'N', '[#8]=[#15]([#8])([c])[c]', '[#7]')]","[(0, '[#7]1([#6][#7][#6][#6]1)-[#7]', 'N:6 - N:7', 'N', 'SINGLE', 'N', '[#7]1[#6][#7][#6][#6]1', '[#7]'), (0, '[#7]1([#6][#7][#6][#6]1)-[#7]', 'N:4 - N:8', 'N', 'SINGLE', 'N', '[#7]1[#6][#7][#6][#6]1', '[#7]')]"
c5,NOP(=O)(c1ccccc1)c1ccccc1.c1ccc2[nH]cnc2c1>>Nn1c[n+](N)c2ccccc21,Nn1c[n+](N)c2ccccc21,[NH2:11][O:12][P:13]([c:14]1[cH:15][cH:16][cH:17][cH:18][cH:19]1)([c:20]1[cH:21][cH:22][cH:23][cH:24][cH:25]1)=[O:26].[NH2:1][O:27][P:28]([c:29]1[cH:30][cH:31][cH:32][cH:33][cH:34]1)([c:35]1[cH:36][cH:37][cH:38][cH:39][cH:40]1)=[O:41].[n:2]1[cH:3][nH:4][c:5]2[c:6]1[cH:7][cH:8][cH:9][cH:10]2>>[NH2:1][n+:2]1[cH:3][n:4]([NH2:11])[c:5]2[c:6]1[cH:7][cH:8][cH:9][cH:10]2,"[['N:11 - O:12'], ['N:1 - O:27'], ['N:4 - H']]","[['N:4 - N:11', 'N:1 - N:2']]",[],"[(2, 'c12[n:2]cnc1cccc2', 'N:4 - H', 'N', 'SINGLE', 'H', '[c]1([n][c][n]2)[c]2[c][c][c][c]1', '[H]')]","[(0, '[#7;X3&H1&+0,X3&H2&+0,X3&H0&+0:1][#7;X3&H1&+0,X3&H2&+0,X3&H0&+0:2]', 'N:4 - N:11', 'N', 'SINGLE', 'N')]","[(0, '[#8]=[#15]([#8]-[#7])(c)c', 'N:11 - O:12', 'O', 'SINGLE', 'N', '[#8]=[#15]([#8])([c])[c]', '[#7]'), (1, '[#8]=[#15]([#8]-[#7])(c)c', 'N:1 - O:27', 'O', 'SINGLE', 'N', '[#8]=[#15]([#8])([c])[c]', '[#7]')]","[(0, '[#7]1([#6][#7][#6][#6]1)-[#7]', 'N:4 - N:11', 'N', 'SINGLE', 'N', '[#7]1[#6][#7][#6][#6]1', '[#7]'), (0, '[#7]1([#6][#7][#6][#6]1)-[#7]', 'N:1 - N:2', 'N', 'SINGLE', 'N', '[#7]1[#6][#7][#6][#6]1', '[#7]')]"
c5,NOP(=O)(c1ccccc1)c1ccccc1.c1ccc2ncncc2c1>>N[n+]1cncc2ccccc21,N[n+]1cncc2ccccc21,[NH2:1][O:14][P:13](=[O:12])([c:15]1[cH:16][cH:17][cH:18][cH:19][cH:20]1)[c:21]1[cH:22][cH:23][cH:24][cH:25][cH:26]1.[n:2]1[cH:3][n:4][cH:5][c:6]2[cH:7][cH:8][cH:9][cH:10][c:11]12>>[NH2:1][n+:2]1[cH:3][n:4][cH:5][c:6]2[cH:7][cH:8][cH:9][cH:10][c:11]12,"[['N:1 - O:14'], None]",[['N:1 - N:2']],[],[],[],"[(0, '[#8]=[#15]([#8]-[#7])(c)c', 'N:1 - O:14', 'O', 'SINGLE', 'N', '[#8]=[#15]([#8])([c])[c]', '[#7]')]","[(0, '[#7]-[#7]', 'N:1 - N:2', 'N', 'SINGLE', 'N', '[#7]', '[#7]')]"
c5,NOP(=O)(c1ccccc1)c1ccccc1.O=C1CCCCCCC1>>O=C1CCCCCCCN1,O=C1CCCCCCCN1,[NH2:10][O:13][P:12](=[O:11])([c:14]1[cH:15][cH:16][cH:17][cH:18][cH:19]1)[c:20]1[cH:21][cH:22][cH:23][cH:24][cH:25]1.[O:1]=[C:2]1[CH2:3][CH2:4][CH2:5][CH2:6][CH2:7][CH2:8][CH2:9]1>>[O:1]=[C:2]1[CH2:3][CH2:4][CH2:5][CH2:6][CH2:7][CH2:8][CH2:9][NH:10]1,"[['N:10 - H', 'N:10 - O:13'], ['C:2 - C:9']]","[['C:2 - N:10', 'C:9 - N:10']]",[],"[(0, '[#7:2]', 'N:10 - H', 'N', 'SINGLE', 'H', '[#7]', '[H]'), (1, '[#6&r8&R1:2]1[#6&r8&R1][#6&r8&R1][#6&r8&R1][#6&r8&R1][#6&r8&R1][#6&r8&R1][#6&r8&R1:1]1', 'C:2 - C:9', 'C', 'SINGLE', 'C')]","[(0, '[#6&r9&R1]1[#6&r9&R1][#6&r9&R1][#6&r9&R1:1][#7&r9&R1:2][#6&r9&R1][#6&r9&R1][#6&r9&R1][#6&r9&R1]1', 'C:2 - N:10', 'C', 'SINGLE', 'N'), (0, '[#6&r9&R1]1[#6&r9&R1][#6&r9&R1][#6&r9&R1][#7&r9&R1:1][#6&r9&R1:2][#6&r9&R1][#6&r9&R1][#6&r9&R1]1', 'C:9 - N:10', 'C', 'SINGLE', 'N')]","[(0, '[#8]=[#15]([#8]-[#7])(c)c', 'N:10 - O:13', 'O', 'SINGLE', 'N', '[#8]=[#15]([#8])([c])[c]', '[#7]'), (1, '[#6](=[#8])-[#6]', 'C:2 - C:9', 'C', 'SINGLE', 'C', '[#6]=[#8]', '[#6]')]","[(0, '[#6](=[#8])-[#7]', 'C:2 - N:10', 'C', 'SINGLE', 'N', '[#6]=[#8]', '[#7]'), (0, '[#6](=[#8])[#7]-[#6]', 'C:9 - N:10', 'N', 'SINGLE', 'C', '[#6](=[#8])[#7]', '[#6]')]"
c5,NOP(=O)(c1ccccc1)c1ccccc1.c1ccc2sccc2c1>>O=S1C=Cc2ccccc21,O=S1C=Cc2ccccc21,[H][O:10][H].NOP(c1ccccc1)(c2ccccc2)=O.[c:4]3([cH:5][cH:6][cH:7][cH:8]4)[c:9]4[s:1][cH:2][cH:3]3>>[O:10]=[S:1]5[CH:2]=[CH:3][c:4]6[c:9]5[cH:8][cH:7][cH:6][cH:5]6,"[['N:11 - O:1', 'O:1 - P:12'], None]",[['O:1 = S:2']],"['C:10 aromatic S:2 -> C:10 - S:2', 'C:4 aromatic C:5 -> C:4 - C:5', 'C:3 aromatic C:4 -> C:3 = C:4', 'C:3 aromatic S:2 -> C:3 - S:2']",[],"[(0, '[#6]1[#6]=[#6:1][#16:2][#6]1', 'O:1 = S:2', 'O', 'DOUBLE', 'S')]",[],[]
c5,Cc1ccc2[nH]cnc2c1.NOP(=O)(c1ccccc1)c1ccccc1>>Cc1ccc2c(c1)[n+](N)cn2N,Cc1ccc2c(c1)[n+](N)cn2N,[CH3:1][c:2]1[cH:3][cH:4][c:5]2[c:6]([cH:7]1)[n:8][cH:9][nH:10]2.[NH2:11][O:13][P:14]([c:15]1[cH:16][cH:17][cH:18][cH:19][cH:20]1)([c:21]1[cH:22][cH:23][cH:24][cH:25][cH:26]1)=[O:27].[NH2:12][O:28][P:29]([c:30]1[cH:31][cH:32][cH:33][cH:34][cH:35]1)([c:36]1[cH:37][cH:38][cH:39][cH:40][cH:41]1)=[O:42]>>[CH3:1][c:2]1[cH:3][cH:4][c:5]2[c:6]([cH:7]1)[n+:8]([NH2:12])[cH:9][n:10]2[NH2:11],"[['N:10 - H'], ['N:11 - O:13'], ['N:12 - O:28']]","[['N:8 - N:12', 'N:10 - N:11']]",[],"[(0, 'c12[n:2]cnc1cccc2', 'N:10 - H', 'N', 'SINGLE', 'H', '[c]1([n][c][n]2)[c]2[c][c][c][c]1', '[H]')]","[(0, '[#7;X3&H1&+0,X3&H2&+0,X3&H0&+0:1][#7;X3&H1&+0,X3&H2&+0,X3&H0&+0:2]', 'N:10 - N:11', 'N', 'SINGLE', 'N')]","[(1, '[#8]=[#15]([#8]-[#7])(c)c', 'N:11 - O:13', 'O', 'SINGLE', 'N', '[#8]=[#15]([#8])([c])[c]', '[#7]'), (2, '[#8]=[#15]([#8]-[#7])(c)c', 'N:12 - O:28', 'O', 'SINGLE', 'N', '[#8]=[#15]([#8])([c])[c]', '[#7]')]","[(0, '[#7]1([#6][#7][#6][#6]1)-[#7]', 'N:8 - N:12', 'N', 'SINGLE', 'N', '[#7]1[#6][#7][#6][#6]1', '[#7]'), (0, '[#7]1([#6][#7][#6][#6]1)-[#7]', 'N:10 - N:11', 'N', 'SINGLE', 'N', '[#7]1[#6][#7][#6][#6]1', '[#7]')]"
c5,CN1CCCc2ccccc21.NOP(=O)(c1ccccc1)c1ccccc1>>CN1CCCc2cccc(N)c21,CN1CCCc2cccc(N)c21,[CH3:1][N:2]1[CH2:3][CH2:4][CH2:5][c:6]2[cH:7][cH:8][cH:9][cH:10][c:12]21.[NH2:11][O:15][P:14](=[O:13])([c:16]1[cH:17][cH:18][cH:19][cH:20][cH:21]1)[c:22]1[cH:23][cH:24][cH:25][cH:26][cH:27]1>>[CH3:1][N:2]1[CH2:3][CH2:4][CH2:5][c:6]2[cH:7][cH:8][cH:9][c:10]([NH2:11])[c:12]21,"[['C:10 - H'], ['N:11 - O:15']]",[['C:10 - N:11']],[],"[(0, '[#6]12[#6][#6][#6][#7][#6]1[#6:2][#6][#6][#6]2', 'C:10 - H', 'C', 'SINGLE', 'H', '[#6]1([#6][#6][#6][#7]2)[#6]2[#6][#6][#6][#6]1', '[H]')]","[(0, '[#7&X3&H2:1][#6:2]', 'C:10 - N:11', 'C', 'SINGLE', 'N')]","[(1, '[#8]=[#15]([#8]-[#7])(c)c', 'N:11 - O:15', 'O', 'SINGLE', 'N', '[#8]=[#15]([#8])([c])[c]', '[#7]')]","[(0, '[#6]12[#6][#6][#6][#7][#6]1[#6]([#6][#6][#6]2)-[#7]', 'C:10 - N:11', 'C', 'SINGLE', 'N', '[#6]1([#6][#6][#6][#7]2)[#6]2[#6][#6][#6][#6]1', '[#7]')]"
c5,C[PH](C)=O.NOP(=O)(c1ccccc1)c1ccccc1>>CP(C)(N)=O,CP(C)(N)=O,[CH3:1][PH:2]([CH3:3])=[O:5].[NH2:4][O:8][P:7](=[O:6])([c:9]1[cH:10][cH:11][cH:12][cH:13][cH:14]1)[c:15]1[cH:16][cH:17][cH:18][cH:19][cH:20]1>>[CH3:1][P:2]([CH3:3])([NH2:4])=[O:5],"[['P:2 - H'], ['N:4 - O:8']]",[['N:4 - P:2']],[],"[(0, '[#8]=[#15:2]([#6])[#6]', 'P:2 - H', 'P', 'SINGLE', 'H', '[#8]=[#15]([#6])[#6]', '[H]')]","[(0, '[#8]=[#15:1]([#7:2])([#6])[#6]', 'N:4 - P:2', 'N', 'SINGLE', 'P')]","[(1, '[#8]=[#15]([#8]-[#7])(c)c', 'N:4 - O:8', 'O', 'SINGLE', 'N', '[#8]=[#15]([#8])([c])[c]', '[#7]')]","[(0, '[#8]=[#15]([#6])([#6])-[#7]', 'N:4 - P:2', 'P', 'SINGLE', 'N', '[#8]=[#15]([#6])[#6]', '[#7]')]"
c5,Cn1cnc2ccccc21.NOP(=O)(c1ccccc1)c1ccccc1>>Cn1c[n+](N)c2ccccc21,Cn1c[n+](N)c2ccccc21,[CH3:1][n:2]1[cH:3][n:4][c:6]2[cH:7][cH:8][cH:9][cH:10][c:11]12.[NH2:5][O:14][P:13](=[O:12])([c:15]1[cH:16][cH:17][cH:18][cH:19][cH:20]1)[c:21]1[cH:22][cH:23][cH:24][cH:25][cH:26]1>>[CH3:1][n:2]1[cH:3][n+:4]([NH2:5])[c:6]2[cH:7][cH:8][cH:9][cH:10][c:11]12,"[None, ['N:5 - O:14']]",[['N:4 - N:5']],[],[],[],"[(1, '[#8]=[#15]([#8]-[#7])(c)c', 'N:5 - O:14', 'O', 'SINGLE', 'N', '[#8]=[#15]([#8])([c])[c]', '[#7]')]","[(0, '[#7]1([#6][#7][#6][#6]1)-[#7]', 'N:4 - N:5', 'N', 'SINGLE', 'N', '[#7]1[#6][#7][#6][#6]1', '[#7]')]"
c5,CC(=O)c1ccc(C)cc1.NOP(=O)(c1ccccc1)c1ccccc1>>CC(=O)Nc1ccc(C)cc1,CC(=O)Nc1ccc(C)cc1,[CH3:1][C:2](=[O:3])[c:5]1[cH:6][cH:7][c:8]([CH3:9])[cH:10][cH:11]1.[NH2:4][O:14][P:13](=[O:12])([c:15]1[cH:16][cH:17][cH:18][cH:19][cH:20]1)[c:21]1[cH:22][cH:23][cH:24][cH:25][cH:26]1>>[CH3:1][C:2](=[O:3])[NH:4][c:5]1[cH:6][cH:7][c:8]([CH3:9])[cH:10][cH:11]1,"[['C:2 - C:5'], ['N:4 - H', 'N:4 - O:14']]","[['C:2 - N:4', 'C:5 - N:4']]",[],"[(0, '[#6][#6:1](=[#8])[#6:2]', 'C:2 - C:5', 'C', 'SINGLE', 'C'), (1, '[#7:2]', 'N:4 - H', 'N', 'SINGLE', 'H', '[#7]', '[H]')]","[(0, '[#6:1](=[#8])[#7:2]', 'C:2 - N:4', 'C', 'SINGLE', 'N'), (0, '[#7&X3&H1:1]([#6])[#6:2]', 'C:5 - N:4', 'C', 'SINGLE', 'N')]","[(0, 'c1cc(ccc1[#6&X4])-[#6](=[#8])[#6&H3]', 'C:2 - C:5', 'C', 'SINGLE', 'C', '[c]1[c][c][c][c][c]1[#6X4]', '[#6](=[#8])[#6;H3]'), (1, '[#8]=[#15]([#8]-[#7])(c)c', 'N:4 - O:14', 'O', 'SINGLE', 'N', '[#8]=[#15]([#8])([c])[c]', '[#7]')]","[(0, 'c1ccccc1[#7&!a;X4&H1&+,X4&H2&+,X4&H3&+,X3&H1&+0,X3&H0&+0,X3&H2&+0;!$([#7][!#6])]-[#6](=[#8])[#6&H3]', 'C:2 - N:4', 'N', 'SINGLE', 'C', '[c]1[c][c][c][c][c]1[#7;!a;X4H+,X4H2+,X4H3+,X3H+0,X3H0+0,X3H2+0;!$([#7][!#6])]', '[#6](=[#8])[#6;H3]'), (0, 'c1cc(ccc1[#6&X4])-[#7][#6]=[#8]', 'C:5 - N:4', 'C', 'SINGLE', 'N', '[c]1[c][c][c][c][c]1[#6X4]', '[#6](=[#8])[#7]')]"
c5,NOP(=O)(c1ccccc1)c1ccccc1.c1ccc(-c2ccncc2)cc1>>N[n+]1ccc(-c2ccccc2)cc1,N[n+]1ccc(-c2ccccc2)cc1,[NH2:1][O:16][P:15](=[O:14])([c:17]1[cH:18][cH:19][cH:20][cH:21][cH:22]1)[c:23]1[cH:24][cH:25][cH:26][cH:27][cH:28]1.[n:2]1[cH:3][cH:4][c:5](-[c:6]2[cH:7][cH:8][cH:9][cH:10][cH:11]2)[cH:12][cH:13]1>>[NH2:1][n+:2]1[cH:3][cH:4][c:5](-[c:6]2[cH:7][cH:8][cH:9][cH:10][cH:11]2)[cH:12][cH:13]1,"[['N:1 - O:16'], None]",[['N:1 - N:2']],[],[],"[(0, '[N:1][n&+:2]1ccccc1', 'N:1 - N:2', 'N', 'SINGLE', 'N')]","[(0, '[#8]=[#15]([#8]-[#7])(c)c', 'N:1 - O:16', 'O', 'SINGLE', 'N', '[#8]=[#15]([#8])([c])[c]', '[#7]')]","[(0, '[#6]1[#6][#6][#7]([#6][#6]1)-[#7]', 'N:1 - N:2', 'N', 'SINGLE', 'N', '[#6]1[#6][#6][#7][#6][#6]1', '[#7]')]"
c5,NOP(=O)(c1ccccc1)c1ccccc1.c1ccc(-c2ncc[nH]2)cc1>>Nn1cc[n+](N)c1-c1ccccc1,Nn1cc[n+](N)c1-c1ccccc1,[NH2:13][O:14][P:15]([c:16]1[cH:17][cH:18][cH:19][cH:20][cH:21]1)([c:22]1[cH:23][cH:24][cH:25][cH:26][cH:27]1)=[O:28].[NH2:1][O:29][P:30]([c:31]1[cH:32][cH:33][cH:34][cH:35][cH:36]1)([c:37]1[cH:38][cH:39][cH:40][cH:41][cH:42]1)=[O:43].[n:2]1[cH:3][cH:4][nH:5][c:6]1-[c:7]1[cH:8][cH:9][cH:10][cH:11][cH:12]1>>[NH2:1][n+:2]1[cH:3][cH:4][n:5]([NH2:13])[c:6]1-[c:7]1[cH:8][cH:9][cH:10][cH:11][cH:12]1,"[['N:13 - O:14'], ['N:1 - O:29'], ['N:5 - H']]","[['N:5 - N:13', 'N:1 - N:2']]",[],"[(2, '[#7]1[#6][#7:2][#6][#6]1', 'N:5 - H', 'N', 'SINGLE', 'H', '[#7]1[#6][#7][#6][#6]1', '[H]')]","[(0, '[#7;X3&H1&+0,X3&H2&+0,X3&H0&+0:1][#7;X3&H1&+0,X3&H2&+0,X3&H0&+0:2]', 'N:5 - N:13', 'N', 'SINGLE', 'N')]","[(0, '[#8]=[#15]([#8]-[#7])(c)c', 'N:13 - O:14', 'O', 'SINGLE', 'N', '[#8]=[#15]([#8])([c])[c]', '[#7]'), (1, '[#8]=[#15]([#8]-[#7])(c)c', 'N:1 - O:29', 'O', 'SINGLE', 'N', '[#8]=[#15]([#8])([c])[c]', '[#7]')]","[(0, '[#7]1([#6][#7][#6][#6]1)-[#7]', 'N:5 - N:13', 'N', 'SINGLE', 'N', '[#7]1[#6][#7][#6][#6]1', '[#7]'), (0, '[#7]1([#6][#7][#6][#6]1)-[#7]', 'N:1 - N:2', 'N', 'SINGLE', 'N', '[#7]1[#6][#7][#6][#6]1', '[#7]')]"
c5,NOP(=O)(c1ccccc1)c1ccccc1.On1nnc2ccccc21>>NOn1nnc2ccccc21,NOn1nnc2ccccc21,[NH2:1][O:14][P:13](=[O:12])([c:15]1[cH:16][cH:17][cH:18][cH:19][cH:20]1)[c:21]1[cH:22][cH:23][cH:24][cH:25][cH:26]1.[OH:2][n:3]1[n:4][n:5][c:6]2[cH:7][cH:8][cH:9][cH:10][c:11]12>>[NH2:1][O:2][n:3]1[n:4][n:5][c:6]2[cH:7][cH:8][cH:9][cH:10][c:11]12,"[['N:1 - O:14'], ['O:2 - H']]",[['N:1 - O:2']],[],"[(1, '[#7][#8&X2&H1:2]', 'O:2 - H', 'O', 'SINGLE', 'H', '[#7][#8X2H]', '[H]')]",[],"[(0, '[#8]=[#15]([#8]-[#7])(c)c', 'N:1 - O:14', 'O', 'SINGLE', 'N', '[#8]=[#15]([#8])([c])[c]', '[#7]')]","[(0, '[#7]-[#8]', 'N:1 - O:2', 'N', 'SINGLE', 'O', '[#7]', '[#8]')]"
c5,Cc1c2ccccc2nc2ccccc12.NOP(=O)(c1ccccc1)c1ccccc1>>Cc1nn(-c2ccccc2)c2ccccc12,Cc1nn(-c2ccccc2)c2ccccc12,[CH3:1][c:2]1[c:10]2[c:5]([n:4][c:11]3[cH:12][cH:13][cH:14][cH:15][c:16]13)[cH:6][cH:7][cH:8][cH:9]2.[NH2:3][O:19][P:18](=[O:17])([c:20]1[cH:21][cH:22][cH:23][cH:24][cH:25]1)[c:26]1[cH:27][cH:28][cH:29][cH:30][cH:31]1>>[CH3:1][c:2]1[n:3][n:4](-[c:5]2[cH:6][cH:7][cH:8][cH:9][cH:10]2)[c:11]2[cH:12][cH:13][cH:14][cH:15][c:16]12,"[['C:2 aromatic C:10'], ['N:3 - O:19', 'N:3 - H']]","[['C:10 - H', 'N:3 aromatic N:4', 'C:2 aromatic N:3']]",['C:5 aromatic N:4 -> C:5 - N:4'],"[(0, '[#6:1]12[#6:2][#6][#6][#7][#6]1[#6][#6][#6][#6]2', 'C:2 aromatic C:10', 'C', 'AROMATIC', 'C'), (1, '[#7:2]', 'N:3 - H', 'N', 'SINGLE', 'H', '[#7]', '[H]')]","[(0, 'c1cccc[c:2]1', 'C:10 - H', 'C', 'SINGLE', 'H', '[c]1[c][c][c][c][c]1', '[H]'), (0, '[#6]1[#7:1][#7:2][#6][#6]1', 'N:3 aromatic N:4', 'N', 'AROMATIC', 'N'), (0, '[#6:1]1[#7:2][#7][#6][#6]1', 'C:2 aromatic N:3', 'C', 'AROMATIC', 'N')]","[(1, '[#8]=[#15]([#8]-[#7])(c)c', 'N:3 - O:19', 'O', 'SINGLE', 'N', '[#8]=[#15]([#8])([c])[c]', '[#7]')]",[]
c5,NOP(=O)(c1ccccc1)c1ccccc1.c1ccc2c(c1)NCCS2>>N=S1CCNc2ccccc21,N=S1CCNc2ccccc21,[NH2:1][O:14][P:13](=[O:12])([c:15]1[cH:16][cH:17][cH:18][cH:19][cH:20]1)[c:21]1[cH:22][cH:23][cH:24][cH:25][cH:26]1.[S:2]1[CH2:3][CH2:4][NH:5][c:6]2[cH:7][cH:8][cH:9][cH:10][c:11]21>>[NH:1]=[S:2]1[CH2:3][CH2:4][NH:5][c:6]2[cH:7][cH:8][cH:9][cH:10][c:11]21,"[['N:1 - O:14', 'N:1 - H'], None]",[['N:1 = S:2']],[],"[(0, '[#7:2]', 'N:1 - H', 'N', 'SINGLE', 'H', '[#7]', '[H]')]","[(0, '[#7:1]=[#16:2]([#6])[#6]', 'N:1 = S:2', 'N', 'DOUBLE', 'S')]","[(0, '[#8]=[#15]([#8]-[#7])(c)c', 'N:1 - O:14', 'O', 'SINGLE', 'N', '[#8]=[#15]([#8])([c])[c]', '[#7]')]","[(0, '[#7]1[#6][#6][#16]([#6][#6]1)=[#7]', 'N:1 = S:2', 'S', 'DOUBLE', 'N', '[#7]1[#6][#6][#16][#6][#6]1', '[#7]')]"
c5,CN1CCCc2ccc([N+](=O)[O-])cc21.NOP(=O)(c1ccccc1)c1ccccc1>>C[N+]1(N)CCCc2ccc([N+](=O)[O-])cc21,C[N+]1(N)CCCc2ccc([N+](=O)[O-])cc21,[CH3:1][N:2]1[CH2:4][CH2:5][CH2:6][c:7]2[cH:8][cH:9][c:10]([N+:11](=[O:12])[O-:13])[cH:14][c:15]21.[NH2:3][O:18][P:17](=[O:16])([c:19]1[cH:20][cH:21][cH:22][cH:23][cH:24]1)[c:25]1[cH:26][cH:27][cH:28][cH:29][cH:30]1>>[CH3:1][N+:2]1([NH2:3])[CH2:4][CH2:5][CH2:6][c:7]2[cH:8][cH:9][c:10]([N+:11](=[O:12])[O-:13])[cH:14][c:15]21,"[None, ['N:3 - O:18']]",[['N:2 - N:3']],[],[],"[(0, '[#6][#7&+:1]([#7:2])([#6])[#6]', 'N:2 - N:3', 'N', 'SINGLE', 'N')]","[(1, '[#8]=[#15]([#8]-[#7])(c)c', 'N:3 - O:18', 'O', 'SINGLE', 'N', '[#8]=[#15]([#8])([c])[c]', '[#7]')]","[(0, '[#6]12[#6][#6][#6][#7]([#6]1[#6][#6][#6][#6]2)-[#7]', 'N:2 - N:3', 'N', 'SINGLE', 'N', '[#6]1([#6][#6][#6][#7]2)[#6]2[#6][#6][#6][#6]1', '[#7]')]"
c5,C1=NCCc2ccccc21.NOP(=O)(c1ccccc1)c1ccccc1>>C1=NNCCc2ccccc21,C1=NNCCc2ccccc21,[CH:1]1=[N:3][CH2:4][CH2:5][c:6]2[cH:7][cH:8][cH:9][cH:10][c:11]21.[NH2:2][O:14][P:13](=[O:12])([c:15]1[cH:16][cH:17][cH:18][cH:19][cH:20]1)[c:21]1[cH:22][cH:23][cH:24][cH:25][cH:26]1>>[CH:1]1=[N:2][NH:3][CH2:4][CH2:5][c:6]2[cH:7][cH:8][cH:9][cH:10][c:11]21,"[['C:1 = N:3'], ['N:2 - H', 'N:2 - O:14']]","[['N:2 - N:3', 'N:3 - H', 'C:1 = N:2']]",[],"[(0, '[#7&X2;H1,H0;!$([#7&X2][#7,#8,#9,#15,#16,#17,Br,I]):1]=[#6&X3:2]', 'C:1 = N:3', 'C', 'DOUBLE', 'N'), (1, '[#7:2]', 'N:2 - H', 'N', 'SINGLE', 'H', '[#7]', '[H]')]","[(0, '[#7:1][#7&X2:2]=[#6&X3]', 'N:2 - N:3', 'N', 'SINGLE', 'N'), (0, '[#7:2][#7&X2]=[#6&X3]', 'N:3 - H', 'N', 'SINGLE', 'H', '[#7][#7X2]=[#6X3]', '[H]'), (0, '[#7][#7&X2:1]=[#6&X3:2]', 'C:1 = N:2', 'C', 'DOUBLE', 'N')]","[(0, '[#6]=[#7]', 'C:1 = N:3', 'C', 'DOUBLE', 'N', '[#6]', '[#7]'), (1, '[#8]=[#15]([#8]-[#7])(c)c', 'N:2 - O:14', 'O', 'SINGLE', 'N', '[#8]=[#15]([#8])([c])[c]', '[#7]')]","[(0, '[#7]-[#7]', 'N:2 - N:3', 'N', 'SINGLE', 'N', '[#7]', '[#7]'), (0, '[#6]=[#7]', 'C:1 = N:2', 'C', 'DOUBLE', 'N', '[#6]', '[#7]')]"
c5,NOP(=O)(c1ccccc1)c1ccccc1.c1cnc2[nH]ccc2c1>>N[n+]1cccc2cc[nH]c21,N[n+]1cccc2cc[nH]c21,[NH2:1][O:13][P:12](=[O:11])([c:14]1[cH:15][cH:16][cH:17][cH:18][cH:19]1)[c:20]1[cH:21][cH:22][cH:23][cH:24][cH:25]1.[n:2]1[cH:3][cH:4][cH:5][c:6]2[cH:7][cH:8][nH:9][c:10]12>>[NH2:1][n+:2]1[cH:3][cH:4][cH:5][c:6]2[cH:7][cH:8][nH:9][c:10]12,"[['N:1 - O:13'], None]",[['N:1 - N:2']],[],[],"[(0, '[N:1][n&+:2]1ccccc1', 'N:1 - N:2', 'N', 'SINGLE', 'N')]","[(0, '[#8]=[#15]([#8]-[#7])(c)c', 'N:1 - O:13', 'O', 'SINGLE', 'N', '[#8]=[#15]([#8])([c])[c]', '[#7]')]","[(0, '[#6]1[#6][#6][#7]([#6][#6]1)-[#7]', 'N:1 - N:2', 'N', 'SINGLE', 'N', '[#6]1[#6][#6][#7][#6][#6]1', '[#7]')]"
c5,NOP(=O)(c1ccccc1)c1ccccc1.c1ccc(Cn2ccnc2)cc1>>N[n+]1ccn(Cc2ccccc2)c1,N[n+]1ccn(Cc2ccccc2)c1,[NH2:1][O:16][P:15](=[O:14])([c:17]1[cH:18][cH:19][cH:20][cH:21][cH:22]1)[c:23]1[cH:24][cH:25][cH:26][cH:27][cH:28]1.[n:2]1[cH:3][cH:4][n:5]([CH2:6][c:7]2[cH:8][cH:9][cH:10][cH:11][cH:12]2)[cH:13]1>>[NH2:1][n+:2]1[cH:3][cH:4][n:5]([CH2:6][c:7]2[cH:8][cH:9][cH:10][cH:11][cH:12]2)[cH:13]1,"[['N:1 - O:16'], None]",[['N:1 - N:2']],[],[],[],"[(0, '[#8]=[#15]([#8]-[#7])(c)c', 'N:1 - O:16', 'O', 'SINGLE', 'N', '[#8]=[#15]([#8])([c])[c]', '[#7]')]","[(0, '[#7]1([#6][#7][#6][#6]1)-[#7]', 'N:1 - N:2', 'N', 'SINGLE', 'N', '[#7]1[#6][#7][#6][#6]1', '[#7]')]"
c5,CC(=O)/C=C/c1cccs1.NOP(=O)(c1ccccc1)c1ccccc1>>CC(=O)N/C=C\c1cccs1,CC(=O)N/C=C\c1cccs1,[CH3:1][C:2](=[O:3])/[CH:5]=[CH:6]/[c:7]1[cH:8][cH:9][cH:10][s:11]1.[NH2:4][O:14][P:13](=[O:12])([c:15]1[cH:16][cH:17][cH:18][cH:19][cH:20]1)[c:21]1[cH:22][cH:23][cH:24][cH:25][cH:26]1>>[CH3:1][C:2](=[O:3])[NH:4]/[CH:5]=[CH:6]\[c:7]1[cH:8][cH:9][cH:10][s:11]1,"[['C:2 - C:5'], ['N:4 - H', 'N:4 - O:14']]","[['C:2 - N:4', 'C:5 - N:4']]",[],"[(0, '[#6][#6:1](=[#8])[#6:2]', 'C:2 - C:5', 'C', 'SINGLE', 'C'), (1, '[#7:2]', 'N:4 - H', 'N', 'SINGLE', 'H', '[#7]', '[H]')]","[(0, '[#6:1](=[#8])[#7:2]', 'C:2 - N:4', 'C', 'SINGLE', 'N'), (0, '[#7&X3&H1:1]([#6])[#6:2]', 'C:5 - N:4', 'C', 'SINGLE', 'N')]","[(0, '[#6](=[#8])([#6&H3])-[#6&X3]=[#6&X3]', 'C:2 - C:5', 'C', 'SINGLE', 'C', '[#6](=[#8])[#6;H3]', '[#6X3]=[#6X3]'), (1, '[#8]=[#15]([#8]-[#7])(c)c', 'N:4 - O:14', 'O', 'SINGLE', 'N', '[#8]=[#15]([#8])([c])[c]', '[#7]')]","[(0, '[#6](=[#8])([#6&H3])-[#7]', 'C:2 - N:4', 'C', 'SINGLE', 'N', '[#6](=[#8])[#6;H3]', '[#7]'), (0, '[#6](=[#8])[#7]-[#6&X3]=[#6&X3]', 'C:5 - N:4', 'N', 'SINGLE', 'C', '[#6](=[#8])[#7]', '[#6X3]=[#6X3]')]"
c5,NOP(=O)(c1ccccc1)c1ccccc1.O=C1CCCCCCCCCCCCCC1>>O=C1CCCCCCCCCCCCCCN1,O=C1CCCCCCCCCCCCCCN1,[NH2:17][O:20][P:19](=[O:18])([c:21]1[cH:22][cH:23][cH:24][cH:25][cH:26]1)[c:27]1[cH:28][cH:29][cH:30][cH:31][cH:32]1.[O:1]=[C:2]1[CH2:3][CH2:4][CH2:5][CH2:6][CH2:7][CH2:8][CH2:9][CH2:10][CH2:11][CH2:12][CH2:13][CH2:14][CH2:15][CH2:16]1>>[O:1]=[C:2]1[CH2:3][CH2:4][CH2:5][CH2:6][CH2:7][CH2:8][CH2:9][CH2:10][CH2:11][CH2:12][CH2:13][CH2:14][CH2:15][CH2:16][NH:17]1,"[['N:17 - H', 'N:17 - O:20'], ['C:2 - C:16']]","[['C:16 - N:17', 'C:2 - N:17']]",[],"[(0, '[#7:2]', 'N:17 - H', 'N', 'SINGLE', 'H', '[#7]', '[H]'), (1, '[#6][#6:1](=[#8])[#6:2]', 'C:2 - C:16', 'C', 'SINGLE', 'C')]","[(0, '[#7&X3&H1:1]([#6:2])[#6]', 'C:16 - N:17', 'C', 'SINGLE', 'N'), (0, '[#6:1](=[#8])[#7:2]', 'C:2 - N:17', 'C', 'SINGLE', 'N')]","[(0, '[#8]=[#15]([#8]-[#7])(c)c', 'N:17 - O:20', 'O', 'SINGLE', 'N', '[#8]=[#15]([#8])([c])[c]', '[#7]'), (1, '[#6](=[#8])-[#6]', 'C:2 - C:16', 'C', 'SINGLE', 'C', '[#6]=[#8]', '[#6]')]","[(0, '[#6](=[#8])[#7]-[#6]', 'C:16 - N:17', 'N', 'SINGLE', 'C', '[#6](=[#8])[#7]', '[#6]'), (0, '[#6](=[#8])-[#7]', 'C:2 - N:17', 'C', 'SINGLE', 'N', '[#6]=[#8]', '[#7]')]"
c5,NOP(=O)(c1ccccc1)c1ccccc1.O=C1CCCCCCCCCCCCCC1>>ON=C1CCCCCCCCCCCCCC1,ON=C1CCCCCCCCCCCCCC1,[H][O:17][H].[NH2:1]OP(c1ccccc1)(c2ccccc2)=O.O=[C:2]3[CH2:3][CH2:4][CH2:5][CH2:6][CH2:7][CH2:8][CH2:9][CH2:10][CH2:11][CH2:12][CH2:13][CH2:14][CH2:15][CH2:16]3>>[OH:17]/[N:1]=[C:2]4[CH2:3][CH2:4][CH2:5][CH2:6][CH2:7][CH2:8][CH2:9][CH2:10][CH2:11][CH2:12][CH2:13][CH2:14][CH2:15][CH2:16]\4,"[['O:1 - P:19', 'N:2 - H'], ['C:3 = O:32']]","[['C:3 = N:2', 'O:1 - H']]",[],[],"[(0, '[#7:2][#8&X2&H1]', 'O:1 - H', 'O', 'SINGLE', 'H', '[#7][#8X2H]', '[H]')]",[],[]
c5,CC1(C)CC(=O)c2ccccc21.NOP(=O)(c1ccccc1)c1ccccc1>>CC1(C)C/C(=N/O)c2ccccc21,CC1(C)C/C(=N/O)c2ccccc21,[H][O:13][H].[CH3:1][C:2]1([CH2:4][C:5]([c:6]2[c:11]1[cH:10][cH:9][cH:8][cH:7]2)=O)[CH3:3].[NH2:12]OP(c3ccccc3)(c4ccccc4)=O>>[CH3:1][C:2]5([CH2:4]/[C:5]([c:6]6[c:11]5[cH:10][cH:9][cH:8][cH:7]6)=[N:12]/[OH:13])[CH3:3],"[['C:5 = O:14'], ['N:6 - H', 'O:7 - P:16']]","[['C:5 = N:6', 'O:7 - H']]",[],"[(1, '[c:2]1ccccc1[#6&X4]', 'N:6 - H', 'N', 'SINGLE', 'H', '[c]1[c][c][c][c][c]1[#6X4]', '[H]')]","[(0, '[#6]1[#6][#6:1][#6:2][#6]1', 'C:5 = N:6', 'C', 'DOUBLE', 'N'), (0, '[#6]1[#6]c2:ccc[c:2]c2[#6]1', 'O:7 - H', 'O', 'SINGLE', 'H', '[#6]1[#6][c]2:[c][c][c][c][c]2[#6]1', '[H]')]",[],[]
c5,Cc1ccccc1-n1cccn1.NOP(=O)(c1ccccc1)c1ccccc1>>Cc1ccccc1-n1ccc[n+]1N,Cc1ccccc1-n1ccc[n+]1N,[CH3:1][c:2]1[cH:3][cH:4][cH:5][cH:6][c:7]1-[n:8]1[cH:9][cH:10][cH:11][n:12]1.[NH2:13][O:16][P:15](=[O:14])([c:17]1[cH:18][cH:19][cH:20][cH:21][cH:22]1)[c:23]1[cH:24][cH:25][cH:26][cH:27][cH:28]1>>[CH3:1][c:2]1[cH:3][cH:4][cH:5][cH:6][c:7]1-[n:8]1[cH:9][cH:10][cH:11][n+:12]1[NH2:13],"[None, ['N:13 - O:16']]",[['N:12 - N:13']],[],[],[],"[(1, '[#8]=[#15]([#8]-[#7])(c)c', 'N:13 - O:16', 'O', 'SINGLE', 'N', '[#8]=[#15]([#8])([c])[c]', '[#7]')]","[(0, '[#6]1[#7]([#7][#6][#6]1)-[#7]', 'N:12 - N:13', 'N', 'SINGLE', 'N', '[#6]1[#7][#7][#6][#6]1', '[#7]')]"
c5,NOP(=O)(c1ccccc1)c1ccccc1.O=Cc1csc2ccccc12>>O=CC1=CS(=O)c2ccccc21,O=CC1=CS(=O)c2ccccc21,[H][O:12][H].NOP(c1ccccc1)(c2ccccc2)=O.[O:1]=[CH:2][c:3]([cH:4][s:5]3)[c:11]4[c:6]3[cH:7][cH:8][cH:9][cH:10]4>>[O:1]=[CH:2][C:3]5=[CH:4][S:5]([c:6]6[c:11]5[cH:10][cH:9][cH:8][cH:7]6)=[O:12],"[['N:13 - O:6', 'O:6 - P:14'], None]",[['O:6 = S:5']],"['C:3 aromatic C:4 -> C:3 = C:4', 'C:4 aromatic S:5 -> C:4 - S:5', 'C:7 aromatic S:5 -> C:7 - S:5', 'C:3 aromatic C:12 -> C:3 - C:12']",[],"[(0, '[#6]1[#6]=[#6][#16:1][#6:2]1', 'O:6 = S:5', 'O', 'DOUBLE', 'S')]",[],[]
c5,ClCC1CN(Cc2ccccc2)CCO1.NOP(=O)(c1ccccc1)c1ccccc1>>N[N+]1(Cc2ccccc2)CCOC(CCl)C1,N[N+]1(Cc2ccccc2)CCOC(CCl)C1,[N:2]1([CH2:3][c:4]2[cH:5][cH:6][cH:7][cH:8][cH:9]2)[CH2:10][CH2:11][O:12][CH:13]([CH2:14][Cl:15])[CH2:16]1.[NH2:1][O:19][P:18](=[O:17])([c:20]1[cH:21][cH:22][cH:23][cH:24][cH:25]1)[c:26]1[cH:27][cH:28][cH:29][cH:30][cH:31]1>>[NH2:1][N+:2]1([CH2:3][c:4]2[cH:5][cH:6][cH:7][cH:8][cH:9]2)[CH2:10][CH2:11][O:12][CH:13]([CH2:14][Cl:15])[CH2:16]1,"[None, ['N:1 - O:19']]",[['N:1 - N:2']],[],[],"[(0, '[#6][#7&+:1]([#7:2])([#6])[#6]', 'N:1 - N:2', 'N', 'SINGLE', 'N')]","[(1, '[#8]=[#15]([#8]-[#7])(c)c', 'N:1 - O:19', 'O', 'SINGLE', 'N', '[#8]=[#15]([#8])([c])[c]', '[#7]')]","[(0, '[#7]1([#6][#6][#8][#6][#6]1)-[#7]', 'N:1 - N:2', 'N', 'SINGLE', 'N', '[#7]1[#6][#6][#8][#6][#6]1', '[#7]')]"
c5,C1=CCN(Cc2ccccc2)CC1.NOP(=O)(c1ccccc1)c1ccccc1>>N[N+]1(Cc2ccccc2)CC=CCC1,N[N+]1(Cc2ccccc2)CC=CCC1,[N:2]1([CH2:3][c:4]2[cH:5][cH:6][cH:7][cH:8][cH:9]2)[CH2:10][CH:11]=[CH:12][CH2:13][CH2:14]1.[NH2:1][O:17][P:16](=[O:15])([c:18]1[cH:19][cH:20][cH:21][cH:22][cH:23]1)[c:24]1[cH:25][cH:26][cH:27][cH:28][cH:29]1>>[NH2:1][N+:2]1([CH2:3][c:4]2[cH:5][cH:6][cH:7][cH:8][cH:9]2)[CH2:10][CH:11]=[CH:12][CH2:13][CH2:14]1,"[None, ['N:1 - O:17']]",[['N:1 - N:2']],[],[],"[(0, '[#6][#7&+:1]([#7:2])([#6])[#6]', 'N:1 - N:2', 'N', 'SINGLE', 'N')]","[(1, '[#8]=[#15]([#8]-[#7])(c)c', 'N:1 - O:17', 'O', 'SINGLE', 'N', '[#8]=[#15]([#8])([c])[c]', '[#7]')]","[(0, '[#6]1=[#6][#6][#7]([#6][#6]1)-[#7]', 'N:1 - N:2', 'N', 'SINGLE', 'N', '[#6]1=[#6][#6][#7][#6][#6]1', '[#7]')]"
c5,CS(=O)c1ccccc1.NOP(=O)(c1ccccc1)c1ccccc1>>CS(=N)(=O)c1ccccc1,CS(=N)(=O)c1ccccc1,[CH3:1][S:2](=[O:4])[c:5]1[cH:6][cH:7][cH:8][cH:9][cH:10]1.[NH2:3][O:13][P:12](=[O:11])([c:14]1[cH:15][cH:16][cH:17][cH:18][cH:19]1)[c:20]1[cH:21][cH:22][cH:23][cH:24][cH:25]1>>[CH3:1][S:2](=[NH:3])(=[O:4])[c:5]1[cH:6][cH:7][cH:8][cH:9][cH:10]1,"[None, ['N:3 - O:13', 'N:3 - H']]",[['N:3 = S:2']],[],"[(1, '[#7:2]', 'N:3 - H', 'N', 'SINGLE', 'H', '[#7]', '[H]')]","[(0, '[#7:1]=[#16:2]([#6])[#6]', 'N:3 = S:2', 'N', 'DOUBLE', 'S')]","[(1, '[#8]=[#15]([#8]-[#7])(c)c', 'N:3 - O:13', 'O', 'SINGLE', 'N', '[#8]=[#15]([#8])([c])[c]', '[#7]')]","[(0, '[#7]=[#16]', 'N:3 = S:2', 'N', 'DOUBLE', 'S', '[#7]', '[#16]')]"
c5,CN1c2ccccc2Sc2ccccc21.NOP(=O)(c1ccccc1)c1ccccc1>>CN1c2ccccc2S(=N)c2ccccc21,CN1c2ccccc2S(=N)c2ccccc21,[CH3:1][N:2]1[c:3]2[cH:4][cH:5][cH:6][cH:7][c:8]2[S:9][c:11]2[cH:12][cH:13][cH:14][cH:15][c:16]21.[NH2:10][O:19][P:18](=[O:17])([c:20]1[cH:21][cH:22][cH:23][cH:24][cH:25]1)[c:26]1[cH:27][cH:28][cH:29][cH:30][cH:31]1>>[CH3:1][N:2]1[c:3]2[cH:4][cH:5][cH:6][cH:7][c:8]2[S:9](=[NH:10])[c:11]2[cH:12][cH:13][cH:14][cH:15][c:16]21,"[None, ['N:10 - H', 'N:10 - O:19']]",[['N:10 = S:9']],[],"[(1, '[#7:2]', 'N:10 - H', 'N', 'SINGLE', 'H', '[#7]', '[H]')]","[(0, '[#7:1]=[#16:2]([#6])[#6]', 'N:10 = S:9', 'N', 'DOUBLE', 'S')]","[(1, '[#8]=[#15]([#8]-[#7])(c)c', 'N:10 - O:19', 'O', 'SINGLE', 'N', '[#8]=[#15]([#8])([c])[c]', '[#7]')]","[(0, 'c12ccccc1[#7]c1c(cccc1)[#16]2=[#7]', 'N:10 = S:9', 'S', 'DOUBLE', 'N', '[c]12[c][c][c][c][c]1[#7][c]1[c]([c][c][c][c]1)[#16]2', '[#7]')]"
c5,Cc1cnc2ccccc2c1.NOP(=O)(c1ccccc1)c1ccccc1>>Cc1cc2ccccc2[n+](N)c1,Cc1cc2ccccc2[n+](N)c1,[CH3:1][c:2]1[cH:3][c:4]2[cH:5][cH:6][cH:7][cH:8][c:9]2[n:10][cH:12]1.[NH2:11][O:15][P:14](=[O:13])([c:16]1[cH:17][cH:18][cH:19][cH:20][cH:21]1)[c:22]1[cH:23][cH:24][cH:25][cH:26][cH:27]1>>[CH3:1][c:2]1[cH:3][c:4]2[cH:5][cH:6][cH:7][cH:8][c:9]2[n+:10]([NH2:11])[cH:12]1,"[None, ['N:11 - O:15']]",[['N:10 - N:11']],[],[],"[(0, '[N:1][n&+:2]1ccccc1', 'N:10 - N:11', 'N', 'SINGLE', 'N')]","[(1, '[#8]=[#15]([#8]-[#7])(c)c', 'N:11 - O:15', 'O', 'SINGLE', 'N', '[#8]=[#15]([#8])([c])[c]', '[#7]')]","[(0, '[#6]12[#6][#6][#6][#7]([#6]1[#6][#6][#6][#6]2)-[#7]', 'N:10 - N:11', 'N', 'SINGLE', 'N', '[#6]1([#6][#6][#6][#7]2)[#6]2[#6][#6][#6][#6]1', '[#7]')]"
c5,COC(=O)/C=C/c1ccncc1.NOP(=O)(c1ccccc1)c1ccccc1>>COC(=O)/C=C/c1cc[n+](N)cc1,COC(=O)/C=C/c1cc[n+](N)cc1,[CH3:1][O:2][C:3](=[O:4])/[CH:5]=[CH:6]/[c:7]1[cH:8][cH:9][n:10][cH:12][cH:13]1.[NH2:11][O:16][P:15](=[O:14])([c:17]1[cH:18][cH:19][cH:20][cH:21][cH:22]1)[c:23]1[cH:24][cH:25][cH:26][cH:27][cH:28]1>>[CH3:1][O:2][C:3](=[O:4])/[CH:5]=[CH:6]/[c:7]1[cH:8][cH:9][n+:10]([NH2:11])[cH:12][cH:13]1,"[None, ['N:11 - O:16']]",[['N:10 - N:11']],[],[],"[(0, '[N:1][n&+:2]1ccccc1', 'N:10 - N:11', 'N', 'SINGLE', 'N')]","[(1, '[#8]=[#15]([#8]-[#7])(c)c', 'N:11 - O:16', 'O', 'SINGLE', 'N', '[#8]=[#15]([#8])([c])[c]', '[#7]')]","[(0, '[#6]1[#6][#6][#7]([#6][#6]1)-[#7]', 'N:10 - N:11', 'N', 'SINGLE', 'N', '[#6]1[#6][#6][#7][#6][#6]1', '[#7]')]"
c5,NOP(=O)(c1ccccc1)c1ccccc1.O=C1CC(COCc2ccccc2)C1>>O=C1CC(COCc2ccccc2)CN1,O=C1CC(COCc2ccccc2)CN1,[NH2:15][O:18][P:17](=[O:16])([c:19]1[cH:20][cH:21][cH:22][cH:23][cH:24]1)[c:25]1[cH:26][cH:27][cH:28][cH:29][cH:30]1.[O:1]=[C:2]1[CH2:3][CH:4]([CH2:5][O:6][CH2:7][c:8]2[cH:9][cH:10][cH:11][cH:12][cH:13]2)[CH2:14]1>>[O:1]=[C:2]1[CH2:3][CH:4]([CH2:5][O:6][CH2:7][c:8]2[cH:9][cH:10][cH:11][cH:12][cH:13]2)[CH2:14][NH:15]1,"[['N:15 - H', 'N:15 - O:18'], ['C:2 - C:14']]","[['C:14 - N:15', 'C:2 - N:15']]",[],"[(0, '[#7:2]', 'N:15 - H', 'N', 'SINGLE', 'H', '[#7]', '[H]'), (1, '[#6:2]1[#6][#6][#6:1]1', 'C:2 - C:14', 'C', 'SINGLE', 'C')]","[(0, '[#6]1[#6][#7:1][#6:2][#6]1', 'C:14 - N:15', 'C', 'SINGLE', 'N'), (0, '[#6:1](=[#8])[#7:2]', 'C:2 - N:15', 'C', 'SINGLE', 'N')]","[(0, '[#8]=[#15]([#8]-[#7])(c)c', 'N:15 - O:18', 'O', 'SINGLE', 'N', '[#8]=[#15]([#8])([c])[c]', '[#7]'), (1, '[#6](=[#8])-[#6]', 'C:2 - C:14', 'C', 'SINGLE', 'C', '[#6]=[#8]', '[#6]')]","[(0, '[#6](=[#8])[#7]-[#6]', 'C:14 - N:15', 'N', 'SINGLE', 'C', '[#6](=[#8])[#7]', '[#6]'), (0, '[#6](=[#8])-[#7]', 'C:2 - N:15', 'C', 'SINGLE', 'N', '[#6]=[#8]', '[#7]')]"
c5,NOP(=O)(c1ccccc1)c1ccccc1.c1cnc2ccnn2c1>>N[n+]1ccc2ncccn21,N[n+]1ccc2ncccn21,[NH2:1][O:13][P:12](=[O:11])([c:14]1[cH:15][cH:16][cH:17][cH:18][cH:19]1)[c:20]1[cH:21][cH:22][cH:23][cH:24][cH:25]1.[n:2]1[cH:3][cH:4][c:5]2[n:6][cH:7][cH:8][cH:9][n:10]12>>[NH2:1][n+:2]1[cH:3][cH:4][c:5]2[n:6][cH:7][cH:8][cH:9][n:10]12,"[['N:1 - O:13'], None]",[['N:1 - N:2']],[],[],[],"[(0, '[#8]=[#15]([#8]-[#7])(c)c', 'N:1 - O:13', 'O', 'SINGLE', 'N', '[#8]=[#15]([#8])([c])[c]', '[#7]')]","[(0, '[#7]12[#7]([#6][#6][#6]1[#7][#6][#6][#6]2)-[#7]', 'N:1 - N:2', 'N', 'SINGLE', 'N', '[#7]1([#7][#6][#6]2)[#6]2[#7][#6][#6][#6]1', '[#7]')]"
c5,NOP(=O)(c1ccccc1)c1ccccc1.O=C1CCCCCCCCCCC1>>O=C1CCCCCCCCCCCN1,O=C1CCCCCCCCCCCN1,[NH2:14][O:17][P:16](=[O:15])([c:18]1[cH:19][cH:20][cH:21][cH:22][cH:23]1)[c:24]1[cH:25][cH:26][cH:27][cH:28][cH:29]1.[O:1]=[C:2]1[CH2:3][CH2:4][CH2:5][CH2:6][CH2:7][CH2:8][CH2:9][CH2:10][CH2:11][CH2:12][CH2:13]1>>[O:1]=[C:2]1[CH2:3][CH2:4][CH2:5][CH2:6][CH2:7][CH2:8][CH2:9][CH2:10][CH2:11][CH2:12][CH2:13][NH:14]1,"[['N:14 - O:17', 'N:14 - H'], ['C:2 - C:13']]","[['C:13 - N:14', 'C:2 - N:14']]",[],"[(0, '[#7:2]', 'N:14 - H', 'N', 'SINGLE', 'H', '[#7]', '[H]'), (1, '[#6][#6:1](=[#8])[#6:2]', 'C:2 - C:13', 'C', 'SINGLE', 'C')]","[(0, '[#7&X3&H1:1]([#6:2])[#6]', 'C:13 - N:14', 'C', 'SINGLE', 'N'), (0, '[#6:1](=[#8])[#7:2]', 'C:2 - N:14', 'C', 'SINGLE', 'N')]","[(0, '[#8]=[#15]([#8]-[#7])(c)c', 'N:14 - O:17', 'O', 'SINGLE', 'N', '[#8]=[#15]([#8])([c])[c]', '[#7]'), (1, '[#6](=[#8])-[#6]', 'C:2 - C:13', 'C', 'SINGLE', 'C', '[#6]=[#8]', '[#6]')]","[(0, '[#6](=[#8])[#7]-[#6]', 'C:13 - N:14', 'N', 'SINGLE', 'C', '[#6](=[#8])[#7]', '[#6]'), (0, '[#6](=[#8])-[#7]', 'C:2 - N:14', 'C', 'SINGLE', 'N', '[#6]=[#8]', '[#7]')]"
c5,NOP(=O)(c1ccccc1)c1ccccc1.O=C1CCCCCCCCCCC1>>ON=C1CCCCCCCCCCC1,ON=C1CCCCCCCCCCC1,[H][O:14][H].[NH2:1]OP(c1ccccc1)(c2ccccc2)=O.O=[C:2]3[CH2:3][CH2:4][CH2:5][CH2:6][CH2:7][CH2:8][CH2:9][CH2:10][CH2:11][CH2:12][CH2:13]3>>[OH:14]/[N:1]=[C:2]4[CH2:3][CH2:4][CH2:5][CH2:6][CH2:7][CH2:8][CH2:9][CH2:10][CH2:11][CH2:12][CH2:13]/4,"[['O:1 - P:16', 'N:2 - H'], ['C:3 = O:29']]","[['C:3 = N:2', 'O:1 - H']]",[],[],"[(0, '[#7:2][#8&X2&H1]', 'O:1 - H', 'O', 'SINGLE', 'H', '[#7][#8X2H]', '[H]')]",[],[]
c5,Cc1cccc2ncccc12.NOP(=O)(c1ccccc1)c1ccccc1>>Cc1cccc2c1ccc[n+]2N,Cc1cccc2c1ccc[n+]2N,[CH3:1][c:2]1[cH:3][cH:4][cH:5][c:6]2[c:7]1[cH:8][cH:9][cH:10][n:11]2.[NH2:12][O:15][P:14](=[O:13])([c:16]1[cH:17][cH:18][cH:19][cH:20][cH:21]1)[c:22]1[cH:23][cH:24][cH:25][cH:26][cH:27]1>>[CH3:1][c:2]1[cH:3][cH:4][cH:5][c:6]2[c:7]1[cH:8][cH:9][cH:10][n+:11]2[NH2:12],"[None, ['N:12 - O:15']]",[['N:11 - N:12']],[],[],"[(0, '[N:1][n&+:2]1ccccc1', 'N:11 - N:12', 'N', 'SINGLE', 'N')]","[(1, '[#8]=[#15]([#8]-[#7])(c)c', 'N:12 - O:15', 'O', 'SINGLE', 'N', '[#8]=[#15]([#8])([c])[c]', '[#7]')]","[(0, '[#6]12[#6][#6][#6][#7]([#6]1[#6][#6][#6][#6]2)-[#7]', 'N:11 - N:12', 'N', 'SINGLE', 'N', '[#6]1([#6][#6][#6][#7]2)[#6]2[#6][#6][#6][#6]1', '[#7]')]"
c5,CCOC(=O)c1cnn2cccnc12.NOP(=O)(c1ccccc1)c1ccccc1>>CCOC(=O)c1c[n+](N)n2cccnc12,CCOC(=O)c1c[n+](N)n2cccnc12,[CH3:1][CH2:2][O:3][C:4](=[O:5])[c:6]1[cH:7][n:8][n:10]2[cH:11][cH:12][cH:13][n:14][c:15]12.[NH2:9][O:18][P:17](=[O:16])([c:19]1[cH:20][cH:21][cH:22][cH:23][cH:24]1)[c:25]1[cH:26][cH:27][cH:28][cH:29][cH:30]1>>[CH3:1][CH2:2][O:3][C:4](=[O:5])[c:6]1[cH:7][n+:8]([NH2:9])[n:10]2[cH:11][cH:12][cH:13][n:14][c:15]12,"[None, ['N:9 - O:18']]",[['N:8 - N:9']],[],[],[],"[(1, '[#8]=[#15]([#8]-[#7])(c)c', 'N:9 - O:18', 'O', 'SINGLE', 'N', '[#8]=[#15]([#8])([c])[c]', '[#7]')]","[(0, '[#7]12[#7]([#6][#6][#6]1[#7][#6][#6][#6]2)-[#7]', 'N:8 - N:9', 'N', 'SINGLE', 'N', '[#7]1([#7][#6][#6]2)[#6]2[#7][#6][#6][#6]1', '[#7]')]"
c5,CN1c2ccccc2C(C)(C)C12C=Nc1c(ccc3ccccc13)O2.NOP(=O)(c1ccccc1)c1ccccc1>>CN1c2ccccc2C(C)(C)C12C=NNc1c(ccc3ccccc13)O2,CN1c2ccccc2C(C)(C)C12C=NNc1c(ccc3ccccc13)O2,[CH3:1][N:2]1[c:3]2[cH:4][cH:5][cH:6][cH:7][c:8]2[C:9]([CH3:10])([CH3:11])[C:12]12[CH:13]=[N:15][c:16]1[c:17]([cH:18][cH:19][c:20]3[cH:21][cH:22][cH:23][cH:24][c:25]13)[O:26]2.[NH2:14][O:29][P:28](=[O:27])([c:30]1[cH:31][cH:32][cH:33][cH:34][cH:35]1)[c:36]1[cH:37][cH:38][cH:39][cH:40][cH:41]1>>[CH3:1][N:2]1[c:3]2[cH:4][cH:5][cH:6][cH:7][c:8]2[C:9]([CH3:10])([CH3:11])[C:12]12[CH:13]=[N:14][NH:15][c:16]1[c:17]([cH:18][cH:19][c:20]3[cH:21][cH:22][cH:23][cH:24][c:25]13)[O:26]2,"[['C:13 = N:15'], ['N:14 - O:29', 'N:14 - H']]","[['N:15 - H', 'N:14 - N:15', 'C:13 = N:14']]",[],"[(0, '[#7&X2;H1,H0;!$([#7&X2][#7,#8,#9,#15,#16,#17,Br,I]):1]=[#6&X3:2]', 'C:13 = N:15', 'C', 'DOUBLE', 'N'), (1, '[#7:2]', 'N:14 - H', 'N', 'SINGLE', 'H', '[#7]', '[H]')]","[(0, '[#7:2][#7&X2]=[#6&X3]', 'N:15 - H', 'N', 'SINGLE', 'H', '[#7][#7X2]=[#6X3]', '[H]'), (0, '[#7:1][#7&X2:2]=[#6&X3]', 'N:14 - N:15', 'N', 'SINGLE', 'N'), (0, '[#7][#7&X2:1]=[#6&X3:2]', 'C:13 = N:14', 'C', 'DOUBLE', 'N')]","[(0, '[#6]=[#7]', 'C:13 = N:15', 'C', 'DOUBLE', 'N', '[#6]', '[#7]'), (1, '[#8]=[#15]([#8]-[#7])(c)c', 'N:14 - O:29', 'O', 'SINGLE', 'N', '[#8]=[#15]([#8])([c])[c]', '[#7]')]","[(0, '[#7]-[#7]', 'N:14 - N:15', 'N', 'SINGLE', 'N', '[#7]', '[#7]'), (0, '[#6]=[#7]', 'C:13 = N:14', 'C', 'DOUBLE', 'N', '[#6]', '[#7]')]"
c5,CC(=O)c1cnn(C)c1.NOP(=O)(c1ccccc1)c1ccccc1>>CC(=O)Nc1cnn(C)c1,CC(=O)Nc1cnn(C)c1,[CH3:1][C:2](=[O:3])[c:5]1[cH:6][n:7][n:8]([CH3:9])[cH:10]1.[NH2:4][O:13][P:12](=[O:11])([c:14]1[cH:15][cH:16][cH:17][cH:18][cH:19]1)[c:20]1[cH:21][cH:22][cH:23][cH:24][cH:25]1>>[CH3:1][C:2](=[O:3])[NH:4][c:5]1[cH:6][n:7][n:8]([CH3:9])[cH:10]1,"[['C:2 - C:5'], ['N:4 - H', 'N:4 - O:13']]","[['C:2 - N:4', 'C:5 - N:4']]",[],"[(0, '[#6][#6:1](=[#8])[#6:2]', 'C:2 - C:5', 'C', 'SINGLE', 'C'), (1, '[#7:2]', 'N:4 - H', 'N', 'SINGLE', 'H', '[#7]', '[H]')]","[(0, '[#6:1](=[#8])[#7:2]', 'C:2 - N:4', 'C', 'SINGLE', 'N'), (0, '[#7&X3&H1:1]([#6])[#6:2]', 'C:5 - N:4', 'C', 'SINGLE', 'N')]","[(0, '[#6]1[#7][#7][#6][#6]1-[#6](=[#8])[#6&H3]', 'C:2 - C:5', 'C', 'SINGLE', 'C', '[#6]1[#7][#7][#6][#6]1', '[#6](=[#8])[#6;H3]'), (1, '[#8]=[#15]([#8]-[#7])(c)c', 'N:4 - O:13', 'O', 'SINGLE', 'N', '[#8]=[#15]([#8])([c])[c]', '[#7]')]","[(0, '[#6](=[#8])([#6&H3])-[#7]', 'C:2 - N:4', 'C', 'SINGLE', 'N', '[#6](=[#8])[#6;H3]', '[#7]'), (0, '[#6]1[#7][#7][#6][#6]1-[#7][#6]=[#8]', 'C:5 - N:4', 'C', 'SINGLE', 'N', '[#6]1[#7][#7][#6][#6]1', '[#6](=[#8])[#7]')]"
c5,CCCCCCCCCCCCS(C)=O.NOP(=O)(c1ccccc1)c1ccccc1>>CCCCCCCCCCCCS(C)(=N)=O,CCCCCCCCCCCCS(C)(=N)=O,[CH3:1][CH2:2][CH2:3][CH2:4][CH2:5][CH2:6][CH2:7][CH2:8][CH2:9][CH2:10][CH2:11][CH2:12][S:13]([CH3:14])=[O:16].[NH2:15][O:19][P:18](=[O:17])([c:20]1[cH:21][cH:22][cH:23][cH:24][cH:25]1)[c:26]1[cH:27][cH:28][cH:29][cH:30][cH:31]1>>[CH3:1][CH2:2][CH2:3][CH2:4][CH2:5][CH2:6][CH2:7][CH2:8][CH2:9][CH2:10][CH2:11][CH2:12][S:13]([CH3:14])(=[NH:15])=[O:16],"[None, ['N:15 - H', 'N:15 - O:19']]",[['N:15 = S:13']],[],"[(1, '[#7:2]', 'N:15 - H', 'N', 'SINGLE', 'H', '[#7]', '[H]')]","[(0, '[#7:1]=[#16:2]([#6])[#6]', 'N:15 = S:13', 'N', 'DOUBLE', 'S')]","[(1, '[#8]=[#15]([#8]-[#7])(c)c', 'N:15 - O:19', 'O', 'SINGLE', 'N', '[#8]=[#15]([#8])([c])[c]', '[#7]')]","[(0, '[#7]=[#16]', 'N:15 = S:13', 'N', 'DOUBLE', 'S', '[#7]', '[#16]')]"
c5,NOP(=O)(c1ccccc1)c1ccccc1.c1cncc(C2=NCCC2)c1>>c1cncc(C2=NNCCC2)c1,c1cncc(C2=NNCCC2)c1,[NH2:7][O:15][P:14](=[O:13])([c:16]1[cH:17][cH:18][cH:19][cH:20][cH:21]1)[c:22]1[cH:23][cH:24][cH:25][cH:26][cH:27]1.[cH:1]1[cH:2][n:3][cH:4][c:5]([C:6]2=[N:8][CH2:9][CH2:10][CH2:11]2)[cH:12]1>>[cH:1]1[cH:2][n:3][cH:4][c:5]([C:6]2=[N:7][NH:8][CH2:9][CH2:10][CH2:11]2)[cH:12]1,"[['N:7 - O:15', 'N:7 - H'], ['C:6 = N:8']]","[['N:8 - H', 'C:6 = N:7', 'N:7 - N:8']]",[],"[(0, '[#7:2]', 'N:7 - H', 'N', 'SINGLE', 'H', '[#7]', '[H]'), (1, '[#7&X2;H1,H0;!$([#7&X2][#7,#8,#9,#15,#16,#17,Br,I]):1]=[#6&X3:2]', 'C:6 = N:8', 'C', 'DOUBLE', 'N')]","[(0, '[#7:2]1[#7]=[#6][#6][#6][#6]1', 'N:8 - H', 'N', 'SINGLE', 'H', '[#7]1[#7]=[#6][#6][#6][#6]1', '[H]'), (0, '[#7]1[#7:1]=[#6:2][#6][#6][#6]1', 'C:6 = N:7', 'C', 'DOUBLE', 'N'), (0, '[#7:1]1[#7:2]=[#6][#6][#6][#6]1', 'N:7 - N:8', 'N', 'SINGLE', 'N')]","[(0, '[#8]=[#15]([#8]-[#7])(c)c', 'N:7 - O:15', 'O', 'SINGLE', 'N', '[#8]=[#15]([#8])([c])[c]', '[#7]'), (1, '[#6]=[#7]', 'C:6 = N:8', 'C', 'DOUBLE', 'N', '[#6]', '[#7]')]","[(0, '[#6]=[#7]', 'C:6 = N:7', 'C', 'DOUBLE', 'N', '[#6]', '[#7]'), (0, '[#7]-[#7]', 'N:7 - N:8', 'N', 'SINGLE', 'N', '[#7]', '[#7]')]"
c5,NOP(=O)(c1ccccc1)c1ccccc1.c1cnc2ncccc2c1>>N[n+]1cccc2cccnc21,N[n+]1cccc2cccnc21,[NH2:1][O:14][P:13](=[O:12])([c:15]1[cH:16][cH:17][cH:18][cH:19][cH:20]1)[c:21]1[cH:22][cH:23][cH:24][cH:25][cH:26]1.[n:2]1[cH:3][cH:4][cH:5][c:6]2[cH:7][cH:8][cH:9][n:10][c:11]12>>[NH2:1][n+:2]1[cH:3][cH:4][cH:5][c:6]2[cH:7][cH:8][cH:9][n:10][c:11]12,"[['N:1 - O:14'], None]",[['N:1 - N:2']],[],[],"[(0, '[N:1][n&+:2]1ccccc1', 'N:1 - N:2', 'N', 'SINGLE', 'N')]","[(0, '[#8]=[#15]([#8]-[#7])(c)c', 'N:1 - O:14', 'O', 'SINGLE', 'N', '[#8]=[#15]([#8])([c])[c]', '[#7]')]","[(0, '[#6]1[#6][#6][#7]([#6][#6]1)-[#7]', 'N:1 - N:2', 'N', 'SINGLE', 'N', '[#6]1[#6][#6][#7][#6][#6]1', '[#7]')]"
c5,CC(C)(C)OC(=O)Nc1ccccn1.NOP(=O)(c1ccccc1)c1ccccc1>>CC(C)(C)OC(=O)Nc1cccc[n+]1N,CC(C)(C)OC(=O)Nc1cccc[n+]1N,[CH3:1][C:2]([CH3:3])([CH3:4])[O:5][C:6](=[O:7])[NH:8][c:9]1[cH:10][cH:11][cH:12][cH:13][n:14]1.[NH2:15][O:18][P:17](=[O:16])([c:19]1[cH:20][cH:21][cH:22][cH:23][cH:24]1)[c:25]1[cH:26][cH:27][cH:28][cH:29][cH:30]1>>[CH3:1][C:2]([CH3:3])([CH3:4])[O:5][C:6](=[O:7])[NH:8][c:9]1[cH:10][cH:11][cH:12][cH:13][n+:14]1[NH2:15],"[None, ['N:15 - O:18']]",[['N:14 - N:15']],[],[],"[(0, '[N:1][n&+:2]1ccccc1', 'N:14 - N:15', 'N', 'SINGLE', 'N')]","[(1, '[#8]=[#15]([#8]-[#7])(c)c', 'N:15 - O:18', 'O', 'SINGLE', 'N', '[#8]=[#15]([#8])([c])[c]', '[#7]')]","[(0, '[#6]1[#6][#6][#7]([#6][#6]1)-[#7]', 'N:14 - N:15', 'N', 'SINGLE', 'N', '[#6]1[#6][#6][#7][#6][#6]1', '[#7]')]"
c5,COC(=O)C1CN(Cc2ccccc2)CCO1.NOP(=O)(c1ccccc1)c1ccccc1>>COC(=O)C1C[N+](N)(Cc2ccccc2)CCO1,COC(=O)C1C[N+](N)(Cc2ccccc2)CCO1,[CH3:1][O:2][C:3](=[O:4])[CH:5]1[CH2:6][N:7]([CH2:9][c:10]2[cH:11][cH:12][cH:13][cH:14][cH:15]2)[CH2:16][CH2:17][O:18]1.[NH2:8][O:21][P:20](=[O:19])([c:22]1[cH:23][cH:24][cH:25][cH:26][cH:27]1)[c:28]1[cH:29][cH:30][cH:31][cH:32][cH:33]1>>[CH3:1][O:2][C:3](=[O:4])[CH:5]1[CH2:6][N+:7]([NH2:8])([CH2:9][c:10]2[cH:11][cH:12][cH:13][cH:14][cH:15]2)[CH2:16][CH2:17][O:18]1,"[None, ['N:8 - O:21']]",[['N:7 - N:8']],[],[],"[(0, '[#6][#7&+:1]([#7:2])([#6])[#6]', 'N:7 - N:8', 'N', 'SINGLE', 'N')]","[(1, '[#8]=[#15]([#8]-[#7])(c)c', 'N:8 - O:21', 'O', 'SINGLE', 'N', '[#8]=[#15]([#8])([c])[c]', '[#7]')]","[(0, '[#7]1([#6][#6][#8][#6][#6]1)-[#7]', 'N:7 - N:8', 'N', 'SINGLE', 'N', '[#7]1[#6][#6][#8][#6][#6]1', '[#7]')]"
c5,NOP(=O)(c1ccccc1)c1ccccc1.O=C1C=CN(C(=O)OCc2ccccc2)CC1>>N[N+]1(C(=O)OCc2ccccc2)C=CC(=O)CC1,N[N+]1(C(=O)OCc2ccccc2)C=CC(=O)CC1,[NH2:1][O:21][P:20](=[O:19])([c:22]1[cH:23][cH:24][cH:25][cH:26][cH:27]1)[c:28]1[cH:29][cH:30][cH:31][cH:32][cH:33]1.[N:2]1([C:3](=[O:4])[O:5][CH2:6][c:7]2[cH:8][cH:9][cH:10][cH:11][cH:12]2)[CH:13]=[CH:14][C:15](=[O:16])[CH2:17][CH2:18]1>>[NH2:1][N+:2]1([C:3](=[O:4])[O:5][CH2:6][c:7]2[cH:8][cH:9][cH:10][cH:11][cH:12]2)[CH:13]=[CH:14][C:15](=[O:16])[CH2:17][CH2:18]1,"[['N:1 - O:21'], None]",[['N:1 - N:2']],[],[],"[(0, '[#6&X3](=[#8])[#7;H1,H0:1][#7;X3&H1&+0,X3&H2&+0,X3&H0&+0:2]', 'N:1 - N:2', 'N', 'SINGLE', 'N')]","[(0, '[#8]=[#15]([#8]-[#7])(c)c', 'N:1 - O:21', 'O', 'SINGLE', 'N', '[#8]=[#15]([#8])([c])[c]', '[#7]')]","[(0, '[#6]1[#7]([#6]=[#6][#6][#6]1)-[#7]', 'N:1 - N:2', 'N', 'SINGLE', 'N', '[#6]1[#7][#6]=[#6][#6][#6]1', '[#7]')]"
c5,NOP(=O)(c1ccccc1)c1ccccc1.c1cnc2[nH]ncc2c1>>Nn1ncc2cccnc21,Nn1ncc2cccnc21,[NH2:1][O:13][P:12](=[O:11])([c:14]1[cH:15][cH:16][cH:17][cH:18][cH:19]1)[c:20]1[cH:21][cH:22][cH:23][cH:24][cH:25]1.[nH:2]1[n:3][cH:4][c:5]2[cH:6][cH:7][cH:8][n:9][c:10]12>>[NH2:1][n:2]1[n:3][cH:4][c:5]2[cH:6][cH:7][cH:8][n:9][c:10]12,"[['N:1 - O:13'], ['N:2 - H']]",[['N:1 - N:2']],[],"[(1, 'c12cn[n:2]c1nccc2', 'N:2 - H', 'N', 'SINGLE', 'H', '[c]1([c][n][n]2)[c]2[n][c][c][c]1', '[H]')]","[(0, '[#7;X3&H1&+0,X3&H2&+0,X3&H0&+0:1][#7;X3&H1&+0,X3&H2&+0,X3&H0&+0:2]', 'N:1 - N:2', 'N', 'SINGLE', 'N')]","[(0, '[#8]=[#15]([#8]-[#7])(c)c', 'N:1 - O:13', 'O', 'SINGLE', 'N', '[#8]=[#15]([#8])([c])[c]', '[#7]')]","[(0, '[#6]1[#7]([#7][#6][#6]1)-[#7]', 'N:1 - N:2', 'N', 'SINGLE', 'N', '[#6]1[#7][#7][#6][#6]1', '[#7]')]"
c5,NOP(=O)(c1ccccc1)c1ccccc1.O=S1(=O)CCN(c2ccc(Cl)cc2)CC1>>N[N+]1(c2ccc(Cl)cc2)CCS(=O)(=O)CC1,N[N+]1(c2ccc(Cl)cc2)CCS(=O)(=O)CC1,[NH2:1][O:19][P:18](=[O:17])([c:20]1[cH:21][cH:22][cH:23][cH:24][cH:25]1)[c:26]1[cH:27][cH:28][cH:29][cH:30][cH:31]1.[N:2]1([c:3]2[cH:4][cH:5][c:6]([Cl:7])[cH:8][cH:9]2)[CH2:10][CH2:11][S:12](=[O:13])(=[O:14])[CH2:15][CH2:16]1>>[NH2:1][N+:2]1([c:3]2[cH:4][cH:5][c:6]([Cl:7])[cH:8][cH:9]2)[CH2:10][CH2:11][S:12](=[O:13])(=[O:14])[CH2:15][CH2:16]1,"[['N:1 - O:19'], None]",[['N:1 - N:2']],[],[],"[(0, '[#6][#7&+:1]([#7:2])([#6])[#6]', 'N:1 - N:2', 'N', 'SINGLE', 'N')]","[(0, '[#8]=[#15]([#8]-[#7])(c)c', 'N:1 - O:19', 'O', 'SINGLE', 'N', '[#8]=[#15]([#8])([c])[c]', '[#7]')]","[(0, '[#6]1[#7]([#6][#6][#16](=[#8])(=[#8])[#6]1)-[#7]', 'N:1 - N:2', 'N', 'SINGLE', 'N', '[#6]1[#7][#6][#6][#16](=[#8])(=[#8])[#6]1', '[#7]')]"
c5,CC(=O)c1ccc2c(c1)CCC2.NOP(=O)(c1ccccc1)c1ccccc1>>CC(=O)Nc1ccc2c(c1)CCC2,CC(=O)Nc1ccc2c(c1)CCC2,[CH3:1][C:2](=[O:3])[c:5]1[cH:6][cH:7][c:8]2[c:9]([cH:10]1)[CH2:11][CH2:12][CH2:13]2.[NH2:4][O:16][P:15](=[O:14])([c:17]1[cH:18][cH:19][cH:20][cH:21][cH:22]1)[c:23]1[cH:24][cH:25][cH:26][cH:27][cH:28]1>>[CH3:1][C:2](=[O:3])[NH:4][c:5]1[cH:6][cH:7][c:8]2[c:9]([cH:10]1)[CH2:11][CH2:12][CH2:13]2,"[['C:2 - C:5'], ['N:4 - H', 'N:4 - O:16']]","[['C:2 - N:4', 'C:5 - N:4']]",[],"[(0, '[#6][#6:1](=[#8])[#6:2]', 'C:2 - C:5', 'C', 'SINGLE', 'C'), (1, '[#7:2]', 'N:4 - H', 'N', 'SINGLE', 'H', '[#7]', '[H]')]","[(0, '[#6:1](=[#8])[#7:2]', 'C:2 - N:4', 'C', 'SINGLE', 'N'), (0, '[#7&X3&H1:1]([#6])[#6:2]', 'C:5 - N:4', 'C', 'SINGLE', 'N')]","[(0, '[#6]1[#6]c2:cc(ccc2[#6]1)-[#6](=[#8])[#6&H3]', 'C:2 - C:5', 'C', 'SINGLE', 'C', '[#6]1[#6][c]2:[c][c][c][c][c]2[#6]1', '[#6](=[#8])[#6;H3]'), (1, '[#8]=[#15]([#8]-[#7])(c)c', 'N:4 - O:16', 'O', 'SINGLE', 'N', '[#8]=[#15]([#8])([c])[c]', '[#7]')]","[(0, 'c1ccccc1[#7&!a;X4&H1&+,X4&H2&+,X4&H3&+,X3&H1&+0,X3&H0&+0,X3&H2&+0;!$([#7][!#6])]-[#6](=[#8])[#6&H3]', 'C:2 - N:4', 'N', 'SINGLE', 'C', '[c]1[c][c][c][c][c]1[#7;!a;X4H+,X4H2+,X4H3+,X3H+0,X3H0+0,X3H2+0;!$([#7][!#6])]', '[#6](=[#8])[#6;H3]'), (0, '[#6]1[#6]c2:cc(ccc2[#6]1)-[#7][#6]=[#8]', 'C:5 - N:4', 'C', 'SINGLE', 'N', '[#6]1[#6][c]2:[c][c][c][c][c]2[#6]1', '[#6](=[#8])[#7]')]"
c5,NOP(=O)(c1ccccc1)c1ccccc1.O=C1CCc2c(Cl)cccc21>>O/N=C1/CCc2c(Cl)cccc21,O/N=C1/CCc2c(Cl)cccc21,[H][O:12][H].[NH2:1]OP(c1ccccc1)(c2ccccc2)=O.O=[C:2]3[CH2:3][CH2:4][c:5]4[c:11]3[cH:10][cH:9][cH:8][c:6]4[Cl:7]>>[OH:12]/[N:1]=[C:2]5[CH2:3][CH2:4][c:5]6[c:11]/5[cH:10][cH:9][cH:8][c:6]6[Cl:7],"[['N:2 - H', 'O:1 - P:14'], ['C:3 = O:27']]","[['C:3 = N:2', 'O:1 - H']]",[],[],"[(0, '[#6:1]1[#6:2][#6][#6][#6]1', 'C:3 = N:2', 'C', 'DOUBLE', 'N'), (0, '[#7:2][#8&X2&H1]', 'O:1 - H', 'O', 'SINGLE', 'H', '[#7][#8X2H]', '[H]')]",[],[]
c5,CCOC(=O)N1CCC(=C2c3ccc(Cl)cc3CCc3cccnc32)CC1.NOP(=O)(c1ccccc1)c1ccccc1>>CCOC(=O)N1CCC(=C2c3ccc(Cl)cc3CCc3ccc[n+](N)c32)CC1,CCOC(=O)N1CCC(=C2c3ccc(Cl)cc3CCc3ccc[n+](N)c32)CC1,[CH3:1][CH2:2][O:3][C:4](=[O:5])[N:6]1[CH2:7][CH2:8][C:9](=[C:10]2[c:11]3[cH:12][cH:13][c:14]([Cl:15])[cH:16][c:17]3[CH2:18][CH2:19][c:20]3[cH:21][cH:22][cH:23][n:24][c:26]32)[CH2:27][CH2:28]1.[NH2:25][O:31][P:30](=[O:29])([c:32]1[cH:33][cH:34][cH:35][cH:36][cH:37]1)[c:38]1[cH:39][cH:40][cH:41][cH:42][cH:43]1>>[CH3:1][CH2:2][O:3][C:4](=[O:5])[N:6]1[CH2:7][CH2:8][C:9](=[C:10]2[c:11]3[cH:12][cH:13][c:14]([Cl:15])[cH:16][c:17]3[CH2:18][CH2:19][c:20]3[cH:21][cH:22][cH:23][n+:24]([NH2:25])[c:26]32)[CH2:27][CH2:28]1,"[None, ['N:25 - O:31']]",[['N:24 - N:25']],[],[],"[(0, '[N:1][n&+:2]1ccccc1', 'N:24 - N:25', 'N', 'SINGLE', 'N')]","[(1, '[#8]=[#15]([#8]-[#7])(c)c', 'N:25 - O:31', 'O', 'SINGLE', 'N', '[#8]=[#15]([#8])([c])[c]', '[#7]')]","[(0, '[#6]1[#6][#6][#7]([#6][#6]1)-[#7]', 'N:24 - N:25', 'N', 'SINGLE', 'N', '[#6]1[#6][#6][#7][#6][#6]1', '[#7]')]"
c5,Cc1ccc2cccnc2n1.NOP(=O)(c1ccccc1)c1ccccc1>>Cc1ccc2cccnc2[n+]1N,Cc1ccc2cccnc2[n+]1N,[CH3:1][c:2]1[cH:3][cH:4][c:5]2[cH:6][cH:7][cH:8][n:9][c:10]2[n:11]1.[NH2:12][O:15][P:14](=[O:13])([c:16]1[cH:17][cH:18][cH:19][cH:20][cH:21]1)[c:22]1[cH:23][cH:24][cH:25][cH:26][cH:27]1>>[CH3:1][c:2]1[cH:3][cH:4][c:5]2[cH:6][cH:7][cH:8][n:9][c:10]2[n+:11]1[NH2:12],"[None, ['N:12 - O:15']]",[['N:11 - N:12']],[],[],"[(0, '[N:1][n&+:2]1ccccc1', 'N:11 - N:12', 'N', 'SINGLE', 'N')]","[(1, '[#8]=[#15]([#8]-[#7])(c)c', 'N:12 - O:15', 'O', 'SINGLE', 'N', '[#8]=[#15]([#8])([c])[c]', '[#7]')]","[(0, '[#6]1[#6][#6][#7]([#6][#6]1)-[#7]', 'N:11 - N:12', 'N', 'SINGLE', 'N', '[#6]1[#6][#6][#7][#6][#6]1', '[#7]')]"
c5,C=C1N(C)c2ccccc2C1(C)C.NOP(=O)(c1ccccc1)c1ccccc1>>C=C1C(C)(C)c2ccccc2[N+]1(C)N,C=C1C(C)(C)c2ccccc2[N+]1(C)N,[CH2:1]=[C:2]1[C:3]([CH3:4])([CH3:5])[c:6]2[cH:7][cH:8][cH:9][cH:10][c:11]2[N:12]1[CH3:13].[NH2:14][O:17][P:16](=[O:15])([c:18]1[cH:19][cH:20][cH:21][cH:22][cH:23]1)[c:24]1[cH:25][cH:26][cH:27][cH:28][cH:29]1>>[CH2:1]=[C:2]1[C:3]([CH3:4])([CH3:5])[c:6]2[cH:7][cH:8][cH:9][cH:10][c:11]2[N+:12]1([CH3:13])[NH2:14],"[None, ['N:14 - O:17']]",[['N:12 - N:14']],[],[],"[(0, '[#6][#7&+:1]([#7:2])([#6])[#6]', 'N:12 - N:14', 'N', 'SINGLE', 'N')]","[(1, '[#8]=[#15]([#8]-[#7])(c)c', 'N:14 - O:17', 'O', 'SINGLE', 'N', '[#8]=[#15]([#8])([c])[c]', '[#7]')]","[(0, 'c12c([#7]([#6][#6]1)-[#7])cccc2', 'N:12 - N:14', 'N', 'SINGLE', 'N', '[c]12[c]([#7][#6][#6]1)[c][c][c][c]2', '[#7]')]"
c5,C=C1N(C)c2ccccc2C1(C)C.NOP(=O)(c1ccccc1)c1ccccc1>>CN1C2=NC3(C=C2C(C)(C)c2ccccc21)N(C)c1ccccc1C3(C)C,CN1C2=NC3(C=C2C(C)(C)c2ccccc21)N(C)c1ccccc1C3(C)C,[CH3:1][N:2]1[C:3]([C:4]([c:6]2[c:11]1[cH:10][cH:9][cH:8][cH:7]2)([CH3:12])[CH3:5])=[CH2:13].[CH3:14][N:15]3[C:16]([C:17]([c:19]4[c:24]3[cH:23][cH:22][cH:21][cH:20]4)([CH3:25])[CH3:18])=[CH2:26].O=P(O[NH2:27])(c5ccccc5)c6ccccc6>>[CH3:14][N:15]7[C:26]8=[N:27][C:3]9([CH:13]=[C:16]8[C:17]([c:19]%10[cH:20][cH:21][cH:22][cH:23][c:24]%107)([CH3:18])[CH3:25])[N:2]([CH3:1])[c:11]%11[cH:10][cH:9][cH:8][cH:7][c:6]%11[C:4]9([CH3:5])[CH3:12],"[['C:6 - H', 'C:10 - C:25', 'C:5 - N:2', 'C:16 aromatic C:24', 'C:15 aromatic C:21'], ['C:14 aromatic C:19', 'C:9 aromatic C:26', 'N:4 - H', 'N:4 - O:30', 'C:8 - H', 'C:11 - P:29', 'C:18 aromatic C:26', 'C:19 - H', 'C:3 aromatic C:18', 'C:3 - H', 'C:11 aromatic C:20', 'C:7 - P:29']]","[['C:5 - N:17', 'C:19 - N:17', 'C:5 - N:4', 'C:18 - H', 'C:14 aromatic C:15', 'C:18 - N:17', 'C:19 aromatic C:24', 'C:8 - C:11', 'C:3 = N:4', 'C:11 aromatic C:16', 'C:20 aromatic C:21', 'C:3 - N:2', 'C:8 - C:10', 'C:9 - H', 'C:26 - H', 'C:6 = C:7', 'C:25 - C:26']]","['C:7 aromatic C:8 -> C:7 - C:8', 'C:8 aromatic C:9 -> C:8 - C:9', 'C:5 = C:6 -> C:5 - C:6', 'C:3 aromatic C:7 -> C:3 - C:7']","[(0, '[c:2]1ccccc1[#7&!a;X4&H1&+,X4&H2&+,X4&H3&+,X3&H1&+0,X3&H0&+0,X3&H2&+0;!$([#7][!#6])]', 'C:6 - H', 'C', 'SINGLE', 'H', '[c]1[c][c][c][c][c]1[#7;!a;X4H+,X4H2+,X4H3+,X3H+0,X3H0+0,X3H2+0;!$([#7][!#6])]', '[H]')]","[(0, '[#6:1]12[#6:2][#6][#6][#7][#6]1[#6][#6][#6][#6]2', 'C:19 - N:17', 'C', 'SINGLE', 'N'), (0, '[#6:2]', 'C:18 - H', 'C', 'SINGLE', 'H', '[#6]', '[H]'), (0, '[#7&X3&H0:1]([#6:2])([#6])[#6]', 'C:14 aromatic C:15', 'C', 'AROMATIC', 'C'), (0, '[#6:1]12[#6][#6][#6][#7][#6:2]1[#6][#6][#6][#6]2', 'C:19 aromatic C:24', 'C', 'AROMATIC', 'C'), (0, '[#6]1[#6][#7][#6:1][#6:2]1', 'C:3 = N:4', 'C', 'DOUBLE', 'N'), (0, '[#6]12[#6][#6][#6][#7][#6]1[#6][#6][#6:1][#6:2]2', 'C:20 aromatic C:21', 'C', 'AROMATIC', 'C'), (0, '[#6]1[#6][#7:1][#6:2][#6]1', 'C:3 - N:2', 'C', 'SINGLE', 'N'), (0, 'c12c([#7][#6][#6]1)c[c:2]cc2', 'C:9 - H', 'C', 'SINGLE', 'H', '[c]12[c]([#7][#6][#6]1)[c][c][c][c]2', '[H]'), (0, '[#6]12[#6][#6][#6:2][#7][#6]1[#6][#6][#6][#6]2', 'C:26 - H', 'C', 'SINGLE', 'H', '[#6]1([#6][#6][#6][#7]2)[#6]2[#6][#6][#6][#6]1', '[H]'), (0, '[c:2]12c([#7][#6][#6]1)ccc[c:1]2', 'C:6 = C:7', 'C', 'DOUBLE', 'C')]","[(0, 'c12c([#7][#6][#6]1-[#6])cccc2', 'C:5 - N:2', 'C', 'SINGLE', 'C', '[c]12[c]([#7][#6][#6]1)[c][c][c][c]2', '[#6]')]","[(0, '[#6]-c1ccccc1[#7&!a;X4&H1&+,X4&H2&+,X4&H3&+,X3&H1&+0,X3&H0&+0,X3&H2&+0;!$([#7][!#6])]', 'C:19 - N:17', 'C', 'SINGLE', 'C', '[#6]', '[c]1[c][c][c][c][c]1[#7;!a;X4H+,X4H2+,X4H3+,X3H+0,X3H0+0,X3H2+0;!$([#7][!#6])]'), (0, 'c12c([#7][#6][#6]1-[#6])cccc2', 'C:5 - N:4', 'C', 'SINGLE', 'C', '[c]12[c]([#7][#6][#6]1)[c][c][c][c]2', '[#6]'), (0, '[#6]12[#6]([#6][#6][#7][#6]1[#6][#6][#6][#6]2)-[#6]', 'C:18 - N:17', 'C', 'SINGLE', 'C', '[#6]1([#6][#6][#6][#7]2)[#6]2[#6][#6][#6][#6]1', '[#6]'), (0, 'c1ccccc1[#7&!a;X4&H1&+,X4&H2&+,X4&H3&+,X3&H1&+0,X3&H0&+0,X3&H2&+0;!$([#7][!#6])]-[#6]', 'C:3 - N:2', 'N', 'SINGLE', 'C', '[c]1[c][c][c][c][c]1[#7;!a;X4H+,X4H2+,X4H3+,X3H+0,X3H0+0,X3H2+0;!$([#7][!#6])]', '[#6]'), (0, '[#6]12[#6]([#6][#6][#7][#6]1[#6][#6][#6][#6]2)-[#6]', 'C:25 - C:26', 'C', 'SINGLE', 'C', '[#6]1([#6][#6][#6][#7]2)[#6]2[#6][#6][#6][#6]1', '[#6]')]"
c5,COP(=O)(CC(C)=O)OC.NOP(=O)(c1ccccc1)c1ccccc1>>COP(=O)(OC)C(N)C(C)=O,COP(=O)(OC)C(N)C(C)=O,[CH3:1][O:2][P:3](=[O:4])([O:5][CH3:6])[CH2:7][C:9]([CH3:10])=[O:11].[NH2:8][O:14][P:13](=[O:12])([c:15]1[cH:16][cH:17][cH:18][cH:19][cH:20]1)[c:21]1[cH:22][cH:23][cH:24][cH:25][cH:26]1>>[CH3:1][O:2][P:3](=[O:4])([O:5][CH3:6])[CH:7]([NH2:8])[C:9]([CH3:10])=[O:11],"[['C:7 - H'], ['N:8 - O:14']]",[['C:7 - N:8']],[],"[(0, '[#8]=[#15]([#8])[#6:2]', 'C:7 - H', 'C', 'SINGLE', 'H', '[#8]=[#15]([#8])[#6]', '[H]')]","[(0, '[#7&X3&H2:1][#6:2]', 'C:7 - N:8', 'C', 'SINGLE', 'N')]","[(1, '[#8]=[#15]([#8]-[#7])(c)c', 'N:8 - O:14', 'O', 'SINGLE', 'N', '[#8]=[#15]([#8])([c])[c]', '[#7]')]","[(0, '[#8]=[#15]([#8])[#6]-[#7]', 'C:7 - N:8', 'C', 'SINGLE', 'N', '[#8]=[#15]([#8])[#6]', '[#7]')]"
c5,CC1=Nc2ccc(Cl)cc2C1(C)C.NOP(=O)(c1ccccc1)c1ccccc1>>C=C(C)c1cc(Cl)ccc1/N=C(\C)N,C=C(C)c1cc(Cl)ccc1/N=C(\C)N,[CH3:1][C:2]1([CH3:3])[c:4]2[cH:5][c:6]([Cl:7])[cH:8][cH:9][c:10]2[N:11]=[C:12]1[CH3:13].[NH2:14][O:17][P:16](=[O:15])([c:18]1[cH:19][cH:20][cH:21][cH:22][cH:23]1)[c:24]1[cH:25][cH:26][cH:27][cH:28][cH:29]1>>[CH2:1]=[C:2]([CH3:3])[c:4]1[cH:5][c:6]([Cl:7])[cH:8][cH:9][c:10]1/[N:11]=[C:12](\[CH3:13])[NH2:14],"[['C:1 - H', 'C:2 - C:12'], ['N:14 - O:17']]",[['C:12 - N:14']],['C:1 - C:2 -> C:1 = C:2'],"[(0, '[#6:2]', 'C:1 - H', 'C', 'SINGLE', 'H', '[#6]', '[H]'), (0, '[#6:1]1[#6:2]=[#7]c2ccccc2-1', 'C:2 - C:12', 'C', 'SINGLE', 'C')]","[(0, '[#7&X3&H2:1][#6:2]', 'C:12 - N:14', 'C', 'SINGLE', 'N')]","[(0, 'c1ccccc1[#6&X4]-[#6&X3]=[#7&X2;H1,H0;!$([#7&X2][#7,#8,#9,#15,#16,#17,Br,I])]', 'C:2 - C:12', 'C', 'SINGLE', 'C', '[c]1[c][c][c][c][c]1[#6X4]', '[#7X2;H1,H0;!$([#7X2][#7,#8,#9,#15,#16,#17,Br,I])]=[#6X3]'), (1, '[#8]=[#15]([#8]-[#7])(c)c', 'N:14 - O:17', 'O', 'SINGLE', 'N', '[#8]=[#15]([#8])([c])[c]', '[#7]')]","[(0, '[#7&X2;H1,H0;!$([#7&X2][#7,#8,#9,#15,#16,#17,Br,I])]=[#6&X3]-[#7]', 'C:12 - N:14', 'C', 'SINGLE', 'N', '[#7X2;H1,H0;!$([#7X2][#7,#8,#9,#15,#16,#17,Br,I])]=[#6X3]', '[#7]')]"
c5,COC(=O)C1CC2(CC(=O)C2)C1.NOP(=O)(c1ccccc1)c1ccccc1>>COC(=O)C1CC2(CNC(=O)C2)C1,COC(=O)C1CC2(CNC(=O)C2)C1,[CH3:1][O:2][C:3](=[O:4])[CH:5]1[CH2:6][C:7]2([CH2:8][C:10](=[O:11])[CH2:12]2)[CH2:13]1.[NH2:9][O:16][P:15](=[O:14])([c:17]1[cH:18][cH:19][cH:20][cH:21][cH:22]1)[c:23]1[cH:24][cH:25][cH:26][cH:27][cH:28]1>>[CH3:1][O:2][C:3](=[O:4])[CH:5]1[CH2:6][C:7]2([CH2:8][NH:9][C:10](=[O:11])[CH2:12]2)[CH2:13]1,"[['C:8 - C:10'], ['N:9 - H', 'N:9 - O:16']]","[['C:8 - N:9', 'C:10 - N:9']]",[],"[(0, '[#6]1[#6:1][#6:2][#6]1', 'C:8 - C:10', 'C', 'SINGLE', 'C'), (1, '[#7:2]', 'N:9 - H', 'N', 'SINGLE', 'H', '[#7]', '[H]')]","[(0, '[#6]1[#6][#6][#6]12[#6:1][#7:2][#6][#6]2', 'C:8 - N:9', 'C', 'SINGLE', 'N'), (0, '[#6:1](=[#8])[#7:2]', 'C:10 - N:9', 'C', 'SINGLE', 'N')]","[(0, '[#6](=[#8])-[#6]', 'C:8 - C:10', 'C', 'SINGLE', 'C', '[#6]=[#8]', '[#6]'), (1, '[#8]=[#15]([#8]-[#7])(c)c', 'N:9 - O:16', 'O', 'SINGLE', 'N', '[#8]=[#15]([#8])([c])[c]', '[#7]')]","[(0, '[#6](=[#8])[#7]-[#6]', 'C:8 - N:9', 'N', 'SINGLE', 'C', '[#6](=[#8])[#7]', '[#6]'), (0, '[#6](=[#8])-[#7]', 'C:10 - N:9', 'C', 'SINGLE', 'N', '[#6]=[#8]', '[#7]')]"
c5,NOP(=O)(c1ccccc1)c1ccccc1.c1ccc(C2=NCCc3ccccc32)cc1>>c1ccc(C2=NNCCc3ccccc32)cc1,c1ccc(C2=NNCCc3ccccc32)cc1,[NH2:6][O:20][P:19](=[O:18])([c:21]1[cH:22][cH:23][cH:24][cH:25][cH:26]1)[c:27]1[cH:28][cH:29][cH:30][cH:31][cH:32]1.[cH:1]1[cH:2][cH:3][c:4]([C:5]2=[N:7][CH2:8][CH2:9][c:10]3[cH:11][cH:12][cH:13][cH:14][c:15]32)[cH:16][cH:17]1>>[cH:1]1[cH:2][cH:3][c:4]([C:5]2=[N:6][NH:7][CH2:8][CH2:9][c:10]3[cH:11][cH:12][cH:13][cH:14][c:15]32)[cH:16][cH:17]1,"[['N:6 - H', 'N:6 - O:20'], ['C:5 = N:7']]","[['C:5 = N:6', 'N:6 - N:7', 'N:7 - H']]",[],"[(0, '[#7:2]', 'N:6 - H', 'N', 'SINGLE', 'H', '[#7]', '[H]'), (1, '[#7&X2;H1,H0;!$([#7&X2][#7,#8,#9,#15,#16,#17,Br,I]):1]=[#6&X3:2]', 'C:5 = N:7', 'C', 'DOUBLE', 'N')]","[(0, '[#7][#7&X2:1]=[#6&X3:2]', 'C:5 = N:6', 'C', 'DOUBLE', 'N'), (0, '[#7:1][#7&X2:2]=[#6&X3]', 'N:6 - N:7', 'N', 'SINGLE', 'N'), (0, '[#7:2][#7&X2]=[#6&X3]', 'N:7 - H', 'N', 'SINGLE', 'H', '[#7][#7X2]=[#6X3]', '[H]')]","[(0, '[#8]=[#15]([#8]-[#7])(c)c', 'N:6 - O:20', 'O', 'SINGLE', 'N', '[#8]=[#15]([#8])([c])[c]', '[#7]'), (1, '[#6]=[#7]', 'C:5 = N:7', 'C', 'DOUBLE', 'N', '[#6]', '[#7]')]","[(0, '[#6]=[#7]', 'C:5 = N:6', 'C', 'DOUBLE', 'N', '[#6]', '[#7]'), (0, '[#7]-[#7]', 'N:6 - N:7', 'N', 'SINGLE', 'N', '[#7]', '[#7]')]"
c5,NOP(=O)(c1ccccc1)c1ccccc1.O=C1CCc2cccc(Br)c21>>O/N=C1/CCc2cccc(Br)c21,O/N=C1/CCc2cccc(Br)c21,[H][O:12][H].[NH2:1]OP(c1ccccc1)(c2ccccc2)=O.O=[C:2]3[CH2:3][CH2:4][c:5]4[c:11]3[c:9]([Br:10])[cH:8][cH:7][cH:6]4>>[OH:12]/[N:1]=[C:2]5[CH2:3][CH2:4][c:5]6[c:11]/5[c:9]([Br:10])[cH:8][cH:7][cH:6]6,"[['N:2 - H', 'O:1 - P:14'], ['C:3 = O:27']]","[['C:3 = N:2', 'O:1 - H']]",[],[],"[(0, '[#6:1]1[#6:2][#6][#6][#6]1', 'C:3 = N:2', 'C', 'DOUBLE', 'N'), (0, '[#7:2][#8&X2&H1]', 'O:1 - H', 'O', 'SINGLE', 'H', '[#7][#8X2H]', '[H]')]",[],[]
c5,NOP(=O)(c1ccccc1)c1ccccc1.O=C1CC(C(=O)OCc2ccccc2)C1>>O=C1CC(C(=O)OCc2ccccc2)CN1,O=C1CC(C(=O)OCc2ccccc2)CN1,[NH2:16][O:19][P:18](=[O:17])([c:20]1[cH:21][cH:22][cH:23][cH:24][cH:25]1)[c:26]1[cH:27][cH:28][cH:29][cH:30][cH:31]1.[O:1]=[C:2]1[CH2:3][CH:4]([C:5](=[O:6])[O:7][CH2:8][c:9]2[cH:10][cH:11][cH:12][cH:13][cH:14]2)[CH2:15]1>>[O:1]=[C:2]1[CH2:3][CH:4]([C:5](=[O:6])[O:7][CH2:8][c:9]2[cH:10][cH:11][cH:12][cH:13][cH:14]2)[CH2:15][NH:16]1,"[['N:16 - O:19', 'N:16 - H'], ['C:2 - C:15']]","[['C:2 - N:16', 'C:15 - N:16']]",[],"[(0, '[#7:2]', 'N:16 - H', 'N', 'SINGLE', 'H', '[#7]', '[H]'), (1, '[#6:2]1[#6][#6][#6:1]1', 'C:2 - C:15', 'C', 'SINGLE', 'C')]","[(0, '[#6:1](=[#8])[#7:2]', 'C:2 - N:16', 'C', 'SINGLE', 'N'), (0, '[#6]1[#6][#7:1][#6:2][#6]1', 'C:15 - N:16', 'C', 'SINGLE', 'N')]","[(0, '[#8]=[#15]([#8]-[#7])(c)c', 'N:16 - O:19', 'O', 'SINGLE', 'N', '[#8]=[#15]([#8])([c])[c]', '[#7]'), (1, '[#6](=[#8])-[#6]', 'C:2 - C:15', 'C', 'SINGLE', 'C', '[#6]=[#8]', '[#6]')]","[(0, '[#6](=[#8])-[#7]', 'C:2 - N:16', 'C', 'SINGLE', 'N', '[#6]=[#8]', '[#7]'), (0, '[#6](=[#8])[#7]-[#6]', 'C:15 - N:16', 'N', 'SINGLE', 'C', '[#6](=[#8])[#7]', '[#6]')]"
c5,NOP(=O)(c1ccccc1)c1ccccc1.O=C1CCCN(Cc2ccccc2)CC1>>O=C1CCCN(Cc2ccccc2)CCN1,O=C1CCCN(Cc2ccccc2)CCN1,[NH2:16][O:19][P:18](=[O:17])([c:20]1[cH:21][cH:22][cH:23][cH:24][cH:25]1)[c:26]1[cH:27][cH:28][cH:29][cH:30][cH:31]1.[O:1]=[C:2]1[CH2:3][CH2:4][CH2:5][N:6]([CH2:7][c:8]2[cH:9][cH:10][cH:11][cH:12][cH:13]2)[CH2:14][CH2:15]1>>[O:1]=[C:2]1[CH2:3][CH2:4][CH2:5][N:6]([CH2:7][c:8]2[cH:9][cH:10][cH:11][cH:12][cH:13]2)[CH2:14][CH2:15][NH:16]1,"[['N:16 - O:19', 'N:16 - H'], ['C:2 - C:15']]","[['C:2 - N:16', 'C:15 - N:16']]",[],"[(0, '[#7:2]', 'N:16 - H', 'N', 'SINGLE', 'H', '[#7]', '[H]'), (1, '[#6][#6:1](=[#8])[#6:2]', 'C:2 - C:15', 'C', 'SINGLE', 'C')]","[(0, '[#6:1](=[#8])[#7:2]', 'C:2 - N:16', 'C', 'SINGLE', 'N'), (0, '[#7&X3&H1:1]([#6:2])[#6]', 'C:15 - N:16', 'C', 'SINGLE', 'N')]","[(0, '[#8]=[#15]([#8]-[#7])(c)c', 'N:16 - O:19', 'O', 'SINGLE', 'N', '[#8]=[#15]([#8])([c])[c]', '[#7]'), (1, '[#6](=[#8])-[#6]', 'C:2 - C:15', 'C', 'SINGLE', 'C', '[#6]=[#8]', '[#6]')]","[(0, '[#6](=[#8])-[#7]', 'C:2 - N:16', 'C', 'SINGLE', 'N', '[#6]=[#8]', '[#7]'), (0, '[#6](=[#8])[#7]-[#6]', 'C:15 - N:16', 'N', 'SINGLE', 'C', '[#6](=[#8])[#7]', '[#6]')]"
c5,NOP(=O)(c1ccccc1)c1ccccc1.O=C(c1ccc(Br)cn1)N1CCCCC1>>N[n+]1cc(Br)ccc1C(=O)N1CCCCC1,N[n+]1cc(Br)ccc1C(=O)N1CCCCC1,[NH2:1][O:19][P:18](=[O:17])([c:20]1[cH:21][cH:22][cH:23][cH:24][cH:25]1)[c:26]1[cH:27][cH:28][cH:29][cH:30][cH:31]1.[n:2]1[cH:3][c:4]([Br:5])[cH:6][cH:7][c:8]1[C:9](=[O:10])[N:11]1[CH2:12][CH2:13][CH2:14][CH2:15][CH2:16]1>>[NH2:1][n+:2]1[cH:3][c:4]([Br:5])[cH:6][cH:7][c:8]1[C:9](=[O:10])[N:11]1[CH2:12][CH2:13][CH2:14][CH2:15][CH2:16]1,"[['N:1 - O:19'], None]",[['N:1 - N:2']],[],[],"[(0, '[N:1][n&+:2]1ccccc1', 'N:1 - N:2', 'N', 'SINGLE', 'N')]","[(0, '[#8]=[#15]([#8]-[#7])(c)c', 'N:1 - O:19', 'O', 'SINGLE', 'N', '[#8]=[#15]([#8])([c])[c]', '[#7]')]","[(0, '[#6]1[#6][#6][#7]([#6][#6]1)-[#7]', 'N:1 - N:2', 'N', 'SINGLE', 'N', '[#6]1[#6][#6][#7][#6][#6]1', '[#7]')]"
c5,CC(=O)c1ccc2ncc(Br)cc2c1.NOP(=O)(c1ccccc1)c1ccccc1>>CC(=O)c1ccc2c(cc(Br)c[n+]2N)c1,CC(=O)c1ccc2c(cc(Br)c[n+]2N)c1,[CH3:1][C:2](=[O:3])[c:4]1[cH:5][cH:6][c:7]2[c:8]([cH:9][c:10]([Br:11])[cH:12][n:13]2)[cH:15]1.[NH2:14][O:18][P:17](=[O:16])([c:19]1[cH:20][cH:21][cH:22][cH:23][cH:24]1)[c:25]1[cH:26][cH:27][cH:28][cH:29][cH:30]1>>[CH3:1][C:2](=[O:3])[c:4]1[cH:5][cH:6][c:7]2[c:8]([cH:9][c:10]([Br:11])[cH:12][n+:13]2[NH2:14])[cH:15]1,"[None, ['N:14 - O:18']]",[['N:13 - N:14']],[],[],"[(0, '[N:1][n&+:2]1ccccc1', 'N:13 - N:14', 'N', 'SINGLE', 'N')]","[(1, '[#8]=[#15]([#8]-[#7])(c)c', 'N:14 - O:18', 'O', 'SINGLE', 'N', '[#8]=[#15]([#8])([c])[c]', '[#7]')]","[(0, '[#6]12[#6][#6][#6][#7]([#6]1[#6][#6][#6][#6]2)-[#7]', 'N:13 - N:14', 'N', 'SINGLE', 'N', '[#6]1([#6][#6][#6][#7]2)[#6]2[#6][#6][#6][#6]1', '[#7]')]"
c5,NOP(=O)(c1ccccc1)c1ccccc1.c1ccc(Cn2ccc3cccnc32)cc1>>N[n+]1cccc2ccn(Cc3ccccc3)c21,N[n+]1cccc2ccn(Cc3ccccc3)c21,[NH2:1][O:20][P:19](=[O:18])([c:21]1[cH:22][cH:23][cH:24][cH:25][cH:26]1)[c:27]1[cH:28][cH:29][cH:30][cH:31][cH:32]1.[n:2]1[cH:3][cH:4][cH:5][c:6]2[cH:7][cH:8][n:9]([CH2:10][c:11]3[cH:12][cH:13][cH:14][cH:15][cH:16]3)[c:17]12>>[NH2:1][n+:2]1[cH:3][cH:4][cH:5][c:6]2[cH:7][cH:8][n:9]([CH2:10][c:11]3[cH:12][cH:13][cH:14][cH:15][cH:16]3)[c:17]12,"[['N:1 - O:20'], None]",[['N:1 - N:2']],[],[],"[(0, '[N:1][n&+:2]1ccccc1', 'N:1 - N:2', 'N', 'SINGLE', 'N')]","[(0, '[#8]=[#15]([#8]-[#7])(c)c', 'N:1 - O:20', 'O', 'SINGLE', 'N', '[#8]=[#15]([#8])([c])[c]', '[#7]')]","[(0, '[#6]1[#6][#6][#7]([#6][#6]1)-[#7]', 'N:1 - N:2', 'N', 'SINGLE', 'N', '[#6]1[#6][#6][#7][#6][#6]1', '[#7]')]"
c5,CCn1c2ccccc2c2cc(C(C)=O)ccc21.NOP(=O)(c1ccccc1)c1ccccc1>>CC(=O)Nc1ccc2c(c1)c1ccccc1n2C,CC(=O)Nc1ccc2c(c1)c1ccccc1n2C,[CH3:1][C:2](=[O:3])[c:5]1[cH:6][cH:7][c:8]2[c:9]([cH:10]1)[c:11]1[cH:12][cH:13][cH:14][cH:15][c:16]1[n:17]2[CH2:18][CH3:19].[NH2:4][O:22][P:21](=[O:20])([c:23]1[cH:24][cH:25][cH:26][cH:27][cH:28]1)[c:29]1[cH:30][cH:31][cH:32][cH:33][cH:34]1>>[CH3:1][C:2](=[O:3])[NH:4][c:5]1[cH:6][cH:7][c:8]2[c:9]([cH:10]1)[c:11]1[cH:12][cH:13][cH:14][cH:15][c:16]1[n:17]2[CH3:18],"[['C:18 - C:19', 'C:2 - C:5'], ['N:4 - O:22', 'N:4 - H']]","[['C:2 - N:4', 'C:5 - N:4', 'C:18 - H']]",[],"[(0, '[#6&H2:1][#6&H3:2]', 'C:18 - C:19', 'C', 'SINGLE', 'C'), (0, '[#6][#6:1](=[#8])[#6:2]', 'C:2 - C:5', 'C', 'SINGLE', 'C'), (1, '[#7:2]', 'N:4 - H', 'N', 'SINGLE', 'H', '[#7]', '[H]')]","[(0, '[#6:1](=[#8])[#7:2]', 'C:2 - N:4', 'C', 'SINGLE', 'N'), (0, '[#7&X3&H1:1]([#6])[#6:2]', 'C:5 - N:4', 'C', 'SINGLE', 'N'), (0, '[#7&X3&H0]([#6])([#6:2])[#6]', 'C:18 - H', 'C', 'SINGLE', 'H', '[#7;X3H0]([#6])([#6])([#6])', '[H]')]","[(0, '[#7&X3&H0]([#6]-[#6])([#6])[#6]', 'C:18 - C:19', 'C', 'SINGLE', 'C', '[#7;X3H0]([#6])([#6])([#6])', '[#6]'), (0, 'c12c3cc(ccc3nc1cccc2)-[#6](=[#8])[#6&H3]', 'C:2 - C:5', 'C', 'SINGLE', 'C', '[c]1([c]([c][c][c][c]3)[c]3[n]2)[c]2[c][c][c][c]1', '[#6](=[#8])[#6;H3]'), (1, '[#8]=[#15]([#8]-[#7])(c)c', 'N:4 - O:22', 'O', 'SINGLE', 'N', '[#8]=[#15]([#8])([c])[c]', '[#7]')]","[(0, 'c1ccccc1[#7&!a;X4&H1&+,X4&H2&+,X4&H3&+,X3&H1&+0,X3&H0&+0,X3&H2&+0;!$([#7][!#6])]-[#6](=[#8])[#6&H3]', 'C:2 - N:4', 'N', 'SINGLE', 'C', '[c]1[c][c][c][c][c]1[#7;!a;X4H+,X4H2+,X4H3+,X3H+0,X3H0+0,X3H2+0;!$([#7][!#6])]', '[#6](=[#8])[#6;H3]'), (0, 'c12c3cc(ccc3nc1cccc2)-[#7][#6]=[#8]', 'C:5 - N:4', 'C', 'SINGLE', 'N', '[c]1([c]([c][c][c][c]3)[c]3[n]2)[c]2[c][c][c][c]1', '[#6](=[#8])[#7]')]"
c5,NOP(=O)(c1ccccc1)c1ccccc1.O=C1CC2CCC(C1)N2Cc1ccccc1>>O=C1C[C@H]2CC[C@@H](CN1)N2Cc1ccccc1,O=C1C[C@H]2CC[C@@H](CN1)N2Cc1ccccc1,[NH2:9][O:20][P:19](=[O:18])([c:21]1[cH:22][cH:23][cH:24][cH:25][cH:26]1)[c:27]1[cH:28][cH:29][cH:30][cH:31][cH:32]1.[O:1]=[C:2]1[CH2:3][CH:4]2[CH2:5][CH2:6][CH:7]([CH2:8]1)[N:10]2[CH2:11][c:12]1[cH:13][cH:14][cH:15][cH:16][cH:17]1>>[O:1]=[C:2]1[CH2:3][C@H:4]2[CH2:5][CH2:6][C@@H:7]([CH2:8][NH:9]1)[N:10]2[CH2:11][c:12]1[cH:13][cH:14][cH:15][cH:16][cH:17]1,"[['N:9 - H', 'N:9 - O:20'], ['C:2 - C:8']]","[['C:8 - N:9', 'C:2 - N:9']]",[],"[(0, '[#7:2]', 'N:9 - H', 'N', 'SINGLE', 'H', '[#7]', '[H]'), (1, '[#6:2]1[#6][#6][#6][#6][#6][#6:1]1', 'C:2 - C:8', 'C', 'SINGLE', 'C')]","[(0, '[#6]1[#6][#6][#6][#6][#6:1][#7:2][#6]1', 'C:8 - N:9', 'C', 'SINGLE', 'N'), (0, '[#6:1](=[#8])[#7:2]', 'C:2 - N:9', 'C', 'SINGLE', 'N')]","[(0, '[#8]=[#15]([#8]-[#7])(c)c', 'N:9 - O:20', 'O', 'SINGLE', 'N', '[#8]=[#15]([#8])([c])[c]', '[#7]'), (1, '[#6](=[#8])-[#6]', 'C:2 - C:8', 'C', 'SINGLE', 'C', '[#6]=[#8]', '[#6]')]","[(0, '[#6](=[#8])[#7]-[#6]', 'C:8 - N:9', 'N', 'SINGLE', 'C', '[#6](=[#8])[#7]', '[#6]'), (0, '[#6](=[#8])-[#7]', 'C:2 - N:9', 'C', 'SINGLE', 'N', '[#6]=[#8]', '[#7]')]"
c5,Cn1c2ccccc2c2ccncc21.NOP(=O)(c1ccccc1)c1ccccc1>>Cn1c2ccccc2c2cc[n+](N)cc21,Cn1c2ccccc2c2cc[n+](N)cc21,[CH3:1][n:2]1[c:3]2[cH:4][cH:5][cH:6][cH:7][c:8]2[c:9]2[cH:10][cH:11][n:12][cH:14][c:15]12.[NH2:13][O:18][P:17](=[O:16])([c:19]1[cH:20][cH:21][cH:22][cH:23][cH:24]1)[c:25]1[cH:26][cH:27][cH:28][cH:29][cH:30]1>>[CH3:1][n:2]1[c:3]2[cH:4][cH:5][cH:6][cH:7][c:8]2[c:9]2[cH:10][cH:11][n+:12]([NH2:13])[cH:14][c:15]12,"[None, ['N:13 - O:18']]",[['N:12 - N:13']],[],[],"[(0, '[N:1][n&+:2]1ccccc1', 'N:12 - N:13', 'N', 'SINGLE', 'N')]","[(1, '[#8]=[#15]([#8]-[#7])(c)c', 'N:13 - O:18', 'O', 'SINGLE', 'N', '[#8]=[#15]([#8])([c])[c]', '[#7]')]","[(0, '[#6]1[#6][#6][#7]([#6][#6]1)-[#7]', 'N:12 - N:13', 'N', 'SINGLE', 'N', '[#6]1[#6][#6][#7][#6][#6]1', '[#7]')]"
c5,CC(C)(C)OC(=O)N1CCn2ccnc2C1.NOP(=O)(c1ccccc1)c1ccccc1>>CC(C)(C)OC(=O)N1CCn2cc[n+](N)c2C1,CC(C)(C)OC(=O)N1CCn2cc[n+](N)c2C1,[CH3:1][C:2]([CH3:3])([CH3:4])[O:5][C:6](=[O:7])[N:8]1[CH2:9][CH2:10][n:11]2[cH:12][cH:13][n:14][c:16]2[CH2:17]1.[NH2:15][O:20][P:19](=[O:18])([c:21]1[cH:22][cH:23][cH:24][cH:25][cH:26]1)[c:27]1[cH:28][cH:29][cH:30][cH:31][cH:32]1>>[CH3:1][C:2]([CH3:3])([CH3:4])[O:5][C:6](=[O:7])[N:8]1[CH2:9][CH2:10][n:11]2[cH:12][cH:13][n+:14]([NH2:15])[c:16]2[CH2:17]1,"[None, ['N:15 - O:20']]",[['N:14 - N:15']],[],[],[],"[(1, '[#8]=[#15]([#8]-[#7])(c)c', 'N:15 - O:20', 'O', 'SINGLE', 'N', '[#8]=[#15]([#8])([c])[c]', '[#7]')]","[(0, '[#7]1([#6][#7][#6][#6]1)-[#7]', 'N:14 - N:15', 'N', 'SINGLE', 'N', '[#7]1[#6][#7][#6][#6]1', '[#7]')]"
c5,COc1ccc(Cc2nccc3ccccc23)cc1.NOP(=O)(c1ccccc1)c1ccccc1>>COc1ccc(Cc2c3ccccc3cc[n+]2N)cc1,COc1ccc(Cc2c3ccccc3cc[n+]2N)cc1,[CH3:1][O:2][c:3]1[cH:4][cH:5][c:6]([CH2:7][c:8]2[c:9]3[cH:10][cH:11][cH:12][cH:13][c:14]3[cH:15][cH:16][n:17]2)[cH:19][cH:20]1.[NH2:18][O:23][P:22](=[O:21])([c:24]1[cH:25][cH:26][cH:27][cH:28][cH:29]1)[c:30]1[cH:31][cH:32][cH:33][cH:34][cH:35]1>>[CH3:1][O:2][c:3]1[cH:4][cH:5][c:6]([CH2:7][c:8]2[c:9]3[cH:10][cH:11][cH:12][cH:13][c:14]3[cH:15][cH:16][n+:17]2[NH2:18])[cH:19][cH:20]1,"[None, ['N:18 - O:23']]",[['N:17 - N:18']],[],[],"[(0, '[N:1][n&+:2]1ccccc1', 'N:17 - N:18', 'N', 'SINGLE', 'N')]","[(1, '[#8]=[#15]([#8]-[#7])(c)c', 'N:18 - O:23', 'O', 'SINGLE', 'N', '[#8]=[#15]([#8])([c])[c]', '[#7]')]","[(0, '[#6]12[#6][#6][#7]([#6][#6]1[#6][#6][#6][#6]2)-[#7]', 'N:17 - N:18', 'N', 'SINGLE', 'N', '[#6]1([#6][#6][#7][#6]2)[#6]2[#6][#6][#6][#6]1', '[#7]')]"
c5,NOP(=O)(c1ccccc1)c1ccccc1.O=Cc1ccc2cccnc2c1>>N[n+]1cccc2ccc(C=O)cc21,N[n+]1cccc2ccc(C=O)cc21,[NH2:1][O:16][P:15](=[O:14])([c:17]1[cH:18][cH:19][cH:20][cH:21][cH:22]1)[c:23]1[cH:24][cH:25][cH:26][cH:27][cH:28]1.[n:2]1[cH:3][cH:4][cH:5][c:6]2[cH:7][cH:8][c:9]([CH:10]=[O:11])[cH:12][c:13]12>>[NH2:1][n+:2]1[cH:3][cH:4][cH:5][c:6]2[cH:7][cH:8][c:9]([CH:10]=[O:11])[cH:12][c:13]12,"[['N:1 - O:16'], None]",[['N:1 - N:2']],[],[],"[(0, '[N:1][n&+:2]1ccccc1', 'N:1 - N:2', 'N', 'SINGLE', 'N')]","[(0, '[#8]=[#15]([#8]-[#7])(c)c', 'N:1 - O:16', 'O', 'SINGLE', 'N', '[#8]=[#15]([#8])([c])[c]', '[#7]')]","[(0, '[#6]12[#6][#6][#6][#7]([#6]1[#6][#6][#6][#6]2)-[#7]', 'N:1 - N:2', 'N', 'SINGLE', 'N', '[#6]1([#6][#6][#6][#7]2)[#6]2[#6][#6][#6][#6]1', '[#7]')]"
c5,NOP(=O)(c1ccccc1)c1ccccc1.O=C1CCCCN1c1ccc(N2CCC=C(N3CCOCC3)C2=O)cc1>>N[N+]1(C2=CCCN(c3ccc(N4CCCCC4=O)cc3)C2=O)CCOCC1,N[N+]1(C2=CCCN(c3ccc(N4CCCCC4=O)cc3)C2=O)CCOCC1,[NH2:1][O:30][P:29](=[O:28])([c:31]1[cH:32][cH:33][cH:34][cH:35][cH:36]1)[c:37]1[cH:38][cH:39][cH:40][cH:41][cH:42]1.[N:2]1([C:3]2=[CH:4][CH2:5][CH2:6][N:7]([c:8]3[cH:9][cH:10][c:11]([N:12]4[CH2:13][CH2:14][CH2:15][CH2:16][C:17]4=[O:18])[cH:19][cH:20]3)[C:21]2=[O:22])[CH2:23][CH2:24][O:25][CH2:26][CH2:27]1>>[NH2:1][N+:2]1([C:3]2=[CH:4][CH2:5][CH2:6][N:7]([c:8]3[cH:9][cH:10][c:11]([N:12]4[CH2:13][CH2:14][CH2:15][CH2:16][C:17]4=[O:18])[cH:19][cH:20]3)[C:21]2=[O:22])[CH2:23][CH2:24][O:25][CH2:26][CH2:27]1,"[['N:1 - O:30'], None]",[['N:1 - N:2']],[],[],"[(0, '[#6][#7&+:1]([#7:2])([#6])[#6]', 'N:1 - N:2', 'N', 'SINGLE', 'N')]","[(0, '[#8]=[#15]([#8]-[#7])(c)c', 'N:1 - O:30', 'O', 'SINGLE', 'N', '[#8]=[#15]([#8])([c])[c]', '[#7]')]","[(0, '[#7]1([#6][#6][#8][#6][#6]1)-[#7]', 'N:1 - N:2', 'N', 'SINGLE', 'N', '[#7]1[#6][#6][#8][#6][#6]1', '[#7]')]"
c5,NOP(=O)(c1ccccc1)c1ccccc1.O=c1cc[nH]cc1>>Nn1ccc(=O)cc1,Nn1ccc(=O)cc1,[NH2:1][O:11][P:10](=[O:9])([c:12]1[cH:13][cH:14][cH:15][cH:16][cH:17]1)[c:18]1[cH:19][cH:20][cH:21][cH:22][cH:23]1.[nH:2]1[cH:3][cH:4][c:5](=[O:6])[cH:7][cH:8]1>>[NH2:1][n:2]1[cH:3][cH:4][c:5](=[O:6])[cH:7][cH:8]1,"[['N:1 - O:11'], ['N:2 - H']]",[['N:1 - N:2']],[],"[(1, 'c1c[n:2]ccc1', 'N:2 - H', 'N', 'SINGLE', 'H', '[c]1[c][n][c][c][c]1', '[H]')]","[(0, '[#7;X3&H1&+0,X3&H2&+0,X3&H0&+0:1][#7;X3&H1&+0,X3&H2&+0,X3&H0&+0:2]', 'N:1 - N:2', 'N', 'SINGLE', 'N')]","[(0, '[#8]=[#15]([#8]-[#7])(c)c', 'N:1 - O:11', 'O', 'SINGLE', 'N', '[#8]=[#15]([#8])([c])[c]', '[#7]')]","[(0, '[#6]1[#6][#6][#7]([#6][#6]1)-[#7]', 'N:1 - N:2', 'N', 'SINGLE', 'N', '[#6]1[#6][#6][#7][#6][#6]1', '[#7]')]"
c5,NOP(=O)(c1ccccc1)c1ccccc1.c1cc2cc[nH]c2cn1>>N[n+]1ccc2cc[nH]c2c1,N[n+]1ccc2cc[nH]c2c1,[NH2:1][O:13][P:12](=[O:11])([c:14]1[cH:15][cH:16][cH:17][cH:18][cH:19]1)[c:20]1[cH:21][cH:22][cH:23][cH:24][cH:25]1.[n:2]1[cH:3][cH:4][c:5]2[cH:6][cH:7][nH:8][c:9]2[cH:10]1>>[NH2:1][n+:2]1[cH:3][cH:4][c:5]2[cH:6][cH:7][nH:8][c:9]2[cH:10]1,"[['N:1 - O:13'], None]",[['N:1 - N:2']],[],[],"[(0, '[N:1][n&+:2]1ccccc1', 'N:1 - N:2', 'N', 'SINGLE', 'N')]","[(0, '[#8]=[#15]([#8]-[#7])(c)c', 'N:1 - O:13', 'O', 'SINGLE', 'N', '[#8]=[#15]([#8])([c])[c]', '[#7]')]","[(0, '[#6]1[#6][#6][#7]([#6][#6]1)-[#7]', 'N:1 - N:2', 'N', 'SINGLE', 'N', '[#6]1[#6][#6][#7][#6][#6]1', '[#7]')]"
c5,NOP(=O)(c1ccccc1)c1ccccc1.O=C(O)C1CCN(Cc2ccccn2)CC1>>N[n+]1ccccc1CN1CCC(C(=O)O)CC1,N[n+]1ccccc1CN1CCC(C(=O)O)CC1,[NH2:1][O:20][P:19](=[O:18])([c:21]1[cH:22][cH:23][cH:24][cH:25][cH:26]1)[c:27]1[cH:28][cH:29][cH:30][cH:31][cH:32]1.[n:2]1[cH:3][cH:4][cH:5][cH:6][c:7]1[CH2:8][N:9]1[CH2:10][CH2:11][CH:12]([C:13](=[O:14])[OH:15])[CH2:16][CH2:17]1>>[NH2:1][n+:2]1[cH:3][cH:4][cH:5][cH:6][c:7]1[CH2:8][N:9]1[CH2:10][CH2:11][CH:12]([C:13](=[O:14])[OH:15])[CH2:16][CH2:17]1,"[['N:1 - O:20'], None]",[['N:1 - N:2']],[],[],"[(0, '[N:1][n&+:2]1ccccc1', 'N:1 - N:2', 'N', 'SINGLE', 'N')]","[(0, '[#8]=[#15]([#8]-[#7])(c)c', 'N:1 - O:20', 'O', 'SINGLE', 'N', '[#8]=[#15]([#8])([c])[c]', '[#7]')]","[(0, '[#6]1[#6][#6][#7]([#6][#6]1)-[#7]', 'N:1 - N:2', 'N', 'SINGLE', 'N', '[#6]1[#6][#6][#7][#6][#6]1', '[#7]')]"
c5,NOP(=O)(c1ccccc1)c1ccccc1.O=C1CCc2cc3c(cc21)OCO3>>O/N=C1/CCc2cc3c(cc21)OCO3,O/N=C1/CCc2cc3c(cc21)OCO3,[H][O:14][H].[NH2:1]OP(c1ccccc1)(c2ccccc2)=O.O=[C:2]3[CH2:3][CH2:4][c:5]4[c:10]3[cH:9][c:8]([O:11][CH2:12][O:13]5)[c:7]5[cH:6]4>>[OH:14]/[N:1]=[C:2]6[CH2:3][CH2:4][c:5]7[c:10]/6[cH:9][c:8]([O:11][CH2:12][O:13]8)[c:7]8[cH:6]7,"[['O:1 - P:16', 'N:2 - H'], ['C:3 = O:29']]","[['C:3 = N:2', 'O:1 - H']]",[],[],"[(0, '[#6:1]1[#6:2][#6][#6][#6]1', 'C:3 = N:2', 'C', 'DOUBLE', 'N'), (0, '[#7:2][#8&X2&H1]', 'O:1 - H', 'O', 'SINGLE', 'H', '[#7][#8X2H]', '[H]')]",[],[]
c5,CC(=O)c1cnc2ccc(Br)cn12.NOP(=O)(c1ccccc1)c1ccccc1>>CC(=O)c1c[n+](N)c2ccc(Br)cn12,CC(=O)c1c[n+](N)c2ccc(Br)cn12,[CH3:1][C:2](=[O:3])[c:4]1[cH:5][n:6][c:8]2[cH:9][cH:10][c:11]([Br:12])[cH:13][n:14]12.[NH2:7][O:17][P:16](=[O:15])([c:18]1[cH:19][cH:20][cH:21][cH:22][cH:23]1)[c:24]1[cH:25][cH:26][cH:27][cH:28][cH:29]1>>[CH3:1][C:2](=[O:3])[c:4]1[cH:5][n+:6]([NH2:7])[c:8]2[cH:9][cH:10][c:11]([Br:12])[cH:13][n:14]12,"[None, ['N:7 - O:17']]",[['N:6 - N:7']],[],[],[],"[(1, '[#8]=[#15]([#8]-[#7])(c)c', 'N:7 - O:17', 'O', 'SINGLE', 'N', '[#8]=[#15]([#8])([c])[c]', '[#7]')]","[(0, '[#7]1([#6][#7][#6][#6]1)-[#7]', 'N:6 - N:7', 'N', 'SINGLE', 'N', '[#7]1[#6][#7][#6][#6]1', '[#7]')]"
c5,NOP(=O)(c1ccccc1)c1ccccc1.O=Cc1ccc2nccnc2c1>>NC(=O)c1ccc2nccnc2c1,NC(=O)c1ccc2nccnc2c1,[NH2:1][O:16][P:15](=[O:14])([c:17]1[cH:18][cH:19][cH:20][cH:21][cH:22]1)[c:23]1[cH:24][cH:25][cH:26][cH:27][cH:28]1.[CH:2](=[O:3])[c:4]1[cH:5][cH:6][c:7]2[n:8][cH:9][cH:10][n:11][c:12]2[cH:13]1>>[NH2:1][C:2](=[O:3])[c:4]1[cH:5][cH:6][c:7]2[n:8][cH:9][cH:10][n:11][c:12]2[cH:13]1,"[['N:1 - O:16'], ['C:2 - H']]",[['C:2 - N:1']],[],"[(1, '[#6&X3&H1:2]=[#8]', 'C:2 - H', 'C', 'SINGLE', 'H', '[#6X3;H1](=[#8])', '[H]')]","[(0, '[#6:1](=[#8])[#7:2]', 'C:2 - N:1', 'C', 'SINGLE', 'N')]","[(0, '[#8]=[#15]([#8]-[#7])(c)c', 'N:1 - O:16', 'O', 'SINGLE', 'N', '[#8]=[#15]([#8])([c])[c]', '[#7]')]","[(0, '[#6](=[#8])-[#7]', 'C:2 - N:1', 'C', 'SINGLE', 'N', '[#6]=[#8]', '[#7]')]"
c5,Ic1cccc2cnccc12.NOP(=O)(c1ccccc1)c1ccccc1>>N[n+]1ccc2c(I)cccc2c1,N[n+]1ccc2c(I)cccc2c1,[n:2]1[cH:3][cH:4][c:5]2[c:6]([I:7])[cH:8][cH:9][cH:10][c:11]2[cH:12]1.[NH2:1][O:15][P:14](=[O:13])([c:16]1[cH:17][cH:18][cH:19][cH:20][cH:21]1)[c:22]1[cH:23][cH:24][cH:25][cH:26][cH:27]1>>[NH2:1][n+:2]1[cH:3][cH:4][c:5]2[c:6]([I:7])[cH:8][cH:9][cH:10][c:11]2[cH:12]1,"[None, ['N:1 - O:15']]",[['N:1 - N:2']],[],[],"[(0, '[N:1][n&+:2]1ccccc1', 'N:1 - N:2', 'N', 'SINGLE', 'N')]","[(1, '[#8]=[#15]([#8]-[#7])(c)c', 'N:1 - O:15', 'O', 'SINGLE', 'N', '[#8]=[#15]([#8])([c])[c]', '[#7]')]","[(0, '[#6]12[#6][#6][#7]([#6][#6]1[#6][#6][#6][#6]2)-[#7]', 'N:1 - N:2', 'N', 'SINGLE', 'N', '[#6]1([#6][#6][#7][#6]2)[#6]2[#6][#6][#6][#6]1', '[#7]')]"
c5,NOP(=O)(c1ccccc1)c1ccccc1.c1ccc(-c2ccsc2)nc1>>N[n+]1ccccc1-c1ccsc1,N[n+]1ccccc1-c1ccsc1,[NH2:1][O:15][P:14](=[O:13])([c:16]1[cH:17][cH:18][cH:19][cH:20][cH:21]1)[c:22]1[cH:23][cH:24][cH:25][cH:26][cH:27]1.[n:2]1[cH:3][cH:4][cH:5][cH:6][c:7]1-[c:8]1[cH:9][cH:10][s:11][cH:12]1>>[NH2:1][n+:2]1[cH:3][cH:4][cH:5][cH:6][c:7]1-[c:8]1[cH:9][cH:10][s:11][cH:12]1,"[['N:1 - O:15'], None]",[['N:1 - N:2']],[],[],"[(0, '[N:1][n&+:2]1ccccc1', 'N:1 - N:2', 'N', 'SINGLE', 'N')]","[(0, '[#8]=[#15]([#8]-[#7])(c)c', 'N:1 - O:15', 'O', 'SINGLE', 'N', '[#8]=[#15]([#8])([c])[c]', '[#7]')]","[(0, '[#6]1[#6][#6][#7]([#6][#6]1)-[#7]', 'N:1 - N:2', 'N', 'SINGLE', 'N', '[#6]1[#6][#6][#7][#6][#6]1', '[#7]')]"
c5,NOP(=O)(c1ccccc1)c1ccccc1.O=C1CCCn2nccc21>>N[N+]12CCCC(=O)C1=CC=N2,N[N+]12CCCC(=O)C1=CC=N2,[NH2:1][O:14][P:13](=[O:12])([c:15]1[cH:16][cH:17][cH:18][cH:19][cH:20]1)[c:21]1[cH:22][cH:23][cH:24][cH:25][cH:26]1.[n:2]12[c:8]([cH:9][cH:10][n:11]1)[C:6](=[O:7])[CH2:5][CH2:4][CH2:3]2>>[NH2:1][N+:2]12[CH2:3][CH2:4][CH2:5][C:6](=[O:7])[C:8]1=[CH:9][CH:10]=[N:11]2,"[['N:1 - O:14'], None]",[['N:1 - N:2']],"['N:2 aromatic N:11 -> N:2 - N:11', 'C:8 aromatic N:2 -> C:8 - N:2', 'C:8 aromatic C:9 -> C:8 = C:9', 'C:10 aromatic N:11 -> C:10 = N:11', 'C:9 aromatic C:10 -> C:9 - C:10']",[],[],"[(0, '[#8]=[#15]([#8]-[#7])(c)c', 'N:1 - O:14', 'O', 'SINGLE', 'N', '[#8]=[#15]([#8])([c])[c]', '[#7]')]","[(0, '[#6]1[#6][#6][#7]([#6][#6]1)-[#7]', 'N:1 - N:2', 'N', 'SINGLE', 'N', '[#6]1[#6][#6][#7][#6][#6]1', '[#7]')]"
c5,Clc1cnc2ccccn12.NOP(=O)(c1ccccc1)c1ccccc1>>N[n+]1cc(Cl)n2ccccc21,N[n+]1cc(Cl)n2ccccc21,[n:2]1[cH:3][c:4]([Cl:5])[n:6]2[cH:7][cH:8][cH:9][cH:10][c:11]12.[NH2:1][O:14][P:13](=[O:12])([c:15]1[cH:16][cH:17][cH:18][cH:19][cH:20]1)[c:21]1[cH:22][cH:23][cH:24][cH:25][cH:26]1>>[NH2:1][n+:2]1[cH:3][c:4]([Cl:5])[n:6]2[cH:7][cH:8][cH:9][cH:10][c:11]12,"[None, ['N:1 - O:14']]",[['N:1 - N:2']],[],[],[],"[(1, '[#8]=[#15]([#8]-[#7])(c)c', 'N:1 - O:14', 'O', 'SINGLE', 'N', '[#8]=[#15]([#8])([c])[c]', '[#7]')]","[(0, '[#7]1([#6][#7][#6][#6]1)-[#7]', 'N:1 - N:2', 'N', 'SINGLE', 'N', '[#7]1[#6][#7][#6][#6]1', '[#7]')]"
c5,NOP(=O)(c1ccccc1)c1ccccc1.O=c1[nH]cnc2ccncc12>>Nn1cnc2ccncc2c1=O,Nn1cnc2ccncc2c1=O,[NH2:1][O:15][P:14](=[O:13])([c:16]1[cH:17][cH:18][cH:19][cH:20][cH:21]1)[c:22]1[cH:23][cH:24][cH:25][cH:26][cH:27]1.[nH:2]1[cH:3][n:4][c:5]2[cH:6][cH:7][n:8][cH:9][c:10]2[c:11]1=[O:12]>>[NH2:1][n:2]1[cH:3][n:4][c:5]2[cH:6][cH:7][n:8][cH:9][c:10]2[c:11]1=[O:12],"[['N:1 - O:15'], ['N:2 - H']]",[['N:1 - N:2']],[],"[(1, 'c12ccncc1c[n:2]cn2', 'N:2 - H', 'N', 'SINGLE', 'H', '[c]1([c][c][n][c]2)[c]2[c][n][c][n]1', '[H]')]","[(0, '[#6&X3](=[#8])[#7;H1,H0:1][#7;X3&H1&+0,X3&H2&+0,X3&H0&+0:2]', 'N:1 - N:2', 'N', 'SINGLE', 'N')]","[(0, '[#8]=[#15]([#8]-[#7])(c)c', 'N:1 - O:15', 'O', 'SINGLE', 'N', '[#8]=[#15]([#8])([c])[c]', '[#7]')]","[(0, '[#6](=[#8])[#7]-[#7]', 'N:1 - N:2', 'N', 'SINGLE', 'N', '[#6](=[#8])[#7]', '[#7]')]"
c5,Cc1ncnc2nc[nH]c12.NOP(=O)(c1ccccc1)c1ccccc1>>Cc1ncnc2c1n(N)c[n+]2N,Cc1ncnc2c1n(N)c[n+]2N,[CH3:1][c:2]1[n:3][cH:4][n:5][c:6]2[c:7]1[nH:8][cH:9][n:10]2.[NH2:11][O:13][P:14]([c:15]1[cH:16][cH:17][cH:18][cH:19][cH:20]1)([c:21]1[cH:22][cH:23][cH:24][cH:25][cH:26]1)=[O:27].[NH2:12][O:28][P:29]([c:30]1[cH:31][cH:32][cH:33][cH:34][cH:35]1)([c:36]1[cH:37][cH:38][cH:39][cH:40][cH:41]1)=[O:42]>>[CH3:1][c:2]1[n:3][cH:4][n:5][c:6]2[c:7]1[n:8]([NH2:12])[cH:9][n+:10]2[NH2:11],"[['N:8 - H'], ['N:11 - O:13'], ['N:12 - O:28']]","[['N:8 - N:12', 'N:10 - N:11']]",[],"[(0, 'c12nc[n:2]c1cncn2', 'N:8 - H', 'N', 'SINGLE', 'H', '[c]1([n][c][n]2)[c]2[c][n][c][n]1', '[H]')]","[(0, '[#7;X3&H1&+0,X3&H2&+0,X3&H0&+0:1][#7;X3&H1&+0,X3&H2&+0,X3&H0&+0:2]', 'N:8 - N:12', 'N', 'SINGLE', 'N')]","[(1, '[#8]=[#15]([#8]-[#7])(c)c', 'N:11 - O:13', 'O', 'SINGLE', 'N', '[#8]=[#15]([#8])([c])[c]', '[#7]'), (2, '[#8]=[#15]([#8]-[#7])(c)c', 'N:12 - O:28', 'O', 'SINGLE', 'N', '[#8]=[#15]([#8])([c])[c]', '[#7]')]","[(0, '[#7]1([#6][#7][#6][#6]1)-[#7]', 'N:8 - N:12', 'N', 'SINGLE', 'N', '[#7]1[#6][#7][#6][#6]1', '[#7]'), (0, '[#7]1([#6][#7][#6][#6]1)-[#7]', 'N:10 - N:11', 'N', 'SINGLE', 'N', '[#7]1[#6][#7][#6][#6]1', '[#7]')]"
c5,NOP(=O)(c1ccccc1)c1ccccc1.OB(O)c1ccc2cccnc2c1>>N[n+]1cccc2ccc(B(O)O)cc21,N[n+]1cccc2ccc(B(O)O)cc21,[NH2:1][O:17][P:16](=[O:15])([c:18]1[cH:19][cH:20][cH:21][cH:22][cH:23]1)[c:24]1[cH:25][cH:26][cH:27][cH:28][cH:29]1.[n:2]1[cH:3][cH:4][cH:5][c:6]2[cH:7][cH:8][c:9]([B:10]([OH:11])[OH:12])[cH:13][c:14]12>>[NH2:1][n+:2]1[cH:3][cH:4][cH:5][c:6]2[cH:7][cH:8][c:9]([B:10]([OH:11])[OH:12])[cH:13][c:14]12,"[['N:1 - O:17'], None]",[['N:1 - N:2']],[],[],"[(0, '[N:1][n&+:2]1ccccc1', 'N:1 - N:2', 'N', 'SINGLE', 'N')]","[(0, '[#8]=[#15]([#8]-[#7])(c)c', 'N:1 - O:17', 'O', 'SINGLE', 'N', '[#8]=[#15]([#8])([c])[c]', '[#7]')]","[(0, '[#6]12[#6][#6][#6][#7]([#6]1[#6][#6][#6][#6]2)-[#7]', 'N:1 - N:2', 'N', 'SINGLE', 'N', '[#6]1([#6][#6][#6][#7]2)[#6]2[#6][#6][#6][#6]1', '[#7]')]"
c5,NOP(=O)(c1ccccc1)c1ccccc1.Oc1cccc(N2CCOCC2)c1>>N[N+]1(c2cccc(O)c2)CCOCC1,N[N+]1(c2cccc(O)c2)CCOCC1,[NH2:1][O:17][P:16](=[O:15])([c:18]1[cH:19][cH:20][cH:21][cH:22][cH:23]1)[c:24]1[cH:25][cH:26][cH:27][cH:28][cH:29]1.[N:2]1([c:3]2[cH:4][cH:5][cH:6][c:7]([OH:8])[cH:9]2)[CH2:10][CH2:11][O:12][CH2:13][CH2:14]1>>[NH2:1][N+:2]1([c:3]2[cH:4][cH:5][cH:6][c:7]([OH:8])[cH:9]2)[CH2:10][CH2:11][O:12][CH2:13][CH2:14]1,"[['N:1 - O:17'], None]",[['N:1 - N:2']],[],[],"[(0, '[#6][#7&+:1]([#7:2])([#6])[#6]', 'N:1 - N:2', 'N', 'SINGLE', 'N')]","[(0, '[#8]=[#15]([#8]-[#7])(c)c', 'N:1 - O:17', 'O', 'SINGLE', 'N', '[#8]=[#15]([#8])([c])[c]', '[#7]')]","[(0, '[#7]1([#6][#6][#8][#6][#6]1)-[#7]', 'N:1 - N:2', 'N', 'SINGLE', 'N', '[#7]1[#6][#6][#8][#6][#6]1', '[#7]')]"
c5,CC(C)(C)OC(=O)N1CC2(CCC(=O)CC2)C1.NOP(=O)(c1ccccc1)c1ccccc1>>CC(C)(C)OC(=O)N1CC2(CCNC(=O)CC2)C1,CC(C)(C)OC(=O)N1CC2(CCNC(=O)CC2)C1,[CH3:1][C:2]([CH3:3])([CH3:4])[O:5][C:6](=[O:7])[N:8]1[CH2:9][C:10]2([CH2:11][CH2:12][C:14](=[O:15])[CH2:16][CH2:17]2)[CH2:18]1.[NH2:13][O:21][P:20](=[O:19])([c:22]1[cH:23][cH:24][cH:25][cH:26][cH:27]1)[c:28]1[cH:29][cH:30][cH:31][cH:32][cH:33]1>>[CH3:1][C:2]([CH3:3])([CH3:4])[O:5][C:6](=[O:7])[N:8]1[CH2:9][C:10]2([CH2:11][CH2:12][NH:13][C:14](=[O:15])[CH2:16][CH2:17]2)[CH2:18]1,"[['C:12 - C:14'], ['N:13 - O:21', 'N:13 - H']]","[['C:12 - N:13', 'C:14 - N:13']]",[],"[(0, '[#6]1[#6:1][#6:2][#6][#6][#6]12[#6][#7][#6]2', 'C:12 - C:14', 'C', 'SINGLE', 'C'), (1, '[#7:2]', 'N:13 - H', 'N', 'SINGLE', 'H', '[#7]', '[H]')]","[(0, '[#7&X3&H1:1]([#6:2])[#6]', 'C:12 - N:13', 'C', 'SINGLE', 'N'), (0, '[#6:1](=[#8])[#7:2]', 'C:14 - N:13', 'C', 'SINGLE', 'N')]","[(0, '[#6](=[#8])-[#6]', 'C:12 - C:14', 'C', 'SINGLE', 'C', '[#6]=[#8]', '[#6]'), (1, '[#8]=[#15]([#8]-[#7])(c)c', 'N:13 - O:21', 'O', 'SINGLE', 'N', '[#8]=[#15]([#8])([c])[c]', '[#7]')]","[(0, '[#6](=[#8])[#7]-[#6]', 'C:12 - N:13', 'N', 'SINGLE', 'C', '[#6](=[#8])[#7]', '[#6]'), (0, '[#6](=[#8])-[#7]', 'C:14 - N:13', 'C', 'SINGLE', 'N', '[#6]=[#8]', '[#7]')]"
c5,NOP(=O)(c1ccccc1)c1ccccc1.O=C1CC(=O)CC2(CCCC2)C1>>NC1C(=O)CC2(CCCC2)CC1=O,NC1C(=O)CC2(CCCC2)CC1=O,[NH2:1][O:16][P:15](=[O:14])([c:17]1[cH:18][cH:19][cH:20][cH:21][cH:22]1)[c:23]1[cH:24][cH:25][cH:26][cH:27][cH:28]1.[CH2:2]1[C:3](=[O:4])[CH2:5][C:6]2([CH2:7][CH2:8][CH2:9][CH2:10]2)[CH2:11][C:12]1=[O:13]>>[NH2:1][CH:2]1[C:3](=[O:4])[CH2:5][C:6]2([CH2:7][CH2:8][CH2:9][CH2:10]2)[CH2:11][C:12]1=[O:13],"[['N:1 - O:16'], ['C:2 - H']]",[['C:2 - N:1']],[],"[(1, '[#6]12([#6][#6][#6][#6]1)[#6][#6][#6:2][#6][#6]2', 'C:2 - H', 'C', 'SINGLE', 'H', '[#6]12([#6][#6][#6][#6]2)[#6][#6][#6][#6][#6]1', '[H]')]","[(0, '[#7&X3&H2:1][#6:2]', 'C:2 - N:1', 'C', 'SINGLE', 'N')]","[(0, '[#8]=[#15]([#8]-[#7])(c)c', 'N:1 - O:16', 'O', 'SINGLE', 'N', '[#8]=[#15]([#8])([c])[c]', '[#7]')]","[(0, '[#6]12([#6][#6][#6][#6]1)[#6][#6][#6]([#6][#6]2)-[#7]', 'C:2 - N:1', 'C', 'SINGLE', 'N', '[#6]12([#6][#6][#6][#6]2)[#6][#6][#6][#6][#6]1', '[#7]')]"
c5,NOP(=O)(c1ccccc1)c1ccccc1.O=c1[nH]ccc2nccn12>>Nn1ccc2nccn2c1=O,Nn1ccc2nccn2c1=O,[NH2:1][O:14][P:13](=[O:12])([c:15]1[cH:16][cH:17][cH:18][cH:19][cH:20]1)[c:21]1[cH:22][cH:23][cH:24][cH:25][cH:26]1.[nH:2]1[cH:3][cH:4][c:5]2[n:6][cH:7][cH:8][n:9]2[c:10]1=[O:11]>>[NH2:1][n:2]1[cH:3][cH:4][c:5]2[n:6][cH:7][cH:8][n:9]2[c:10]1=[O:11],"[['N:1 - O:14'], ['N:2 - H']]",[['N:1 - N:2']],[],"[(1, '[#6]1[#6]([#7][#6](=[#8])[#7:2][#6]1)[#7]', 'N:2 - H', 'N', 'SINGLE', 'H', '[#6]1[#6]([#7][#6](=[#8])[#7][#6]1)[#7]', '[H]')]","[(0, '[#6&X3](=[#8])[#7;H1,H0:1][#7;X3&H1&+0,X3&H2&+0,X3&H0&+0:2]', 'N:1 - N:2', 'N', 'SINGLE', 'N')]","[(0, '[#8]=[#15]([#8]-[#7])(c)c', 'N:1 - O:14', 'O', 'SINGLE', 'N', '[#8]=[#15]([#8])([c])[c]', '[#7]')]","[(0, '[#6]1[#6]([#7][#6](=[#8])[#7]([#6]1)-[#7])[#7]', 'N:1 - N:2', 'N', 'SINGLE', 'N', '[#6]1[#6]([#7][#6](=[#8])[#7][#6]1)[#7]', '[#7]')]"
c5,NOP(=O)(c1ccccc1)c1ccccc1.OCc1ccccc1N1CCN(Cc2ccccc2)CC1>>NOCc1ccccc1N1CCN(Cc2ccccc2)CC1,NOCc1ccccc1N1CCN(Cc2ccccc2)CC1,[NH2:1]OP(c1ccccc1)(c2ccccc2)=O.[OH:22][CH2:2][c:3]3[c:8]([N:9]4[CH2:10][CH2:11][N:12]([CH2:20][CH2:21]4)[CH2:13][c:14]5[cH:19][cH:18][cH:17][cH:16][cH:15]5)[cH:7][cH:6][cH:5][cH:4]3>>[NH2:1][O:22][CH2:2][c:3]6[c:8]([N:9]7[CH2:10][CH2:11][N:12]([CH2:20][CH2:21]7)[CH2:13][c:14]8[cH:19][cH:18][cH:17][cH:16][cH:15]8)[cH:7][cH:6][cH:5][cH:4]6,"[['O:2 - P:24'], ['C:3 - O:37']]",[['C:3 - O:2']],[],[],"[(0, 'c1cccc[c:1]1[#6&X4:2]', 'C:3 - O:2', 'C', 'SINGLE', 'O')]",[],"[(0, '[#6]-c1ccccc1[#7&!a;X4&H1&+,X4&H2&+,X4&H3&+,X3&H1&+0,X3&H0&+0,X3&H2&+0;!$([#7][!#6])]', 'C:3 - O:2', 'C', 'SINGLE', 'C', '[#6]', '[c]1[c][c][c][c][c]1[#7;!a;X4H+,X4H2+,X4H3+,X3H+0,X3H0+0,X3H2+0;!$([#7][!#6])]')]"
c5,CN1CCN(C)C(C(=O)O)C1.NOP(=O)(c1ccccc1)c1ccccc1>>CN1CC[N+](C)(N)CC1C(=O)O,CN1CC[N+](C)(N)CC1C(=O)O,[CH3:1][N:2]1[CH2:3][CH2:4][N:5]([CH3:6])[CH2:8][CH:9]1[C:10](=[O:11])[OH:12].[NH2:7][O:15][P:14](=[O:13])([c:16]1[cH:17][cH:18][cH:19][cH:20][cH:21]1)[c:22]1[cH:23][cH:24][cH:25][cH:26][cH:27]1>>[CH3:1][N:2]1[CH2:3][CH2:4][N+:5]([CH3:6])([NH2:7])[CH2:8][CH:9]1[C:10](=[O:11])[OH:12],"[None, ['N:7 - O:15']]",[['N:5 - N:7']],[],[],"[(0, '[#6][#7&+:1]([#7:2])([#6])[#6]', 'N:5 - N:7', 'N', 'SINGLE', 'N')]","[(1, '[#8]=[#15]([#8]-[#7])(c)c', 'N:7 - O:15', 'O', 'SINGLE', 'N', '[#8]=[#15]([#8])([c])[c]', '[#7]')]","[(0, 'N1(CCNCC1)-[#7]', 'N:5 - N:7', 'N', 'SINGLE', 'N', '[N]1[C][C][N][C][C]1', '[#7]')]"
c5,Cn1cnc(N)c2ncnc1-2.NOP(=O)(c1ccccc1)c1ccccc1>>Cn1cnc(N)c2[n+](N)cnc1-2,Cn1cnc(N)c2[n+](N)cnc1-2,[CH3:1][n:2]1[cH:3][n:4][c:5]([NH2:6])[c:7]2[n:8][cH:10][n:11][c:12]1-2.[NH2:9][O:15][P:14](=[O:13])([c:16]1[cH:17][cH:18][cH:19][cH:20][cH:21]1)[c:22]1[cH:23][cH:24][cH:25][cH:26][cH:27]1>>[CH3:1][n:2]1[cH:3][n:4][c:5]([NH2:6])[c:7]2[n+:8]([NH2:9])[cH:10][n:11][c:12]1-2,"[None, ['N:9 - O:15']]",[['N:8 - N:9']],[],[],[],"[(1, '[#8]=[#15]([#8]-[#7])(c)c', 'N:9 - O:15', 'O', 'SINGLE', 'N', '[#8]=[#15]([#8])([c])[c]', '[#7]')]","[(0, '[#7]1([#6][#7][#6][#6]1)-[#7]', 'N:8 - N:9', 'N', 'SINGLE', 'N', '[#7]1[#6][#7][#6][#6]1', '[#7]')]"
c5,NOP(=O)(c1ccccc1)c1ccccc1.O=[PH](c1cccc2ccccc12)c1cccc2ccccc12>>NP(=O)(c1cccc2ccccc12)c1cccc2ccccc12,NP(=O)(c1cccc2ccccc12)c1cccc2ccccc12,[NH2:1][O:26][P:25](=[O:24])([c:27]1[cH:28][cH:29][cH:30][cH:31][cH:32]1)[c:33]1[cH:34][cH:35][cH:36][cH:37][cH:38]1.[PH:2](=[O:3])([c:4]1[cH:5][cH:6][cH:7][c:8]2[cH:9][cH:10][cH:11][cH:12][c:13]12)[c:14]1[cH:15][cH:16][cH:17][c:18]2[cH:19][cH:20][cH:21][cH:22][c:23]12>>[NH2:1][P:2](=[O:3])([c:4]1[cH:5][cH:6][cH:7][c:8]2[cH:9][cH:10][cH:11][cH:12][c:13]12)[c:14]1[cH:15][cH:16][cH:17][c:18]2[cH:19][cH:20][cH:21][cH:22][c:23]12,"[['N:1 - O:26'], ['P:2 - H']]",[['N:1 - P:2']],[],"[(1, '[#8]=[#15:2]([#6])[#6]', 'P:2 - H', 'P', 'SINGLE', 'H', '[#8]=[#15]([#6])[#6]', '[H]')]","[(0, '[#8]=[#15:1]([#7:2])([#6])[#6]', 'N:1 - P:2', 'N', 'SINGLE', 'P')]","[(0, '[#8]=[#15]([#8]-[#7])(c)c', 'N:1 - O:26', 'O', 'SINGLE', 'N', '[#8]=[#15]([#8])([c])[c]', '[#7]')]","[(0, '[#8]=[#15]([#6])([#6])-[#7]', 'N:1 - P:2', 'P', 'SINGLE', 'N', '[#8]=[#15]([#6])[#6]', '[#7]')]"
c5,N#CC1CCSCC1.NOP(=O)(c1ccccc1)c1ccccc1>>N#CC1(N)CCSCC1,N#CC1(N)CCSCC1,[N:1]#[C:2][CH:3]1[CH2:5][CH2:6][S:7][CH2:8][CH2:9]1.[NH2:4][O:12][P:11](=[O:10])([c:13]1[cH:14][cH:15][cH:16][cH:17][cH:18]1)[c:19]1[cH:20][cH:21][cH:22][cH:23][cH:24]1>>[N:1]#[C:2][C:3]1([NH2:4])[CH2:5][CH2:6][S:7][CH2:8][CH2:9]1,"[['C:3 - H'], ['N:4 - O:12']]",[['C:3 - N:4']],[],"[(0, '[#6:2]1[#6][#6][#16][#6][#6]1', 'C:3 - H', 'C', 'SINGLE', 'H', '[#6]1[#6][#6][#16][#6][#6]1', '[H]')]","[(0, '[#7&X3&H2:1][#6:2]', 'C:3 - N:4', 'C', 'SINGLE', 'N')]","[(1, '[#8]=[#15]([#8]-[#7])(c)c', 'N:4 - O:12', 'O', 'SINGLE', 'N', '[#8]=[#15]([#8])([c])[c]', '[#7]')]","[(0, '[#6]1([#6][#6][#16][#6][#6]1)-[#7]', 'C:3 - N:4', 'C', 'SINGLE', 'N', '[#6]1[#6][#6][#16][#6][#6]1', '[#7]')]"
c5,NOP(=O)(c1ccccc1)c1ccccc1.O=C1CCC2(CC1)COC2>>O=C1CCC2(CCN1)COC2,O=C1CCC2(CCN1)COC2,[NH2:8][O:14][P:13](=[O:12])([c:15]1[cH:16][cH:17][cH:18][cH:19][cH:20]1)[c:21]1[cH:22][cH:23][cH:24][cH:25][cH:26]1.[O:1]=[C:2]1[CH2:3][CH2:4][C:5]2([CH2:6][CH2:7]1)[CH2:9][O:10][CH2:11]2>>[O:1]=[C:2]1[CH2:3][CH2:4][C:5]2([CH2:6][CH2:7][NH:8]1)[CH2:9][O:10][CH2:11]2,"[['N:8 - O:14', 'N:8 - H'], ['C:2 - C:7']]","[['C:7 - N:8', 'C:2 - N:8']]",[],"[(0, '[#7:2]', 'N:8 - H', 'N', 'SINGLE', 'H', '[#7]', '[H]'), (1, '[#6]1[#6][#6:1][#6:2][#6][#6]12[#6][#8][#6]2', 'C:2 - C:7', 'C', 'SINGLE', 'C')]","[(0, '[#7&X3&H1:1]([#6:2])[#6]', 'C:7 - N:8', 'C', 'SINGLE', 'N'), (0, '[#6:1](=[#8])[#7:2]', 'C:2 - N:8', 'C', 'SINGLE', 'N')]","[(0, '[#8]=[#15]([#8]-[#7])(c)c', 'N:8 - O:14', 'O', 'SINGLE', 'N', '[#8]=[#15]([#8])([c])[c]', '[#7]'), (1, '[#6](=[#8])-[#6]', 'C:2 - C:7', 'C', 'SINGLE', 'C', '[#6]=[#8]', '[#6]')]","[(0, '[#6](=[#8])[#7]-[#6]', 'C:7 - N:8', 'N', 'SINGLE', 'C', '[#6](=[#8])[#7]', '[#6]'), (0, '[#6](=[#8])-[#7]', 'C:2 - N:8', 'C', 'SINGLE', 'N', '[#6]=[#8]', '[#7]')]"
c5,NOP(=O)(c1ccccc1)c1ccccc1.c1ccc(-c2c3ccccc3nc3ccccc23)cc1>>c1ccc(-c2nn(-c3ccccc3)c3ccccc23)cc1,c1ccc(-c2nn(-c3ccccc3)c3ccccc23)cc1,[NH2:1]OP(c1ccccc1)(c2ccccc2)=O.[c:5]3([c:6]([c:7]4[cH:19][cH:18][cH:17][cH:16][c:8]4[n:9]5)[c:15]6[c:10]5[cH:11][cH:12][cH:13][cH:14]6)[cH:20][cH:21][cH:2][cH:3][cH:4]3>>[c:5]7([c:6]([n:1][n:9]8[c:10]9[cH:15][cH:14][cH:13][cH:12][cH:11]9)[c:7]%10[c:8]8[cH:16][cH:17][cH:18][cH:19]%10)[cH:20][cH:21][cH:2][cH:3][cH:4]7,"[['N:6 - H', 'C:13 aromatic C:31', 'C:9 aromatic C:31', 'N:6 - O:24'], ['C:5 aromatic C:35', 'C:8 aromatic C:34', 'C:8 aromatic C:35']]","[['C:8 aromatic C:9', 'N:6 aromatic N:7', 'C:8 aromatic C:13', 'C:5 aromatic N:6']]",['C:8 aromatic N:7 -> C:8 - N:7'],[],"[(0, '[#6]1[#7][#7:1][#6:2][#6]1', 'C:8 aromatic C:9', 'C', 'AROMATIC', 'C'), (0, '[#6:2]1[#7][#7][#6][#6:1]1', 'N:6 aromatic N:7', 'N', 'AROMATIC', 'N')]",[],[]
c5,NOP(=O)(c1ccccc1)c1ccccc1.O=C1C(N2CCOCC2)=CCCN1c1ccc(I)cc1>>N[N+]1(c2ccc(I)cc2)CCC=C(N2CCOCC2)C1=O,N[N+]1(c2ccc(I)cc2)CCC=C(N2CCOCC2)C1=O,[NH2:1][O:24][P:23](=[O:22])([c:25]1[cH:26][cH:27][cH:28][cH:29][cH:30]1)[c:31]1[cH:32][cH:33][cH:34][cH:35][cH:36]1.[N:2]1([c:3]2[cH:4][cH:5][c:6]([I:7])[cH:8][cH:9]2)[CH2:10][CH2:11][CH:12]=[C:13]([N:14]2[CH2:15][CH2:16][O:17][CH2:18][CH2:19]2)[C:20]1=[O:21]>>[NH2:1][N+:2]1([c:3]2[cH:4][cH:5][c:6]([I:7])[cH:8][cH:9]2)[CH2:10][CH2:11][CH:12]=[C:13]([N:14]2[CH2:15][CH2:16][O:17][CH2:18][CH2:19]2)[C:20]1=[O:21],"[['N:1 - O:24'], None]",[['N:1 - N:2']],[],[],"[(0, '[#6&X3](=[#8])[#7;H1,H0:1][#7;X3&H1&+0,X3&H2&+0,X3&H0&+0:2]', 'N:1 - N:2', 'N', 'SINGLE', 'N')]","[(0, '[#8]=[#15]([#8]-[#7])(c)c', 'N:1 - O:24', 'O', 'SINGLE', 'N', '[#8]=[#15]([#8])([c])[c]', '[#7]')]","[(0, '[#6]1=[#6][#6][#7]([#6][#6]1)-[#7]', 'N:1 - N:2', 'N', 'SINGLE', 'N', '[#6]1=[#6][#6][#7][#6][#6]1', '[#7]')]"
c5,NOP(=O)(c1ccccc1)c1ccccc1.c1ccc2c(c1)Sc1ccccc1S2>>N=S1c2ccccc2Sc2ccccc21,N=S1c2ccccc2Sc2ccccc21,[NH2:1][O:18][P:17](=[O:16])([c:19]1[cH:20][cH:21][cH:22][cH:23][cH:24]1)[c:25]1[cH:26][cH:27][cH:28][cH:29][cH:30]1.[S:2]1[c:3]2[cH:4][cH:5][cH:6][cH:7][c:8]2[S:9][c:10]2[cH:11][cH:12][cH:13][cH:14][c:15]21>>[NH:1]=[S:2]1[c:3]2[cH:4][cH:5][cH:6][cH:7][c:8]2[S:9][c:10]2[cH:11][cH:12][cH:13][cH:14][c:15]21,"[['N:1 - O:18', 'N:1 - H'], None]",[['N:1 = S:2']],[],"[(0, '[#7:2]', 'N:1 - H', 'N', 'SINGLE', 'H', '[#7]', '[H]')]","[(0, '[#7:1]=[#16:2]([#6])[#6]', 'N:1 = S:2', 'N', 'DOUBLE', 'S')]","[(0, '[#8]=[#15]([#8]-[#7])(c)c', 'N:1 - O:18', 'O', 'SINGLE', 'N', '[#8]=[#15]([#8])([c])[c]', '[#7]')]","[(0, '[#16]1([#6][#6][#16][#6][#6]1)=[#7]', 'N:1 = S:2', 'S', 'DOUBLE', 'N', '[#16]1[#6][#6][#16][#6][#6]1', '[#7]')]"
c5,NOP(=O)(c1ccccc1)c1ccccc1.c1ccc2c(c1)Oc1ccccc1S2>>N=S1c2ccccc2Oc2ccccc21,N=S1c2ccccc2Oc2ccccc21,[NH2:1][O:18][P:17](=[O:16])([c:19]1[cH:20][cH:21][cH:22][cH:23][cH:24]1)[c:25]1[cH:26][cH:27][cH:28][cH:29][cH:30]1.[S:2]1[c:3]2[cH:4][cH:5][cH:6][cH:7][c:8]2[O:9][c:10]2[cH:11][cH:12][cH:13][cH:14][c:15]21>>[NH:1]=[S:2]1[c:3]2[cH:4][cH:5][cH:6][cH:7][c:8]2[O:9][c:10]2[cH:11][cH:12][cH:13][cH:14][c:15]21,"[['N:1 - O:18', 'N:1 - H'], None]",[['N:1 = S:2']],[],"[(0, '[#7:2]', 'N:1 - H', 'N', 'SINGLE', 'H', '[#7]', '[H]')]","[(0, '[#7:1]=[#16:2]([#6])[#6]', 'N:1 = S:2', 'N', 'DOUBLE', 'S')]","[(0, '[#8]=[#15]([#8]-[#7])(c)c', 'N:1 - O:18', 'O', 'SINGLE', 'N', '[#8]=[#15]([#8])([c])[c]', '[#7]')]","[(0, 'c1ccc2c(c1)Oc1ccccc1S2=[#7]', 'N:1 = S:2', 'S', 'DOUBLE', 'N', '[c]1[c][c][c]2[c]([c]1)[O][c]1[c][c][c][c][c]1[S]2', '[#7]')]"
c5,NOP(=O)(c1ccccc1)c1ccccc1.O/N=C/c1ccncc1>>N[n+]1ccc(/C=N/O)cc1,N[n+]1ccc(/C=N/O)cc1,[NH2:1][O:13][P:12](=[O:11])([c:14]1[cH:15][cH:16][cH:17][cH:18][cH:19]1)[c:20]1[cH:21][cH:22][cH:23][cH:24][cH:25]1.[n:2]1[cH:3][cH:4][c:5](/[CH:6]=[N:7]/[OH:8])[cH:9][cH:10]1>>[NH2:1][n+:2]1[cH:3][cH:4][c:5](/[CH:6]=[N:7]/[OH:8])[cH:9][cH:10]1,"[['N:1 - O:13'], None]",[['N:1 - N:2']],[],[],"[(0, '[N:1][n&+:2]1ccccc1', 'N:1 - N:2', 'N', 'SINGLE', 'N')]","[(0, '[#8]=[#15]([#8]-[#7])(c)c', 'N:1 - O:13', 'O', 'SINGLE', 'N', '[#8]=[#15]([#8])([c])[c]', '[#7]')]","[(0, '[#6]1[#6][#6][#7]([#6][#6]1)-[#7]', 'N:1 - N:2', 'N', 'SINGLE', 'N', '[#6]1[#6][#6][#7][#6][#6]1', '[#7]')]"
c5,NOP(=O)(c1ccccc1)c1ccccc1.O=C(C(=O)c1ccccn1)c1ccccn1>>N[n+]1ccccc1C(=O)C(=O)c1ccccn1,N[n+]1ccccc1C(=O)C(=O)c1ccccn1,[NH2:1][O:20][P:19](=[O:18])([c:21]1[cH:22][cH:23][cH:24][cH:25][cH:26]1)[c:27]1[cH:28][cH:29][cH:30][cH:31][cH:32]1.[n:2]1[cH:3][cH:4][cH:5][cH:6][c:7]1[C:8](=[O:9])[C:10](=[O:11])[c:12]1[cH:13][cH:14][cH:15][cH:16][n:17]1>>[NH2:1][n+:2]1[cH:3][cH:4][cH:5][cH:6][c:7]1[C:8](=[O:9])[C:10](=[O:11])[c:12]1[cH:13][cH:14][cH:15][cH:16][n:17]1,"[['N:1 - O:20'], None]",[['N:1 - N:2']],[],[],"[(0, '[N:1][n&+:2]1ccccc1', 'N:1 - N:2', 'N', 'SINGLE', 'N')]","[(0, '[#8]=[#15]([#8]-[#7])(c)c', 'N:1 - O:20', 'O', 'SINGLE', 'N', '[#8]=[#15]([#8])([c])[c]', '[#7]')]","[(0, '[#6]1[#6][#6][#7]([#6][#6]1)-[#7]', 'N:1 - N:2', 'N', 'SINGLE', 'N', '[#6]1[#6][#6][#7][#6][#6]1', '[#7]')]"
c5,CN(C)c1ccccc1.NOP(=O)(c1ccccc1)c1ccccc1>>CN(C)c1ccccc1N,CN(C)c1ccccc1N,[CH3:1][N:2]([CH3:3])[c:4]1[cH:5][cH:6][cH:7][cH:8][cH:9]1.[NH2:10][O:13][P:12](=[O:11])([c:14]1[cH:15][cH:16][cH:17][cH:18][cH:19]1)[c:20]1[cH:21][cH:22][cH:23][cH:24][cH:25]1>>[CH3:1][N:2]([CH3:3])[c:4]1[cH:5][cH:6][cH:7][cH:8][c:9]1[NH2:10],"[['C:9 - H'], ['N:10 - O:13']]",[['C:9 - N:10']],[],"[(0, 'c1ccc[c:2]c1[#7&!a;X4&H1&+,X4&H2&+,X4&H3&+,X3&H1&+0,X3&H0&+0,X3&H2&+0;!$([#7][!#6])]', 'C:9 - H', 'C', 'SINGLE', 'H', '[c]1[c][c][c][c][c]1[#7;!a;X4H+,X4H2+,X4H3+,X3H+0,X3H0+0,X3H2+0;!$([#7][!#6])]', '[H]')]","[(0, '[#7&X3&H2:1][#6:2]', 'C:9 - N:10', 'C', 'SINGLE', 'N')]","[(1, '[#8]=[#15]([#8]-[#7])(c)c', 'N:10 - O:13', 'O', 'SINGLE', 'N', '[#8]=[#15]([#8])([c])[c]', '[#7]')]","[(0, 'c1(ccccc1[#7&!a;X4&H1&+,X4&H2&+,X4&H3&+,X3&H1&+0,X3&H0&+0,X3&H2&+0;!$([#7][!#6])])-[#7]', 'C:9 - N:10', 'C', 'SINGLE', 'N', '[c]1[c][c][c][c][c]1[#7;!a;X4H+,X4H2+,X4H3+,X3H+0,X3H0+0,X3H2+0;!$([#7][!#6])]', '[#7]')]"
c5,NOP(=O)(c1ccccc1)c1ccccc1.c1ccc(-c2ccccn2)cc1>>N[n+]1ccccc1-c1ccccc1,N[n+]1ccccc1-c1ccccc1,[NH2:1][O:16][P:15](=[O:14])([c:17]1[cH:18][cH:19][cH:20][cH:21][cH:22]1)[c:23]1[cH:24][cH:25][cH:26][cH:27][cH:28]1.[n:2]1[cH:3][cH:4][cH:5][cH:6][c:7]1-[c:8]1[cH:9][cH:10][cH:11][cH:12][cH:13]1>>[NH2:1][n+:2]1[cH:3][cH:4][cH:5][cH:6][c:7]1-[c:8]1[cH:9][cH:10][cH:11][cH:12][cH:13]1,"[['N:1 - O:16'], None]",[['N:1 - N:2']],[],[],"[(0, '[N:1][n&+:2]1ccccc1', 'N:1 - N:2', 'N', 'SINGLE', 'N')]","[(0, '[#8]=[#15]([#8]-[#7])(c)c', 'N:1 - O:16', 'O', 'SINGLE', 'N', '[#8]=[#15]([#8])([c])[c]', '[#7]')]","[(0, '[#6]1[#6][#6][#7]([#6][#6]1)-[#7]', 'N:1 - N:2', 'N', 'SINGLE', 'N', '[#6]1[#6][#6][#7][#6][#6]1', '[#7]')]"
c5,NOP(=O)(c1ccccc1)c1ccccc1.O=C(c1ccccc1)c1ccccc1>>O=C(Nc1ccccc1)c1ccccc1,O=C(Nc1ccccc1)c1ccccc1,[NH2:3][O:18][P:17](=[O:16])([c:19]1[cH:20][cH:21][cH:22][cH:23][cH:24]1)[c:25]1[cH:26][cH:27][cH:28][cH:29][cH:30]1.[O:1]=[C:2]([c:4]1[cH:5][cH:6][cH:7][cH:8][cH:9]1)[c:10]1[cH:11][cH:12][cH:13][cH:14][cH:15]1>>[O:1]=[C:2]([NH:3][c:4]1[cH:5][cH:6][cH:7][cH:8][cH:9]1)[c:10]1[cH:11][cH:12][cH:13][cH:14][cH:15]1,"[['N:3 - O:18', 'N:3 - H'], ['C:2 - C:4']]","[['C:4 - N:3', 'C:2 - N:3']]",[],"[(0, '[#7:2]', 'N:3 - H', 'N', 'SINGLE', 'H', '[#7]', '[H]'), (1, '[#6:1][#6:2](=[#8])[#6]', 'C:2 - C:4', 'C', 'SINGLE', 'C')]","[(0, '[#7&X3&H1:1]([#6])[#6:2]', 'C:4 - N:3', 'C', 'SINGLE', 'N'), (0, '[#6:1](=[#8])[#7:2]', 'C:2 - N:3', 'C', 'SINGLE', 'N')]","[(0, '[#8]=[#15]([#8]-[#7])(c)c', 'N:3 - O:18', 'O', 'SINGLE', 'N', '[#8]=[#15]([#8])([c])[c]', '[#7]'), (1, 'c1(ccccc1)-[#6]=[#8]', 'C:2 - C:4', 'C', 'SINGLE', 'C', '[c]1[c][c][c][c][c]1', '[#6]=[#8]')]","[(0, 'c1(ccccc1)-[#7][#6]=[#8]', 'C:4 - N:3', 'C', 'SINGLE', 'N', '[c]1[c][c][c][c][c]1', '[#6](=[#8])[#7]'), (0, 'c1ccccc1[#7&!a;X4&H1&+,X4&H2&+,X4&H3&+,X3&H1&+0,X3&H0&+0,X3&H2&+0;!$([#7][!#6])]-[#6]=[#8]', 'C:2 - N:3', 'N', 'SINGLE', 'C', '[c]1[c][c][c][c][c]1[#7;!a;X4H+,X4H2+,X4H3+,X3H+0,X3H0+0,X3H2+0;!$([#7][!#6])]', '[#6]=[#8]')]"
c5,NOP(=O)(c1ccccc1)c1ccccc1.OB(O)c1ccc2ncccc2c1>>N[n+]1cccc2cc(B(O)O)ccc21,N[n+]1cccc2cc(B(O)O)ccc21,[NH2:1][O:17][P:16](=[O:15])([c:18]1[cH:19][cH:20][cH:21][cH:22][cH:23]1)[c:24]1[cH:25][cH:26][cH:27][cH:28][cH:29]1.[n:2]1[cH:3][cH:4][cH:5][c:6]2[cH:7][c:8]([B:9]([OH:10])[OH:11])[cH:12][cH:13][c:14]12>>[NH2:1][n+:2]1[cH:3][cH:4][cH:5][c:6]2[cH:7][c:8]([B:9]([OH:10])[OH:11])[cH:12][cH:13][c:14]12,"[['N:1 - O:17'], None]",[['N:1 - N:2']],[],[],"[(0, '[N:1][n&+:2]1ccccc1', 'N:1 - N:2', 'N', 'SINGLE', 'N')]","[(0, '[#8]=[#15]([#8]-[#7])(c)c', 'N:1 - O:17', 'O', 'SINGLE', 'N', '[#8]=[#15]([#8])([c])[c]', '[#7]')]","[(0, '[#6]12[#6][#6][#6][#7]([#6]1[#6][#6][#6][#6]2)-[#7]', 'N:1 - N:2', 'N', 'SINGLE', 'N', '[#6]1([#6][#6][#6][#7]2)[#6]2[#6][#6][#6][#6]1', '[#7]')]"
c5,Cc1ccc(-c2cn3cc(C)ccc3n2)cc1.NOP(=O)(c1ccccc1)c1ccccc1>>Cc1ccc(-c2cn3cc(C)ccc3[n+]2N)cc1,Cc1ccc(-c2cn3cc(C)ccc3[n+]2N)cc1,[CH3:1][c:2]1[cH:3][cH:4][c:5](-[c:6]2[cH:7][n:8]3[cH:9][c:10]([CH3:11])[cH:12][cH:13][c:14]3[n:15]2)[cH:17][cH:18]1.[NH2:16][O:21][P:20](=[O:19])([c:22]1[cH:23][cH:24][cH:25][cH:26][cH:27]1)[c:28]1[cH:29][cH:30][cH:31][cH:32][cH:33]1>>[CH3:1][c:2]1[cH:3][cH:4][c:5](-[c:6]2[cH:7][n:8]3[cH:9][c:10]([CH3:11])[cH:12][cH:13][c:14]3[n+:15]2[NH2:16])[cH:17][cH:18]1,"[None, ['N:16 - O:21']]",[['N:15 - N:16']],[],[],[],"[(1, '[#8]=[#15]([#8]-[#7])(c)c', 'N:16 - O:21', 'O', 'SINGLE', 'N', '[#8]=[#15]([#8])([c])[c]', '[#7]')]","[(0, '[#7]1([#6][#7][#6][#6]1)-[#7]', 'N:15 - N:16', 'N', 'SINGLE', 'N', '[#7]1[#6][#7][#6][#6]1', '[#7]')]"
c5,NOP(=O)(c1ccccc1)c1ccccc1.c1cncc(B2OCCCO2)c1>>N[n+]1ccccc1,N[n+]1ccccc1,[NH2:1][O:10][P:9](=[O:8])([c:11]1[cH:12][cH:13][cH:14][cH:15][cH:16]1)[c:17]1[cH:18][cH:19][cH:20][cH:21][cH:22]1.[n:2]1[cH:3][c:4]([B:26]2[O:25][CH2:24][CH2:23][CH2:28][O:27]2)[cH:5][cH:6][cH:7]1>>[NH2:1][n+:2]1[cH:3][cH:4][cH:5][cH:6][cH:7]1,"[['N:1 - O:10'], ['B:26 - C:4']]","[['N:1 - N:2', 'C:4 - H']]",[],"[(1, '[#8][#5:1][#6:2]', 'B:26 - C:4', 'B', 'SINGLE', 'C')]","[(0, '[N:1][n&+:2]1ccccc1', 'N:1 - N:2', 'N', 'SINGLE', 'N'), (0, 'N[n&+]1c[c:2]ccc1', 'C:4 - H', 'C', 'SINGLE', 'H', 'N[n+]1ccccc1', '[H]')]","[(0, '[#8]=[#15]([#8]-[#7])(c)c', 'N:1 - O:10', 'O', 'SINGLE', 'N', '[#8]=[#15]([#8])([c])[c]', '[#7]'), (1, 'c1(cnccc1)-[#5]1[#8][#6][#6][#6][#8]1', 'B:26 - C:4', 'C', 'SINGLE', 'B', '[c]1[c][n][c][c][c]1', '[#6]1[#6][#6][#8][#5][#8]1')]","[(0, '[#6]1[#6][#6][#7]([#6][#6]1)-[#7]', 'N:1 - N:2', 'N', 'SINGLE', 'N', '[#6]1[#6][#6][#7][#6][#6]1', '[#7]')]"
c5,COc1ccc(-c2cc3ccc(OC)cc3s2)cc1.NOP(=O)(c1ccccc1)c1ccccc1>>COc1ccc(C2=Cc3ccc(OC)cc3S2=O)cc1,COc1ccc(C2=Cc3ccc(OC)cc3S2=O)cc1,[CH3:1][O:2][c:3]1[cH:4][cH:5][c:6](-[c:7]2[cH:8][c:9]3[cH:10][cH:11][c:12]([O:13][CH3:14])[cH:15][c:16]3[s:17]2)[cH:19][cH:20]1.[O:18]([NH2:21])[P:22](=[O:23])([c:24]1[cH:25][cH:26][cH:27][cH:28][cH:29]1)[c:30]1[cH:31][cH:32][cH:33][cH:34][cH:35]1>>[CH3:1][O:2][c:3]1[cH:4][cH:5][c:6]([C:7]2=[CH:8][c:9]3[cH:10][cH:11][c:12]([O:13][CH3:14])[cH:15][c:16]3[S:17]2=[O:18])[cH:19][cH:20]1,"[None, ['O:18 - P:22', 'N:21 - O:18']]",[['O:18 = S:17']],"['C:16 aromatic S:17 -> C:16 - S:17', 'C:8 aromatic C:9 -> C:8 - C:9', 'C:7 aromatic C:8 -> C:7 = C:8', 'C:7 aromatic S:17 -> C:7 - S:17']","[(1, '[#8]=[#15:1]([#8:2])([#6])[#6]', 'O:18 - P:22', 'O', 'SINGLE', 'P')]","[(0, '[#16&X3:1]=[#8:2]', 'O:18 = S:17', 'O', 'DOUBLE', 'S')]","[(1, '[#8]=[#15]([#6])([#6])-[#8]', 'O:18 - P:22', 'P', 'SINGLE', 'O', '[#8]=[#15]([#6])[#6]', '[#8]'), (1, '[#8]=[#15]([#8]-[#7])(c)c', 'N:21 - O:18', 'O', 'SINGLE', 'N', '[#8]=[#15]([#8])([c])[c]', '[#7]')]","[(0, '[#6]1[#6]=[#6][#16]([#6]1)=[#8]', 'O:18 = S:17', 'S', 'DOUBLE', 'O', '[#6]1[#6]=[#6][#16][#6]1', '[#8]')]"
c5,Cc1ccc2oc(C=Cc3nc4cc(C)ccc4o3)nc2c1.NOP(=O)(c1ccccc1)c1ccccc1>>Cc1ccc2oc(C=Cc3oc4ccc(C)cc4[n+]3N)nc2c1,Cc1ccc2oc(C=Cc3oc4ccc(C)cc4[n+]3N)nc2c1,[CH3:1][c:2]1[cH:3][cH:4][c:5]2[o:6][c:7]([CH:8]=[CH:9][c:10]3[o:11][c:12]4[cH:13][cH:14][c:15]([CH3:16])[cH:17][c:18]4[n:19]3)[n:21][c:22]2[cH:23]1.[NH2:20][O:26][P:25](=[O:24])([c:27]1[cH:28][cH:29][cH:30][cH:31][cH:32]1)[c:33]1[cH:34][cH:35][cH:36][cH:37][cH:38]1>>[CH3:1][c:2]1[cH:3][cH:4][c:5]2[o:6][c:7]([CH:8]=[CH:9][c:10]3[o:11][c:12]4[cH:13][cH:14][c:15]([CH3:16])[cH:17][c:18]4[n+:19]3[NH2:20])[n:21][c:22]2[cH:23]1,"[None, ['N:20 - O:26']]",[['N:19 - N:20']],[],[],[],"[(1, '[#8]=[#15]([#8]-[#7])(c)c', 'N:20 - O:26', 'O', 'SINGLE', 'N', '[#8]=[#15]([#8])([c])[c]', '[#7]')]","[(0, '[#6]1[#8][#6][#7]([#6]1)-[#7]', 'N:19 - N:20', 'N', 'SINGLE', 'N', '[#6]1[#8][#6][#7][#6]1', '[#7]')]"
c5,NOP(=O)(c1ccccc1)c1ccccc1.c1ccc(-c2nccs2)cc1>>N[n+]1ccsc1-c1ccccc1,N[n+]1ccsc1-c1ccccc1,[NH2:1][O:15][P:14](=[O:13])([c:16]1[cH:17][cH:18][cH:19][cH:20][cH:21]1)[c:22]1[cH:23][cH:24][cH:25][cH:26][cH:27]1.[n:2]1[cH:3][cH:4][s:5][c:6]1-[c:7]1[cH:8][cH:9][cH:10][cH:11][cH:12]1>>[NH2:1][n+:2]1[cH:3][cH:4][s:5][c:6]1-[c:7]1[cH:8][cH:9][cH:10][cH:11][cH:12]1,"[['N:1 - O:15'], None]",[['N:1 - N:2']],[],[],[],"[(0, '[#8]=[#15]([#8]-[#7])(c)c', 'N:1 - O:15', 'O', 'SINGLE', 'N', '[#8]=[#15]([#8])([c])[c]', '[#7]')]","[(0, '[#6]1[#7]([#6][#6][#16]1)-[#7]', 'N:1 - N:2', 'N', 'SINGLE', 'N', '[#6]1[#7][#6][#6][#16]1', '[#7]')]"
c5,NOP(=O)(c1ccccc1)c1ccccc1.O=C1CCc2c1cccc2C(F)(F)F>>O/N=C1/CCc2c1cccc2C(F)(F)F,O/N=C1/CCc2c1cccc2C(F)(F)F,[H][O:15][H].[NH2:1]OP(c1ccccc1)(c2ccccc2)=O.O=[C:2]3[CH2:3][CH2:4][c:5]4[c:10]([C:11]([F:13])([F:14])[F:12])[cH:9][cH:8][cH:7][c:6]43>>[OH:15]/[N:1]=[C:2]5[CH2:3][CH2:4][c:5]6[c:10]([C:11]([F:13])([F:14])[F:12])[cH:9][cH:8][cH:7][c:6]6/5,"[['O:1 - P:17', 'N:2 - H'], ['C:3 = O:30']]","[['C:3 = N:2', 'O:1 - H']]",[],[],"[(0, '[#6:1]1[#6:2][#6][#6][#6]1', 'C:3 = N:2', 'C', 'DOUBLE', 'N'), (0, '[#7:2][#8&X2&H1]', 'O:1 - H', 'O', 'SINGLE', 'H', '[#7][#8X2H]', '[H]')]",[],[]
c5,Cc1ccccc1-c1ccccn1.NOP(=O)(c1ccccc1)c1ccccc1>>Cc1ccccc1-c1cccc[n+]1N,Cc1ccccc1-c1cccc[n+]1N,[CH3:1][c:2]1[cH:3][cH:4][cH:5][cH:6][c:7]1-[c:8]1[cH:9][cH:10][cH:11][cH:12][n:13]1.[NH2:14][O:17][P:16](=[O:15])([c:18]1[cH:19][cH:20][cH:21][cH:22][cH:23]1)[c:24]1[cH:25][cH:26][cH:27][cH:28][cH:29]1>>[CH3:1][c:2]1[cH:3][cH:4][cH:5][cH:6][c:7]1-[c:8]1[cH:9][cH:10][cH:11][cH:12][n+:13]1[NH2:14],"[None, ['N:14 - O:17']]",[['N:13 - N:14']],[],[],"[(0, '[N:1][n&+:2]1ccccc1', 'N:13 - N:14', 'N', 'SINGLE', 'N')]","[(1, '[#8]=[#15]([#8]-[#7])(c)c', 'N:14 - O:17', 'O', 'SINGLE', 'N', '[#8]=[#15]([#8])([c])[c]', '[#7]')]","[(0, '[#6]1[#6][#6][#7]([#6][#6]1)-[#7]', 'N:13 - N:14', 'N', 'SINGLE', 'N', '[#6]1[#6][#6][#7][#6][#6]1', '[#7]')]"
c5,CSc1nccn1C.NOP(=O)(c1ccccc1)c1ccccc1>>CSc1n(C)cc[n+]1N,CSc1n(C)cc[n+]1N,[CH3:1][S:2][c:3]1[n:4]([CH3:5])[cH:6][cH:7][n:8]1.[NH2:9][O:12][P:11](=[O:10])([c:13]1[cH:14][cH:15][cH:16][cH:17][cH:18]1)[c:19]1[cH:20][cH:21][cH:22][cH:23][cH:24]1>>[CH3:1][S:2][c:3]1[n:4]([CH3:5])[cH:6][cH:7][n+:8]1[NH2:9],"[None, ['N:9 - O:12']]",[['N:8 - N:9']],[],[],[],"[(1, '[#8]=[#15]([#8]-[#7])(c)c', 'N:9 - O:12', 'O', 'SINGLE', 'N', '[#8]=[#15]([#8])([c])[c]', '[#7]')]","[(0, '[#7]1([#6][#7][#6][#6]1)-[#7]', 'N:8 - N:9', 'N', 'SINGLE', 'N', '[#7]1[#6][#7][#6][#6]1', '[#7]')]"
c5,CC1=Nc2ccc3ccccc3c2C1(C)C.NOP(=O)(c1ccccc1)c1ccccc1>>C=C(C)c1c(/N=C(/C)N)ccc2ccccc12,C=C(C)c1c(/N=C(/C)N)ccc2ccccc12,[CH3:1][C:2]1([CH3:3])[c:4]2[c:5]([cH:10][cH:11][c:12]3[cH:13][cH:14][cH:15][cH:16][c:17]23)[N:6]=[C:7]1[CH3:8].[NH2:9][O:20][P:19](=[O:18])([c:21]1[cH:22][cH:23][cH:24][cH:25][cH:26]1)[c:27]1[cH:28][cH:29][cH:30][cH:31][cH:32]1>>[CH2:1]=[C:2]([CH3:3])[c:4]1[c:5](/[N:6]=[C:7](/[CH3:8])[NH2:9])[cH:10][cH:11][c:12]2[cH:13][cH:14][cH:15][cH:16][c:17]12,"[['C:1 - H', 'C:2 - C:7'], ['N:9 - O:20']]",[['C:7 - N:9']],['C:1 - C:2 -> C:1 = C:2'],"[(0, '[#6:2]', 'C:1 - H', 'C', 'SINGLE', 'H', '[#6]', '[H]'), (0, '[#6:1]1[#6:2]=[#7]c2ccccc2-1', 'C:2 - C:7', 'C', 'SINGLE', 'C')]","[(0, '[#7&X3&H2:1][#6:2]', 'C:7 - N:9', 'C', 'SINGLE', 'N')]","[(0, 'c1ccccc1[#6&X4]-[#6&X3]=[#7&X2;H1,H0;!$([#7&X2][#7,#8,#9,#15,#16,#17,Br,I])]', 'C:2 - C:7', 'C', 'SINGLE', 'C', '[c]1[c][c][c][c][c]1[#6X4]', '[#7X2;H1,H0;!$([#7X2][#7,#8,#9,#15,#16,#17,Br,I])]=[#6X3]'), (1, '[#8]=[#15]([#8]-[#7])(c)c', 'N:9 - O:20', 'O', 'SINGLE', 'N', '[#8]=[#15]([#8])([c])[c]', '[#7]')]","[(0, '[#7&X2;H1,H0;!$([#7&X2][#7,#8,#9,#15,#16,#17,Br,I])]=[#6&X3]-[#7]', 'C:7 - N:9', 'C', 'SINGLE', 'N', '[#7X2;H1,H0;!$([#7X2][#7,#8,#9,#15,#16,#17,Br,I])]=[#6X3]', '[#7]')]"
c5,CC1=Nc2ccc3ccccc3c2C1(C)C.NOP(=O)(c1ccccc1)c1ccccc1>>CC1=NNc2ccc3ccccc3c2C1(C)C,CC1=NNc2ccc3ccccc3c2C1(C)C,[CH3:1][C:2]1=[N:4][c:5]2[cH:6][cH:7][c:8]3[cH:9][cH:10][cH:11][cH:12][c:13]3[c:14]2[C:15]1([CH3:16])[CH3:17].[NH2:3][O:20][P:19](=[O:18])([c:21]1[cH:22][cH:23][cH:24][cH:25][cH:26]1)[c:27]1[cH:28][cH:29][cH:30][cH:31][cH:32]1>>[CH3:1][C:2]1=[N:3][NH:4][c:5]2[cH:6][cH:7][c:8]3[cH:9][cH:10][cH:11][cH:12][c:13]3[c:14]2[C:15]1([CH3:16])[CH3:17],"[['C:2 = N:4'], ['N:3 - O:20', 'N:3 - H']]","[['C:2 = N:3', 'N:4 - H', 'N:3 - N:4']]",[],"[(0, '[#6]1[#6:1]=[#7:2]c2ccccc2-1', 'C:2 = N:4', 'C', 'DOUBLE', 'N'), (1, '[#7:2]', 'N:3 - H', 'N', 'SINGLE', 'H', '[#7]', '[H]')]","[(0, '[#7]1[#7:1]=[#6:2][#6][#6][#6]1', 'C:2 = N:3', 'C', 'DOUBLE', 'N'), (0, '[#7:2]1[#7]=[#6][#6][#6][#6]1', 'N:4 - H', 'N', 'SINGLE', 'H', '[#7]1[#7]=[#6][#6][#6][#6]1', '[H]'), (0, '[#7:1]1[#7:2]=[#6][#6][#6][#6]1', 'N:3 - N:4', 'N', 'SINGLE', 'N')]","[(0, '[#6]=[#7]', 'C:2 = N:4', 'C', 'DOUBLE', 'N', '[#6]', '[#7]'), (1, '[#8]=[#15]([#8]-[#7])(c)c', 'N:3 - O:20', 'O', 'SINGLE', 'N', '[#8]=[#15]([#8])([c])[c]', '[#7]')]","[(0, '[#6]=[#7]', 'C:2 = N:3', 'C', 'DOUBLE', 'N', '[#6]', '[#7]'), (0, '[#7]-[#7]', 'N:3 - N:4', 'N', 'SINGLE', 'N', '[#7]', '[#7]')]"
c5,COc1cccc2cccnc12.NOP(=O)(c1ccccc1)c1ccccc1>>COc1cccc2ccc[n+](N)c12,COc1cccc2ccc[n+](N)c12,[CH3:1][O:2][c:3]1[cH:4][cH:5][cH:6][c:7]2[cH:8][cH:9][cH:10][n:11][c:13]12.[NH2:12][O:16][P:15](=[O:14])([c:17]1[cH:18][cH:19][cH:20][cH:21][cH:22]1)[c:23]1[cH:24][cH:25][cH:26][cH:27][cH:28]1>>[CH3:1][O:2][c:3]1[cH:4][cH:5][cH:6][c:7]2[cH:8][cH:9][cH:10][n+:11]([NH2:12])[c:13]12,"[None, ['N:12 - O:16']]",[['N:11 - N:12']],[],[],"[(0, '[N:1][n&+:2]1ccccc1', 'N:11 - N:12', 'N', 'SINGLE', 'N')]","[(1, '[#8]=[#15]([#8]-[#7])(c)c', 'N:12 - O:16', 'O', 'SINGLE', 'N', '[#8]=[#15]([#8])([c])[c]', '[#7]')]","[(0, '[#6]12[#6][#6][#6][#7]([#6]1[#6][#6][#6][#6]2)-[#7]', 'N:11 - N:12', 'N', 'SINGLE', 'N', '[#6]1([#6][#6][#6][#7]2)[#6]2[#6][#6][#6][#6]1', '[#7]')]"
c5,NOP(=O)(c1ccccc1)c1ccccc1.O=Cc1nc2ccccc2s1>>NC(=O)c1nc2ccccc2s1,NC(=O)c1nc2ccccc2s1,[NH2:1][O:15][P:14](=[O:13])([c:16]1[cH:17][cH:18][cH:19][cH:20][cH:21]1)[c:22]1[cH:23][cH:24][cH:25][cH:26][cH:27]1.[CH:2](=[O:3])[c:4]1[n:5][c:6]2[cH:7][cH:8][cH:9][cH:10][c:11]2[s:12]1>>[NH2:1][C:2](=[O:3])[c:4]1[n:5][c:6]2[cH:7][cH:8][cH:9][cH:10][c:11]2[s:12]1,"[['N:1 - O:15'], ['C:2 - H']]",[['C:2 - N:1']],[],"[(1, '[#6&X3&H1:2]=[#8]', 'C:2 - H', 'C', 'SINGLE', 'H', '[#6X3;H1](=[#8])', '[H]')]","[(0, '[#6:1](=[#8])[#7:2]', 'C:2 - N:1', 'C', 'SINGLE', 'N')]","[(0, '[#8]=[#15]([#8]-[#7])(c)c', 'N:1 - O:15', 'O', 'SINGLE', 'N', '[#8]=[#15]([#8])([c])[c]', '[#7]')]","[(0, '[#6](=[#8])-[#7]', 'C:2 - N:1', 'C', 'SINGLE', 'N', '[#6]=[#8]', '[#7]')]"
c5,NOP(=O)(c1ccccc1)c1ccccc1.O=C1CC(c2ccccc2)C1>>O=C1CC(c2ccccc2)CN1,O=C1CC(c2ccccc2)CN1,[NH2:12][O:15][P:14](=[O:13])([c:16]1[cH:17][cH:18][cH:19][cH:20][cH:21]1)[c:22]1[cH:23][cH:24][cH:25][cH:26][cH:27]1.[O:1]=[C:2]1[CH2:3][CH:4]([c:5]2[cH:6][cH:7][cH:8][cH:9][cH:10]2)[CH2:11]1>>[O:1]=[C:2]1[CH2:3][CH:4]([c:5]2[cH:6][cH:7][cH:8][cH:9][cH:10]2)[CH2:11][NH:12]1,"[['N:12 - H', 'N:12 - O:15'], ['C:2 - C:11']]","[['C:2 - N:12', 'C:11 - N:12']]",[],"[(0, '[#7:2]', 'N:12 - H', 'N', 'SINGLE', 'H', '[#7]', '[H]'), (1, '[#6:2]1[#6][#6][#6:1]1', 'C:2 - C:11', 'C', 'SINGLE', 'C')]","[(0, '[#6:1](=[#8])[#7:2]', 'C:2 - N:12', 'C', 'SINGLE', 'N'), (0, '[#6]1[#6][#7:1][#6:2][#6]1', 'C:11 - N:12', 'C', 'SINGLE', 'N')]","[(0, '[#8]=[#15]([#8]-[#7])(c)c', 'N:12 - O:15', 'O', 'SINGLE', 'N', '[#8]=[#15]([#8])([c])[c]', '[#7]'), (1, '[#6](=[#8])-[#6]', 'C:2 - C:11', 'C', 'SINGLE', 'C', '[#6]=[#8]', '[#6]')]","[(0, '[#6](=[#8])-[#7]', 'C:2 - N:12', 'C', 'SINGLE', 'N', '[#6]=[#8]', '[#7]'), (0, '[#6](=[#8])[#7]-[#6]', 'C:11 - N:12', 'N', 'SINGLE', 'C', '[#6](=[#8])[#7]', '[#6]')]"
c5,Cc1ccc(-c2ccccn2)cc1.NOP(=O)(c1ccccc1)c1ccccc1>>Cc1ccc(-c2cccc[n+]2N)cc1,Cc1ccc(-c2cccc[n+]2N)cc1,[CH3:1][c:2]1[cH:3][cH:4][c:5](-[c:6]2[cH:7][cH:8][cH:9][cH:10][n:11]2)[cH:13][cH:14]1.[NH2:12][O:17][P:16](=[O:15])([c:18]1[cH:19][cH:20][cH:21][cH:22][cH:23]1)[c:24]1[cH:25][cH:26][cH:27][cH:28][cH:29]1>>[CH3:1][c:2]1[cH:3][cH:4][c:5](-[c:6]2[cH:7][cH:8][cH:9][cH:10][n+:11]2[NH2:12])[cH:13][cH:14]1,"[None, ['N:12 - O:17']]",[['N:11 - N:12']],[],[],"[(0, '[N:1][n&+:2]1ccccc1', 'N:11 - N:12', 'N', 'SINGLE', 'N')]","[(1, '[#8]=[#15]([#8]-[#7])(c)c', 'N:12 - O:17', 'O', 'SINGLE', 'N', '[#8]=[#15]([#8])([c])[c]', '[#7]')]","[(0, '[#6]1[#6][#6][#7]([#6][#6]1)-[#7]', 'N:11 - N:12', 'N', 'SINGLE', 'N', '[#6]1[#6][#6][#7][#6][#6]1', '[#7]')]"
c5,NOP(=O)(c1ccccc1)c1ccccc1.O=S(Cc1ccccc1)Cc1ccccc1>>N=S(=O)(Cc1ccccc1)Cc1ccccc1,N=S(=O)(Cc1ccccc1)Cc1ccccc1,[NH2:1][O:20][P:19](=[O:18])([c:21]1[cH:22][cH:23][cH:24][cH:25][cH:26]1)[c:27]1[cH:28][cH:29][cH:30][cH:31][cH:32]1.[S:2](=[O:3])([CH2:4][c:5]1[cH:6][cH:7][cH:8][cH:9][cH:10]1)[CH2:11][c:12]1[cH:13][cH:14][cH:15][cH:16][cH:17]1>>[NH:1]=[S:2](=[O:3])([CH2:4][c:5]1[cH:6][cH:7][cH:8][cH:9][cH:10]1)[CH2:11][c:12]1[cH:13][cH:14][cH:15][cH:16][cH:17]1,"[['N:1 - H', 'N:1 - O:20'], None]",[['N:1 = S:2']],[],"[(0, '[#7:2]', 'N:1 - H', 'N', 'SINGLE', 'H', '[#7]', '[H]')]","[(0, '[#7:1]=[#16:2]([#6])[#6]', 'N:1 = S:2', 'N', 'DOUBLE', 'S')]","[(0, '[#8]=[#15]([#8]-[#7])(c)c', 'N:1 - O:20', 'O', 'SINGLE', 'N', '[#8]=[#15]([#8])([c])[c]', '[#7]')]","[(0, '[#7]=[#16]', 'N:1 = S:2', 'N', 'DOUBLE', 'S', '[#7]', '[#16]')]"
c5,CN1CCN(C2CCNCC2)CC1.NOP(=O)(c1ccccc1)c1ccccc1>>CN1CCN(C2CCN(N)CC2)CC1,CN1CCN(C2CCN(N)CC2)CC1,[CH3:1][N:2]1[CH2:3][CH2:4][N:5]([CH:6]2[CH2:7][CH2:8][NH:9][CH2:11][CH2:12]2)[CH2:13][CH2:14]1.[NH2:10][O:17][P:16](=[O:15])([c:18]1[cH:19][cH:20][cH:21][cH:22][cH:23]1)[c:24]1[cH:25][cH:26][cH:27][cH:28][cH:29]1>>[CH3:1][N:2]1[CH2:3][CH2:4][N:5]([CH:6]2[CH2:7][CH2:8][N:9]([NH2:10])[CH2:11][CH2:12]2)[CH2:13][CH2:14]1,"[['N:9 - H'], ['N:10 - O:17']]",[['N:9 - N:10']],[],"[(0, '[#6]1[#6][#6][#7:2][#6][#6]1', 'N:9 - H', 'N', 'SINGLE', 'H', '[#6]1[#6][#6][#7][#6][#6]1', '[H]')]","[(0, '[#7;X3&H1&+0,X3&H2&+0,X3&H0&+0:1][#7;X3&H1&+0,X3&H2&+0,X3&H0&+0:2]', 'N:9 - N:10', 'N', 'SINGLE', 'N')]","[(1, '[#8]=[#15]([#8]-[#7])(c)c', 'N:10 - O:17', 'O', 'SINGLE', 'N', '[#8]=[#15]([#8])([c])[c]', '[#7]')]","[(0, '[#6]1[#6][#6][#7]([#6][#6]1)-[#7]', 'N:9 - N:10', 'N', 'SINGLE', 'N', '[#6]1[#6][#6][#7][#6][#6]1', '[#7]')]"
c5,C(=Cc1ccccc1)CN1CCNCC1.NOP(=O)(c1ccccc1)c1ccccc1>>NN1CCN(CC=Cc2ccccc2)CC1,NN1CCN(CC=Cc2ccccc2)CC1,[NH:2]1[CH2:3][CH2:4][N:5]([CH2:6][CH:7]=[CH:8][c:9]2[cH:10][cH:11][cH:12][cH:13][cH:14]2)[CH2:15][CH2:16]1.[NH2:1][O:19][P:18](=[O:17])([c:20]1[cH:21][cH:22][cH:23][cH:24][cH:25]1)[c:26]1[cH:27][cH:28][cH:29][cH:30][cH:31]1>>[NH2:1][N:2]1[CH2:3][CH2:4][N:5]([CH2:6][CH:7]=[CH:8][c:9]2[cH:10][cH:11][cH:12][cH:13][cH:14]2)[CH2:15][CH2:16]1,"[['N:2 - H'], ['N:1 - O:19']]",[['N:1 - N:2']],[],"[(0, '[N:2]1CCNCC1', 'N:2 - H', 'N', 'SINGLE', 'H', '[N]1[C][C][N][C][C]1', '[H]')]","[(0, '[#7;X3&H1&+0,X3&H2&+0,X3&H0&+0:1][#7;X3&H1&+0,X3&H2&+0,X3&H0&+0:2]', 'N:1 - N:2', 'N', 'SINGLE', 'N')]","[(1, '[#8]=[#15]([#8]-[#7])(c)c', 'N:1 - O:19', 'O', 'SINGLE', 'N', '[#8]=[#15]([#8])([c])[c]', '[#7]')]","[(0, 'N1(CCNCC1)-[#7]', 'N:1 - N:2', 'N', 'SINGLE', 'N', '[N]1[C][C][N][C][C]1', '[#7]')]"
c5,CC(C)N1CCNCC1.NOP(=O)(c1ccccc1)c1ccccc1>>CC(C)N1CCN(N)CC1,CC(C)N1CCN(N)CC1,[CH3:1][CH:2]([CH3:3])[N:4]1[CH2:5][CH2:6][NH:7][CH2:9][CH2:10]1.[NH2:8][O:13][P:12](=[O:11])([c:14]1[cH:15][cH:16][cH:17][cH:18][cH:19]1)[c:20]1[cH:21][cH:22][cH:23][cH:24][cH:25]1>>[CH3:1][CH:2]([CH3:3])[N:4]1[CH2:5][CH2:6][N:7]([NH2:8])[CH2:9][CH2:10]1,"[['N:7 - H'], ['N:8 - O:13']]",[['N:7 - N:8']],[],"[(0, 'N1CC[N:2]CC1', 'N:7 - H', 'N', 'SINGLE', 'H', '[N]1[C][C][N][C][C]1', '[H]')]","[(0, '[#7;X3&H1&+0,X3&H2&+0,X3&H0&+0:1][#7;X3&H1&+0,X3&H2&+0,X3&H0&+0:2]', 'N:7 - N:8', 'N', 'SINGLE', 'N')]","[(1, '[#8]=[#15]([#8]-[#7])(c)c', 'N:8 - O:13', 'O', 'SINGLE', 'N', '[#8]=[#15]([#8])([c])[c]', '[#7]')]","[(0, 'N1(CCNCC1)-[#7]', 'N:7 - N:8', 'N', 'SINGLE', 'N', '[N]1[C][C][N][C][C]1', '[#7]')]"
c5,CC(C)S(=O)c1ccc(Br)cc1.NOP(=O)(c1ccccc1)c1ccccc1>>CC(C)S(=N)(=O)c1ccc(Br)cc1,CC(C)S(=N)(=O)c1ccc(Br)cc1,[CH3:1][CH:2]([CH3:3])[S:4](=[O:6])[c:7]1[cH:8][cH:9][c:10]([Br:11])[cH:12][cH:13]1.[NH2:5][O:16][P:15](=[O:14])([c:17]1[cH:18][cH:19][cH:20][cH:21][cH:22]1)[c:23]1[cH:24][cH:25][cH:26][cH:27][cH:28]1>>[CH3:1][CH:2]([CH3:3])[S:4](=[NH:5])(=[O:6])[c:7]1[cH:8][cH:9][c:10]([Br:11])[cH:12][cH:13]1,"[None, ['N:5 - H', 'N:5 - O:16']]",[['N:5 = S:4']],[],"[(1, '[#7:2]', 'N:5 - H', 'N', 'SINGLE', 'H', '[#7]', '[H]')]","[(0, '[#7:1]=[#16:2]([#6])[#6]', 'N:5 = S:4', 'N', 'DOUBLE', 'S')]","[(1, '[#8]=[#15]([#8]-[#7])(c)c', 'N:5 - O:16', 'O', 'SINGLE', 'N', '[#8]=[#15]([#8])([c])[c]', '[#7]')]","[(0, '[#7]=[#16]', 'N:5 = S:4', 'N', 'DOUBLE', 'S', '[#7]', '[#16]')]"
c5,C1CCC(N2CCNCC2)C1.NOP(=O)(c1ccccc1)c1ccccc1>>NN1CCN(C2CCCC2)CC1,NN1CCN(C2CCCC2)CC1,[NH:2]1[CH2:3][CH2:4][N:5]([CH:6]2[CH2:7][CH2:8][CH2:9][CH2:10]2)[CH2:11][CH2:12]1.[NH2:1][O:15][P:14](=[O:13])([c:16]1[cH:17][cH:18][cH:19][cH:20][cH:21]1)[c:22]1[cH:23][cH:24][cH:25][cH:26][cH:27]1>>[NH2:1][N:2]1[CH2:3][CH2:4][N:5]([CH:6]2[CH2:7][CH2:8][CH2:9][CH2:10]2)[CH2:11][CH2:12]1,"[['N:2 - H'], ['N:1 - O:15']]",[['N:1 - N:2']],[],"[(0, '[N:2]1CCNCC1', 'N:2 - H', 'N', 'SINGLE', 'H', '[N]1[C][C][N][C][C]1', '[H]')]","[(0, '[#7;X3&H1&+0,X3&H2&+0,X3&H0&+0:1][#7;X3&H1&+0,X3&H2&+0,X3&H0&+0:2]', 'N:1 - N:2', 'N', 'SINGLE', 'N')]","[(1, '[#8]=[#15]([#8]-[#7])(c)c', 'N:1 - O:15', 'O', 'SINGLE', 'N', '[#8]=[#15]([#8])([c])[c]', '[#7]')]","[(0, 'N1(CCNCC1)-[#7]', 'N:1 - N:2', 'N', 'SINGLE', 'N', '[N]1[C][C][N][C][C]1', '[#7]')]"
c5,CC(C)(C)[C@H]1COC(c2ccccn2)=N1.NOP(=O)(c1ccccc1)c1ccccc1>>CC(C)(C)[C@H]1COC(c2cccc[n+]2N)=N1,CC(C)(C)[C@H]1COC(c2cccc[n+]2N)=N1,[CH3:1][C:2]([CH3:3])([CH3:4])[C@H:5]1[CH2:6][O:7][C:8]([c:9]2[cH:10][cH:11][cH:12][cH:13][n:14]2)=[N:16]1.[NH2:15][O:19][P:18](=[O:17])([c:20]1[cH:21][cH:22][cH:23][cH:24][cH:25]1)[c:26]1[cH:27][cH:28][cH:29][cH:30][cH:31]1>>[CH3:1][C:2]([CH3:3])([CH3:4])[C@H:5]1[CH2:6][O:7][C:8]([c:9]2[cH:10][cH:11][cH:12][cH:13][n+:14]2[NH2:15])=[N:16]1,"[None, ['N:15 - O:19']]",[['N:14 - N:15']],[],[],"[(0, '[N:1][n&+:2]1ccccc1', 'N:14 - N:15', 'N', 'SINGLE', 'N')]","[(1, '[#8]=[#15]([#8]-[#7])(c)c', 'N:15 - O:19', 'O', 'SINGLE', 'N', '[#8]=[#15]([#8])([c])[c]', '[#7]')]","[(0, '[#6]1[#6][#6][#7]([#6][#6]1)-[#7]', 'N:14 - N:15', 'N', 'SINGLE', 'N', '[#6]1[#6][#6][#7][#6][#6]1', '[#7]')]"
c5,C1CC(N2CCNCC2)C1.NOP(=O)(c1ccccc1)c1ccccc1>>NN1CCN(C2CCC2)CC1,NN1CCN(C2CCC2)CC1,[NH:2]1[CH2:3][CH2:4][N:5]([CH:6]2[CH2:7][CH2:8][CH2:9]2)[CH2:10][CH2:11]1.[NH2:1][O:14][P:13](=[O:12])([c:15]1[cH:16][cH:17][cH:18][cH:19][cH:20]1)[c:21]1[cH:22][cH:23][cH:24][cH:25][cH:26]1>>[NH2:1][N:2]1[CH2:3][CH2:4][N:5]([CH:6]2[CH2:7][CH2:8][CH2:9]2)[CH2:10][CH2:11]1,"[['N:2 - H'], ['N:1 - O:14']]",[['N:1 - N:2']],[],"[(0, '[N:2]1CCNCC1', 'N:2 - H', 'N', 'SINGLE', 'H', '[N]1[C][C][N][C][C]1', '[H]')]","[(0, '[#7;X3&H1&+0,X3&H2&+0,X3&H0&+0:1][#7;X3&H1&+0,X3&H2&+0,X3&H0&+0:2]', 'N:1 - N:2', 'N', 'SINGLE', 'N')]","[(1, '[#8]=[#15]([#8]-[#7])(c)c', 'N:1 - O:14', 'O', 'SINGLE', 'N', '[#8]=[#15]([#8])([c])[c]', '[#7]')]","[(0, 'N1(CCNCC1)-[#7]', 'N:1 - N:2', 'N', 'SINGLE', 'N', '[N]1[C][C][N][C][C]1', '[#7]')]"
c5,CCCN1CCNCC1.NOP(=O)(c1ccccc1)c1ccccc1>>CCCN1CCN(N)CC1,CCCN1CCN(N)CC1,[CH3:1][CH2:2][CH2:3][N:4]1[CH2:5][CH2:6][NH:7][CH2:9][CH2:10]1.[NH2:8][O:13][P:12](=[O:11])([c:14]1[cH:15][cH:16][cH:17][cH:18][cH:19]1)[c:20]1[cH:21][cH:22][cH:23][cH:24][cH:25]1>>[CH3:1][CH2:2][CH2:3][N:4]1[CH2:5][CH2:6][N:7]([NH2:8])[CH2:9][CH2:10]1,"[['N:7 - H'], ['N:8 - O:13']]",[['N:7 - N:8']],[],"[(0, 'N1CC[N:2]CC1', 'N:7 - H', 'N', 'SINGLE', 'H', '[N]1[C][C][N][C][C]1', '[H]')]","[(0, '[#7;X3&H1&+0,X3&H2&+0,X3&H0&+0:1][#7;X3&H1&+0,X3&H2&+0,X3&H0&+0:2]', 'N:7 - N:8', 'N', 'SINGLE', 'N')]","[(1, '[#8]=[#15]([#8]-[#7])(c)c', 'N:8 - O:13', 'O', 'SINGLE', 'N', '[#8]=[#15]([#8])([c])[c]', '[#7]')]","[(0, 'N1(CCNCC1)-[#7]', 'N:7 - N:8', 'N', 'SINGLE', 'N', '[N]1[C][C][N][C][C]1', '[#7]')]"
c5,CCN1CCNCC1.NOP(=O)(c1ccccc1)c1ccccc1>>CCN1CCN(N)CC1,CCN1CCN(N)CC1,[CH3:1][CH2:2][N:3]1[CH2:4][CH2:5][NH:6][CH2:8][CH2:9]1.[NH2:7][O:12][P:11](=[O:10])([c:13]1[cH:14][cH:15][cH:16][cH:17][cH:18]1)[c:19]1[cH:20][cH:21][cH:22][cH:23][cH:24]1>>[CH3:1][CH2:2][N:3]1[CH2:4][CH2:5][N:6]([NH2:7])[CH2:8][CH2:9]1,"[['N:6 - H'], ['N:7 - O:12']]",[['N:6 - N:7']],[],"[(0, 'N1CC[N:2]CC1', 'N:6 - H', 'N', 'SINGLE', 'H', '[N]1[C][C][N][C][C]1', '[H]')]","[(0, '[#7;X3&H1&+0,X3&H2&+0,X3&H0&+0:1][#7;X3&H1&+0,X3&H2&+0,X3&H0&+0:2]', 'N:6 - N:7', 'N', 'SINGLE', 'N')]","[(1, '[#8]=[#15]([#8]-[#7])(c)c', 'N:7 - O:12', 'O', 'SINGLE', 'N', '[#8]=[#15]([#8])([c])[c]', '[#7]')]","[(0, 'N1(CCNCC1)-[#7]', 'N:6 - N:7', 'N', 'SINGLE', 'N', '[N]1[C][C][N][C][C]1', '[#7]')]"
c5,Cc1ccc(C=O)cc1.NOP(=O)(c1ccccc1)c1ccccc1>>Cc1ccc(C(N)=O)cc1,Cc1ccc(C(N)=O)cc1,[CH3:1][c:2]1[cH:3][cH:4][c:5]([CH:6]=[O:8])[cH:9][cH:10]1.[NH2:7][O:13][P:12](=[O:11])([c:14]1[cH:15][cH:16][cH:17][cH:18][cH:19]1)[c:20]1[cH:21][cH:22][cH:23][cH:24][cH:25]1>>[CH3:1][c:2]1[cH:3][cH:4][c:5]([C:6]([NH2:7])=[O:8])[cH:9][cH:10]1,"[['C:6 - H'], ['N:7 - O:13']]",[['C:6 - N:7']],[],"[(0, '[#6&X3&H1:2]=[#8]', 'C:6 - H', 'C', 'SINGLE', 'H', '[#6X3;H1](=[#8])', '[H]')]","[(0, '[#6:1](=[#8])[#7:2]', 'C:6 - N:7', 'C', 'SINGLE', 'N')]","[(1, '[#8]=[#15]([#8]-[#7])(c)c', 'N:7 - O:13', 'O', 'SINGLE', 'N', '[#8]=[#15]([#8])([c])[c]', '[#7]')]","[(0, '[#6](=[#8])-[#7]', 'C:6 - N:7', 'C', 'SINGLE', 'N', '[#6]=[#8]', '[#7]')]"
c5,CC(C)(C)NC=O.NOP(=O)(c1ccccc1)c1ccccc1>>CC(C)(C)NC(N)=O,CC(C)(C)NC(N)=O,[CH3:1][C:2]([CH3:3])([CH3:4])[NH:5][CH:6]=[O:8].[NH2:7][O:11][P:10](=[O:9])([c:12]1[cH:13][cH:14][cH:15][cH:16][cH:17]1)[c:18]1[cH:19][cH:20][cH:21][cH:22][cH:23]1>>[CH3:1][C:2]([CH3:3])([CH3:4])[NH:5][C:6]([NH2:7])=[O:8],"[['C:6 - H'], ['N:7 - O:11']]",[['C:6 - N:7']],[],"[(0, '[#6:2](=[#8])[#7]', 'C:6 - H', 'C', 'SINGLE', 'H', '[#6](=[#8])[#7]', '[H]')]","[(0, '[#6:1](=[#8])[#7:2]', 'C:6 - N:7', 'C', 'SINGLE', 'N')]","[(1, '[#8]=[#15]([#8]-[#7])(c)c', 'N:7 - O:11', 'O', 'SINGLE', 'N', '[#8]=[#15]([#8])([c])[c]', '[#7]')]","[(0, '[#6](=[#8])([#7])-[#7]', 'C:6 - N:7', 'C', 'SINGLE', 'N', '[#6](=[#8])[#7]', '[#7]')]"
c5,CC(=O)CC(C)(C)C.NOP(=O)(c1ccccc1)c1ccccc1>>CC(=O)NCC(C)(C)C,CC(=O)NCC(C)(C)C,[CH3:1][C:2](=[O:3])[CH2:5][C:6]([CH3:7])([CH3:8])[CH3:9].[NH2:4][O:12][P:11](=[O:10])([c:13]1[cH:14][cH:15][cH:16][cH:17][cH:18]1)[c:19]1[cH:20][cH:21][cH:22][cH:23][cH:24]1>>[CH3:1][C:2](=[O:3])[NH:4][CH2:5][C:6]([CH3:7])([CH3:8])[CH3:9],"[['C:2 - C:5'], ['N:4 - H', 'N:4 - O:12']]","[['C:2 - N:4', 'C:5 - N:4']]",[],"[(0, '[#6][#6:1](=[#8])[#6:2]', 'C:2 - C:5', 'C', 'SINGLE', 'C'), (1, '[#7:2]', 'N:4 - H', 'N', 'SINGLE', 'H', '[#7]', '[H]')]","[(0, '[#6:1](=[#8])[#7:2]', 'C:2 - N:4', 'C', 'SINGLE', 'N'), (0, '[#7&X3&H1:1]([#6])[#6:2]', 'C:5 - N:4', 'C', 'SINGLE', 'N')]","[(0, '[#6](=[#8])([#6&H3])-[C&X4&!R][C&X4&!R][C&X4&!R]', 'C:2 - C:5', 'C', 'SINGLE', 'C', '[#6](=[#8])[#6;H3]', '[CX4;!R][CX4;!R][CX4;!R]'), (1, '[#8]=[#15]([#8]-[#7])(c)c', 'N:4 - O:12', 'O', 'SINGLE', 'N', '[#8]=[#15]([#8])([c])[c]', '[#7]')]","[(0, '[#6](=[#8])([#6&H3])-[#7]', 'C:2 - N:4', 'C', 'SINGLE', 'N', '[#6](=[#8])[#6;H3]', '[#7]'), (0, '[#6](=[#8])[#7]-[C&X4&!R][C&X4&!R][C&X4&!R]', 'C:5 - N:4', 'N', 'SINGLE', 'C', '[#6](=[#8])[#7]', '[CX4;!R][CX4;!R][CX4;!R]')]"
c5,CCOC(=O)c1cn[nH]c1.NOP(=O)(c1ccccc1)c1ccccc1>>CCOC(=O)c1cnn(N)c1,CCOC(=O)c1cnn(N)c1,[CH3:1][CH2:2][O:3][C:4](=[O:5])[c:6]1[cH:7][n:8][nH:9][cH:11]1.[NH2:10][O:14][P:13](=[O:12])([c:15]1[cH:16][cH:17][cH:18][cH:19][cH:20]1)[c:21]1[cH:22][cH:23][cH:24][cH:25][cH:26]1>>[CH3:1][CH2:2][O:3][C:4](=[O:5])[c:6]1[cH:7][n:8][n:9]([NH2:10])[cH:11]1,"[['N:9 - H'], ['N:10 - O:14']]",[['N:9 - N:10']],[],"[(0, '[#6]1[#7][#7:2][#6][#6]1', 'N:9 - H', 'N', 'SINGLE', 'H', '[#6]1[#7][#7][#6][#6]1', '[H]')]","[(0, '[#7;X3&H1&+0,X3&H2&+0,X3&H0&+0:1][#7;X3&H1&+0,X3&H2&+0,X3&H0&+0:2]', 'N:9 - N:10', 'N', 'SINGLE', 'N')]","[(1, '[#8]=[#15]([#8]-[#7])(c)c', 'N:10 - O:14', 'O', 'SINGLE', 'N', '[#8]=[#15]([#8])([c])[c]', '[#7]')]","[(0, '[#6]1[#7]([#7][#6][#6]1)-[#7]', 'N:9 - N:10', 'N', 'SINGLE', 'N', '[#6]1[#7][#7][#6][#6]1', '[#7]')]"
c5,NOP(=O)(c1ccccc1)c1ccccc1.c1cc(N2CCNCC2)ccn1>>NN1CCN(c2ccncc2)CC1,NN1CCN(c2ccncc2)CC1,[NH2:1][O:16][P:15](=[O:14])([c:17]1[cH:18][cH:19][cH:20][cH:21][cH:22]1)[c:23]1[cH:24][cH:25][cH:26][cH:27][cH:28]1.[NH:2]1[CH2:3][CH2:4][N:5]([c:6]2[cH:7][cH:8][n:9][cH:10][cH:11]2)[CH2:12][CH2:13]1>>[NH2:1][N:2]1[CH2:3][CH2:4][N:5]([c:6]2[cH:7][cH:8][n:9][cH:10][cH:11]2)[CH2:12][CH2:13]1,"[['N:1 - O:16'], ['N:2 - H']]",[['N:1 - N:2']],[],"[(1, '[N:2]1CCNCC1', 'N:2 - H', 'N', 'SINGLE', 'H', '[N]1[C][C][N][C][C]1', '[H]')]","[(0, '[#7;X3&H1&+0,X3&H2&+0,X3&H0&+0:1][#7;X3&H1&+0,X3&H2&+0,X3&H0&+0:2]', 'N:1 - N:2', 'N', 'SINGLE', 'N')]","[(0, '[#8]=[#15]([#8]-[#7])(c)c', 'N:1 - O:16', 'O', 'SINGLE', 'N', '[#8]=[#15]([#8])([c])[c]', '[#7]')]","[(0, 'N1(CCNCC1)-[#7]', 'N:1 - N:2', 'N', 'SINGLE', 'N', '[N]1[C][C][N][C][C]1', '[#7]')]"
c5,C1CN(C2CC2)CCN1.NOP(=O)(c1ccccc1)c1ccccc1>>NN1CCN(C2CC2)CC1,NN1CCN(C2CC2)CC1,[NH:2]1[CH2:3][CH2:4][N:5]([CH:6]2[CH2:7][CH2:8]2)[CH2:9][CH2:10]1.[NH2:1][O:13][P:12](=[O:11])([c:14]1[cH:15][cH:16][cH:17][cH:18][cH:19]1)[c:20]1[cH:21][cH:22][cH:23][cH:24][cH:25]1>>[NH2:1][N:2]1[CH2:3][CH2:4][N:5]([CH:6]2[CH2:7][CH2:8]2)[CH2:9][CH2:10]1,"[['N:2 - H'], ['N:1 - O:13']]",[['N:1 - N:2']],[],"[(0, '[N:2]1CCNCC1', 'N:2 - H', 'N', 'SINGLE', 'H', '[N]1[C][C][N][C][C]1', '[H]')]","[(0, '[#7;X3&H1&+0,X3&H2&+0,X3&H0&+0:1][#7;X3&H1&+0,X3&H2&+0,X3&H0&+0:2]', 'N:1 - N:2', 'N', 'SINGLE', 'N')]","[(1, '[#8]=[#15]([#8]-[#7])(c)c', 'N:1 - O:13', 'O', 'SINGLE', 'N', '[#8]=[#15]([#8])([c])[c]', '[#7]')]","[(0, 'N1(CCNCC1)-[#7]', 'N:1 - N:2', 'N', 'SINGLE', 'N', '[N]1[C][C][N][C][C]1', '[#7]')]"
c5,CC(=O)c1ccc2c(c1)Cc1ccccc1-2.NOP(=O)(c1ccccc1)c1ccccc1>>CC(=O)Nc1ccc2c(c1)Cc1ccccc1-2,CC(=O)Nc1ccc2c(c1)Cc1ccccc1-2,[CH3:1][C:2](=[O:3])[c:5]1[cH:6][cH:7][c:8]2[c:9]([cH:10]1)[CH2:11][c:12]1[cH:13][cH:14][cH:15][cH:16][c:17]1-2.[NH2:4][O:20][P:19](=[O:18])([c:21]1[cH:22][cH:23][cH:24][cH:25][cH:26]1)[c:27]1[cH:28][cH:29][cH:30][cH:31][cH:32]1>>[CH3:1][C:2](=[O:3])[NH:4][c:5]1[cH:6][cH:7][c:8]2[c:9]([cH:10]1)[CH2:11][c:12]1[cH:13][cH:14][cH:15][cH:16][c:17]1-2,"[['C:2 - C:5'], ['N:4 - H', 'N:4 - O:20']]","[['C:2 - N:4', 'C:5 - N:4']]",[],"[(0, '[#6][#6:1](=[#8])[#6:2]', 'C:2 - C:5', 'C', 'SINGLE', 'C'), (1, '[#7:2]', 'N:4 - H', 'N', 'SINGLE', 'H', '[#7]', '[H]')]","[(0, '[#6:1](=[#8])[#7:2]', 'C:2 - N:4', 'C', 'SINGLE', 'N'), (0, '[#7&X3&H1:1]([#6])[#6:2]', 'C:5 - N:4', 'C', 'SINGLE', 'N')]","[(0, 'C1-c2cc(ccc2-c2ccccc2-1)-[#6](=[#8])[#6&H3]', 'C:2 - C:5', 'C', 'SINGLE', 'C', '[C]1-[c]2[c][c][c][c][c]2-[c]2[c][c][c][c][c]2-1', '[#6](=[#8])[#6;H3]'), (1, '[#8]=[#15]([#8]-[#7])(c)c', 'N:4 - O:20', 'O', 'SINGLE', 'N', '[#8]=[#15]([#8])([c])[c]', '[#7]')]","[(0, 'c1ccccc1[#7&!a;X4&H1&+,X4&H2&+,X4&H3&+,X3&H1&+0,X3&H0&+0,X3&H2&+0;!$([#7][!#6])]-[#6](=[#8])[#6&H3]', 'C:2 - N:4', 'N', 'SINGLE', 'C', '[c]1[c][c][c][c][c]1[#7;!a;X4H+,X4H2+,X4H3+,X3H+0,X3H0+0,X3H2+0;!$([#7][!#6])]', '[#6](=[#8])[#6;H3]'), (0, 'C1-c2cc(ccc2-c2ccccc2-1)-[#7][#6]=[#8]', 'C:5 - N:4', 'C', 'SINGLE', 'N', '[C]1-[c]2[c][c][c][c][c]2-[c]2[c][c][c][c][c]2-1', '[#6](=[#8])[#7]')]"
c5,CC(C)(C)C(=O)CC#N.NOP(=O)(c1ccccc1)c1ccccc1>>CC(C)(C)C(=O)C(N)C#N,CC(C)(C)C(=O)C(N)C#N,[CH3:1][C:2]([CH3:3])([CH3:4])[C:5](=[O:6])[CH2:7][C:9]#[N:10].[NH2:8][O:13][P:12](=[O:11])([c:14]1[cH:15][cH:16][cH:17][cH:18][cH:19]1)[c:20]1[cH:21][cH:22][cH:23][cH:24][cH:25]1>>[CH3:1][C:2]([CH3:3])([CH3:4])[C:5](=[O:6])[CH:7]([NH2:8])[C:9]#[N:10],"[['C:7 - H'], ['N:8 - O:13']]",[['C:7 - N:8']],[],"[(0, '[#6][#6](=[#8])[#6:2]', 'C:7 - H', 'C', 'SINGLE', 'H', '[#6][#6](=[#8])[#6]', '[H]')]","[(0, '[#7&X3&H2:1][#6:2]', 'C:7 - N:8', 'C', 'SINGLE', 'N')]","[(1, '[#8]=[#15]([#8]-[#7])(c)c', 'N:8 - O:13', 'O', 'SINGLE', 'N', '[#8]=[#15]([#8])([c])[c]', '[#7]')]","[(0, '[#6]([#6](=[#8])[#6])-[#7]', 'C:7 - N:8', 'C', 'SINGLE', 'N', '[#6][#6](=[#8])[#6]', '[#7]')]"
c5,CC(C)(C)C(=O)CC(=O)C(C)(C)C.NOP(=O)(c1ccccc1)c1ccccc1>>CC(C)(C)C(=O)C(N)C(=O)C(C)(C)C,CC(C)(C)C(=O)C(N)C(=O)C(C)(C)C,[CH3:1][C:2]([CH3:3])([CH3:4])[C:5](=[O:6])[CH2:7][C:9](=[O:10])[C:11]([CH3:12])([CH3:13])[CH3:14].[NH2:8][O:17][P:16](=[O:15])([c:18]1[cH:19][cH:20][cH:21][cH:22][cH:23]1)[c:24]1[cH:25][cH:26][cH:27][cH:28][cH:29]1>>[CH3:1][C:2]([CH3:3])([CH3:4])[C:5](=[O:6])[CH:7]([NH2:8])[C:9](=[O:10])[C:11]([CH3:12])([CH3:13])[CH3:14],"[['C:7 - H'], ['N:8 - O:17']]",[['C:7 - N:8']],[],"[(0, '[#6:2][#6](=[#8])[#6]', 'C:7 - H', 'C', 'SINGLE', 'H', '[#6][#6](=[#8])[#6]', '[H]')]","[(0, '[#7&X3&H2:1][#6:2]', 'C:7 - N:8', 'C', 'SINGLE', 'N')]","[(1, '[#8]=[#15]([#8]-[#7])(c)c', 'N:8 - O:17', 'O', 'SINGLE', 'N', '[#8]=[#15]([#8])([c])[c]', '[#7]')]","[(0, '[#6]([#6](=[#8])[#6])-[#7]', 'C:7 - N:8', 'C', 'SINGLE', 'N', '[#6][#6](=[#8])[#6]', '[#7]')]"
c5,Cn1cccc1C=O.NOP(=O)(c1ccccc1)c1ccccc1>>Cn1cccc1C(N)=O,Cn1cccc1C(N)=O,[CH3:1][n:2]1[cH:3][cH:4][cH:5][c:6]1[CH:7]=[O:9].[NH2:8][O:12][P:11](=[O:10])([c:13]1[cH:14][cH:15][cH:16][cH:17][cH:18]1)[c:19]1[cH:20][cH:21][cH:22][cH:23][cH:24]1>>[CH3:1][n:2]1[cH:3][cH:4][cH:5][c:6]1[C:7]([NH2:8])=[O:9],"[['C:7 - H'], ['N:8 - O:12']]",[['C:7 - N:8']],[],"[(0, '[#6&X3&H1:2]=[#8]', 'C:7 - H', 'C', 'SINGLE', 'H', '[#6X3;H1](=[#8])', '[H]')]","[(0, '[#6:1](=[#8])[#7:2]', 'C:7 - N:8', 'C', 'SINGLE', 'N')]","[(1, '[#8]=[#15]([#8]-[#7])(c)c', 'N:8 - O:12', 'O', 'SINGLE', 'N', '[#8]=[#15]([#8])([c])[c]', '[#7]')]","[(0, '[#6](=[#8])-[#7]', 'C:7 - N:8', 'C', 'SINGLE', 'N', '[#6]=[#8]', '[#7]')]"
c5,CC(=O)C1=NCCS1.NOP(=O)(c1ccccc1)c1ccccc1>>CC(=O)NC1=NCCS1,CC(=O)NC1=NCCS1,[CH3:1][C:2](=[O:3])[C:5]1=[N:6][CH2:7][CH2:8][S:9]1.[NH2:4][O:12][P:11](=[O:10])([c:13]1[cH:14][cH:15][cH:16][cH:17][cH:18]1)[c:19]1[cH:20][cH:21][cH:22][cH:23][cH:24]1>>[CH3:1][C:2](=[O:3])[NH:4][C:5]1=[N:6][CH2:7][CH2:8][S:9]1,"[['C:2 - C:5'], ['N:4 - H', 'N:4 - O:12']]","[['C:2 - N:4', 'C:5 - N:4']]",[],"[(0, '[#6][#6:1](=[#8])[#6:2]', 'C:2 - C:5', 'C', 'SINGLE', 'C'), (1, '[#7:2]', 'N:4 - H', 'N', 'SINGLE', 'H', '[#7]', '[H]')]","[(0, '[#6:1](=[#8])[#7:2]', 'C:2 - N:4', 'C', 'SINGLE', 'N'), (0, '[#7&X3&H1:1]([#6])[#6:2]', 'C:5 - N:4', 'C', 'SINGLE', 'N')]","[(0, '[#16]1[#6][#6][#7]=[#6]1-[#6](=[#8])[#6&H3]', 'C:2 - C:5', 'C', 'SINGLE', 'C', '[#16]1[#6][#6][#7]=[#6]1', '[#6](=[#8])[#6;H3]'), (1, '[#8]=[#15]([#8]-[#7])(c)c', 'N:4 - O:12', 'O', 'SINGLE', 'N', '[#8]=[#15]([#8])([c])[c]', '[#7]')]","[(0, '[#6](=[#8])([#6&H3])-[#7]', 'C:2 - N:4', 'C', 'SINGLE', 'N', '[#6](=[#8])[#6;H3]', '[#7]'), (0, '[#16]1[#6][#6][#7]=[#6]1-[#7][#6]=[#8]', 'C:5 - N:4', 'C', 'SINGLE', 'N', '[#16]1[#6][#6][#7]=[#6]1', '[#6](=[#8])[#7]')]"
c5,CSC1=NCCN1.NOP(=O)(c1ccccc1)c1ccccc1>>CSC1=NCCN1N,CSC1=NCCN1N,[CH3:1][S:2][C:3]1=[N:4][CH2:5][CH2:6][NH:7]1.[NH2:8][O:11][P:10](=[O:9])([c:12]1[cH:13][cH:14][cH:15][cH:16][cH:17]1)[c:18]1[cH:19][cH:20][cH:21][cH:22][cH:23]1>>[CH3:1][S:2][C:3]1=[N:4][CH2:5][CH2:6][N:7]1[NH2:8],"[['N:7 - H'], ['N:8 - O:11']]",[['N:7 - N:8']],[],"[(0, '[N:2]1C=NCC1', 'N:7 - H', 'N', 'SINGLE', 'H', '[N]1[C]=[N][C][C]1', '[H]')]","[(0, '[#7;X3&H1&+0,X3&H2&+0,X3&H0&+0:1][#7;X3&H1&+0,X3&H2&+0,X3&H0&+0:2]', 'N:7 - N:8', 'N', 'SINGLE', 'N')]","[(1, '[#8]=[#15]([#8]-[#7])(c)c', 'N:8 - O:11', 'O', 'SINGLE', 'N', '[#8]=[#15]([#8])([c])[c]', '[#7]')]","[(0, 'N1(C=NCC1)-[#7]', 'N:7 - N:8', 'N', 'SINGLE', 'N', '[N]1[C]=[N][C][C]1', '[#7]')]"
c5,CC(=O)/C=C/CC(C)C.NOP(=O)(c1ccccc1)c1ccccc1>>CC(/C=C/CC(C)C)=N/O,CC(/C=C/CC(C)C)=N/O,[H][O:10][H].[CH3:1][C:2](/[CH:3]=[CH:4]/[CH2:5][CH:6]([CH3:8])[CH3:7])=O.[NH2:9]OP(c1ccccc1)(c2ccccc2)=O>>[CH3:1][C:2](/[CH:3]=[CH:4]/[CH2:5][CH:6]([CH3:8])[CH3:7])=[N:9]/[OH:10],"[['C:2 = O:11'], ['N:9 - H', 'O:10 - P:13']]","[['C:2 = N:9', 'O:10 - H']]",[],[],"[(0, '[#6&X3:1]=[#7:2][#8&X2&H1]', 'C:2 = N:9', 'C', 'DOUBLE', 'N'), (0, '[#7][#8&X2&H1:2]', 'O:10 - H', 'O', 'SINGLE', 'H', '[#7][#8X2H]', '[H]')]",[],"[(0, '[#7]([#8&X2&H1])=[#6]', 'C:2 = N:9', 'N', 'DOUBLE', 'C', '[#7][#8X2H]', '[#6]')]"
c5,CCC(C)C1=NCCS1.NOP(=O)(c1ccccc1)c1ccccc1>>CCC(C)C1=NNCCS1,CCC(C)C1=NNCCS1,[CH3:1][CH2:2][CH:3]([CH3:4])[C:5]1=[N:7][CH2:8][CH2:9][S:10]1.[NH2:6][O:13][P:12](=[O:11])([c:14]1[cH:15][cH:16][cH:17][cH:18][cH:19]1)[c:20]1[cH:21][cH:22][cH:23][cH:24][cH:25]1>>[CH3:1][CH2:2][CH:3]([CH3:4])[C:5]1=[N:6][NH:7][CH2:8][CH2:9][S:10]1,"[['C:5 = N:7'], ['N:6 - H', 'N:6 - O:13']]","[['C:5 = N:6', 'N:6 - N:7', 'N:7 - H']]",[],"[(0, '[#16]1[#6][#6][#7:1]=[#6:2]1', 'C:5 = N:7', 'C', 'DOUBLE', 'N'), (1, '[#7:2]', 'N:6 - H', 'N', 'SINGLE', 'H', '[#7]', '[H]')]","[(0, '[#7]1[#6][#6][#16][#6:1]=[#7:2]1', 'C:5 = N:6', 'C', 'DOUBLE', 'N'), (0, '[#7:2]1[#6][#6][#16][#6]=[#7:1]1', 'N:6 - N:7', 'N', 'SINGLE', 'N'), (0, '[#7:2]1[#6][#6][#16][#6]=[#7]1', 'N:7 - H', 'N', 'SINGLE', 'H', '[#7]1[#6][#6][#16][#6]=[#7]1', '[H]')]","[(0, '[#6]([#16&v2][#6])=[#7]', 'C:5 = N:7', 'C', 'DOUBLE', 'N', '[#6][#16v2][#6]', '[#7]'), (1, '[#8]=[#15]([#8]-[#7])(c)c', 'N:6 - O:13', 'O', 'SINGLE', 'N', '[#8]=[#15]([#8])([c])[c]', '[#7]')]","[(0, '[#6]([#16&v2][#6])=[#7]', 'C:5 = N:6', 'C', 'DOUBLE', 'N', '[#6][#16v2][#6]', '[#7]'), (0, '[#7]-[#7]', 'N:6 - N:7', 'N', 'SINGLE', 'N', '[#7]', '[#7]')]"
c5,CC1=NCCCN1C.NOP(=O)(c1ccccc1)c1ccccc1>>CC1=NNCCCN1C,CC1=NNCCCN1C,[CH3:1][C:2]1=[N:4][CH2:5][CH2:6][CH2:7][N:8]1[CH3:9].[NH2:3][O:12][P:11](=[O:10])([c:13]1[cH:14][cH:15][cH:16][cH:17][cH:18]1)[c:19]1[cH:20][cH:21][cH:22][cH:23][cH:24]1>>[CH3:1][C:2]1=[N:3][NH:4][CH2:5][CH2:6][CH2:7][N:8]1[CH3:9],"[['C:2 = N:4'], ['N:3 - O:12', 'N:3 - H']]","[['C:2 = N:3', 'N:4 - H', 'N:3 - N:4']]",[],"[(0, '[#6]1[#7][#6:1]=[#7:2][#6][#6]1', 'C:2 = N:4', 'C', 'DOUBLE', 'N'), (1, '[#7:2]', 'N:3 - H', 'N', 'SINGLE', 'H', '[#7]', '[H]')]","[(0, '[#7][#7&X2:1]=[#6&X3:2]', 'C:2 = N:3', 'C', 'DOUBLE', 'N'), (0, '[#7:2][#7&X2]=[#6&X3]', 'N:4 - H', 'N', 'SINGLE', 'H', '[#7][#7X2]=[#6X3]', '[H]'), (0, '[#7:1][#7&X2:2]=[#6&X3]', 'N:3 - N:4', 'N', 'SINGLE', 'N')]","[(0, '[#7&X3&H0]([#6]=[#7])([#6])[#6]', 'C:2 = N:4', 'C', 'DOUBLE', 'N', '[#7;X3H0]([#6])([#6])([#6])', '[#7]'), (1, '[#8]=[#15]([#8]-[#7])(c)c', 'N:3 - O:12', 'O', 'SINGLE', 'N', '[#8]=[#15]([#8])([c])[c]', '[#7]')]","[(0, '[#7&X3&H0]([#6]=[#7])([#6])[#6]', 'C:2 = N:3', 'C', 'DOUBLE', 'N', '[#7;X3H0]([#6])([#6])([#6])', '[#7]'), (0, '[#7]-[#7]', 'N:3 - N:4', 'N', 'SINGLE', 'N', '[#7]', '[#7]')]"
c5,NOP(=O)(c1ccccc1)c1ccccc1.c1ccc2n[nH]cc2c1>>Nn1cc2ccccc2n1,Nn1cc2ccccc2n1,[NH2:1][O:13][P:12](=[O:11])([c:14]1[cH:15][cH:16][cH:17][cH:18][cH:19]1)[c:20]1[cH:21][cH:22][cH:23][cH:24][cH:25]1.[nH:2]1[cH:3][c:4]2[cH:5][cH:6][cH:7][cH:8][c:9]2[n:10]1>>[NH2:1][n:2]1[cH:3][c:4]2[cH:5][cH:6][cH:7][cH:8][c:9]2[n:10]1,"[['N:1 - O:13'], ['N:2 - H']]",[['N:1 - N:2']],[],"[(1, 'c12n[n:2]cc1cccc2', 'N:2 - H', 'N', 'SINGLE', 'H', '[c]1([n][n][c]2)[c]2[c][c][c][c]1', '[H]')]","[(0, '[#7;X3&H1&+0,X3&H2&+0,X3&H0&+0:1][#7;X3&H1&+0,X3&H2&+0,X3&H0&+0:2]', 'N:1 - N:2', 'N', 'SINGLE', 'N')]","[(0, '[#8]=[#15]([#8]-[#7])(c)c', 'N:1 - O:13', 'O', 'SINGLE', 'N', '[#8]=[#15]([#8])([c])[c]', '[#7]')]","[(0, '[#6]1[#7]([#7][#6][#6]1)-[#7]', 'N:1 - N:2', 'N', 'SINGLE', 'N', '[#6]1[#7][#7][#6][#6]1', '[#7]')]"
c5,NOP(=O)(c1ccccc1)c1ccccc1.O=CC=P(c1ccccc1)(c1ccccc1)c1ccccc1>>NC(=O)C=P(c1ccccc1)(c1ccccc1)c1ccccc1,NC(=O)C=P(c1ccccc1)(c1ccccc1)c1ccccc1,[NH2:1][O:26][P:25](=[O:24])([c:27]1[cH:28][cH:29][cH:30][cH:31][cH:32]1)[c:33]1[cH:34][cH:35][cH:36][cH:37][cH:38]1.[CH:2](=[O:3])[CH:4]=[P:5]([c:6]1[cH:7][cH:8][cH:9][cH:10][cH:11]1)([c:12]1[cH:13][cH:14][cH:15][cH:16][cH:17]1)[c:18]1[cH:19][cH:20][cH:21][cH:22][cH:23]1>>[NH2:1][C:2](=[O:3])[CH:4]=[P:5]([c:6]1[cH:7][cH:8][cH:9][cH:10][cH:11]1)([c:12]1[cH:13][cH:14][cH:15][cH:16][cH:17]1)[c:18]1[cH:19][cH:20][cH:21][cH:22][cH:23]1,"[['N:1 - O:26'], ['C:2 - H']]",[['C:2 - N:1']],[],"[(1, '[#6&X3&H1:2]=[#8]', 'C:2 - H', 'C', 'SINGLE', 'H', '[#6X3;H1](=[#8])', '[H]')]","[(0, '[#6:1](=[#8])[#7:2]', 'C:2 - N:1', 'C', 'SINGLE', 'N')]","[(0, '[#8]=[#15]([#8]-[#7])(c)c', 'N:1 - O:26', 'O', 'SINGLE', 'N', '[#8]=[#15]([#8])([c])[c]', '[#7]')]","[(0, '[#6](=[#8])-[#7]', 'C:2 - N:1', 'C', 'SINGLE', 'N', '[#6]=[#8]', '[#7]')]"
c5,NC1=NCCS1.NOP(=O)(c1ccccc1)c1ccccc1>>NC1=NNCCS1,NC1=NNCCS1,[NH2:1][C:2]1=[N:4][CH2:5][CH2:6][S:7]1.[NH2:3][O:10][P:9](=[O:8])([c:11]1[cH:12][cH:13][cH:14][cH:15][cH:16]1)[c:17]1[cH:18][cH:19][cH:20][cH:21][cH:22]1>>[NH2:1][C:2]1=[N:3][NH:4][CH2:5][CH2:6][S:7]1,"[['C:2 = N:4'], ['N:3 - O:10', 'N:3 - H']]","[['C:2 = N:3', 'N:4 - H', 'N:3 - N:4']]",[],"[(0, '[#16]1[#6][#6][#7:1]=[#6:2]1', 'C:2 = N:4', 'C', 'DOUBLE', 'N'), (1, '[#7:2]', 'N:3 - H', 'N', 'SINGLE', 'H', '[#7]', '[H]')]","[(0, '[#7]1[#6][#6][#16][#6:1]=[#7:2]1', 'C:2 = N:3', 'C', 'DOUBLE', 'N'), (0, '[#7:2]1[#6][#6][#16][#6]=[#7]1', 'N:4 - H', 'N', 'SINGLE', 'H', '[#7]1[#6][#6][#16][#6]=[#7]1', '[H]'), (0, '[#7:2]1[#6][#6][#16][#6]=[#7:1]1', 'N:3 - N:4', 'N', 'SINGLE', 'N')]","[(0, '[#6]([#16&v2][#6])=[#7]', 'C:2 = N:4', 'C', 'DOUBLE', 'N', '[#6][#16v2][#6]', '[#7]'), (1, '[#8]=[#15]([#8]-[#7])(c)c', 'N:3 - O:10', 'O', 'SINGLE', 'N', '[#8]=[#15]([#8])([c])[c]', '[#7]')]","[(0, '[#6]([#16&v2][#6])=[#7]', 'C:2 = N:3', 'C', 'DOUBLE', 'N', '[#6][#16v2][#6]', '[#7]'), (0, '[#7]-[#7]', 'N:3 - N:4', 'N', 'SINGLE', 'N', '[#7]', '[#7]')]"
c5,NOP(=O)(c1ccccc1)c1ccccc1.c1cncc(N2CCNCC2)c1>>NN1CCN(c2cccnc2)CC1,NN1CCN(c2cccnc2)CC1,[NH2:1][O:16][P:15](=[O:14])([c:17]1[cH:18][cH:19][cH:20][cH:21][cH:22]1)[c:23]1[cH:24][cH:25][cH:26][cH:27][cH:28]1.[NH:2]1[CH2:3][CH2:4][N:5]([c:6]2[cH:7][cH:8][cH:9][n:10][cH:11]2)[CH2:12][CH2:13]1>>[NH2:1][N:2]1[CH2:3][CH2:4][N:5]([c:6]2[cH:7][cH:8][cH:9][n:10][cH:11]2)[CH2:12][CH2:13]1,"[['N:1 - O:16'], ['N:2 - H']]",[['N:1 - N:2']],[],"[(1, '[N:2]1CCNCC1', 'N:2 - H', 'N', 'SINGLE', 'H', '[N]1[C][C][N][C][C]1', '[H]')]","[(0, '[#7;X3&H1&+0,X3&H2&+0,X3&H0&+0:1][#7;X3&H1&+0,X3&H2&+0,X3&H0&+0:2]', 'N:1 - N:2', 'N', 'SINGLE', 'N')]","[(0, '[#8]=[#15]([#8]-[#7])(c)c', 'N:1 - O:16', 'O', 'SINGLE', 'N', '[#8]=[#15]([#8])([c])[c]', '[#7]')]","[(0, 'N1(CCNCC1)-[#7]', 'N:1 - N:2', 'N', 'SINGLE', 'N', '[N]1[C][C][N][C][C]1', '[#7]')]"
c5,CC(C)(C)c1ncc[nH]1.NOP(=O)(c1ccccc1)c1ccccc1>>CC(C)(C)c1n(N)cc[n+]1N,CC(C)(C)c1n(N)cc[n+]1N,[CH3:1][C:2]([CH3:3])([CH3:4])[c:5]1[nH:6][cH:7][cH:8][n:9]1.[NH2:10][O:12][P:13]([c:14]1[cH:15][cH:16][cH:17][cH:18][cH:19]1)([c:20]1[cH:21][cH:22][cH:23][cH:24][cH:25]1)=[O:26].[NH2:11][O:27][P:28]([c:29]1[cH:30][cH:31][cH:32][cH:33][cH:34]1)([c:35]1[cH:36][cH:37][cH:38][cH:39][cH:40]1)=[O:41]>>[CH3:1][C:2]([CH3:3])([CH3:4])[c:5]1[n+:6]([NH2:10])[cH:7][cH:8][n:9]1[NH2:11],"[['N:6 - H'], ['N:10 - O:12'], ['N:11 - O:27']]","[['N:6 - N:10', 'N:9 - N:11']]",[],"[(0, '[#7:2]1[#6][#7][#6][#6]1', 'N:6 - H', 'N', 'SINGLE', 'H', '[#7]1[#6][#7][#6][#6]1', '[H]')]","[(0, '[#7;X3&H1&+0,X3&H2&+0,X3&H0&+0:1][#7;X3&H1&+0,X3&H2&+0,X3&H0&+0:2]', 'N:9 - N:11', 'N', 'SINGLE', 'N')]","[(1, '[#8]=[#15]([#8]-[#7])(c)c', 'N:10 - O:12', 'O', 'SINGLE', 'N', '[#8]=[#15]([#8])([c])[c]', '[#7]'), (2, '[#8]=[#15]([#8]-[#7])(c)c', 'N:11 - O:27', 'O', 'SINGLE', 'N', '[#8]=[#15]([#8])([c])[c]', '[#7]')]","[(0, '[#7]1([#6][#7][#6][#6]1)-[#7]', 'N:6 - N:10', 'N', 'SINGLE', 'N', '[#7]1[#6][#7][#6][#6]1', '[#7]'), (0, '[#7]1([#6][#7][#6][#6]1)-[#7]', 'N:9 - N:11', 'N', 'SINGLE', 'N', '[#7]1[#6][#7][#6][#6]1', '[#7]')]"
c5,NOP(=O)(c1ccccc1)c1ccccc1.c1csc(C2=NCCN2)c1>>NN1CCN=C1c1cccs1,NN1CCN=C1c1cccs1,[NH2:1][O:14][P:13](=[O:12])([c:15]1[cH:16][cH:17][cH:18][cH:19][cH:20]1)[c:21]1[cH:22][cH:23][cH:24][cH:25][cH:26]1.[NH:2]1[CH2:3][CH2:4][N:5]=[C:6]1[c:7]1[cH:8][cH:9][cH:10][s:11]1>>[NH2:1][N:2]1[CH2:3][CH2:4][N:5]=[C:6]1[c:7]1[cH:8][cH:9][cH:10][s:11]1,"[['N:1 - O:14'], ['N:2 - H']]",[['N:1 - N:2']],[],"[(1, '[N:2]1C=NCC1', 'N:2 - H', 'N', 'SINGLE', 'H', '[N]1[C]=[N][C][C]1', '[H]')]","[(0, '[#7;X3&H1&+0,X3&H2&+0,X3&H0&+0:1][#7;X3&H1&+0,X3&H2&+0,X3&H0&+0:2]', 'N:1 - N:2', 'N', 'SINGLE', 'N')]","[(0, '[#8]=[#15]([#8]-[#7])(c)c', 'N:1 - O:14', 'O', 'SINGLE', 'N', '[#8]=[#15]([#8])([c])[c]', '[#7]')]","[(0, 'N1(C=NCC1)-[#7]', 'N:1 - N:2', 'N', 'SINGLE', 'N', '[N]1[C]=[N][C][C]1', '[#7]')]"
